Slope_Angle,Elevation,Soil_Type,Rainfall_72h,Soil_Saturation,Vegetation_Density,Water_Proximity,Landslide_Risk
26.34463428541166,450.19945445268803,1,45.184925476322526,0.3491681014056521,0.5627387684158534,0.30865262556430906,1
27.694353878557628,493.83066135142735,1,34.40698098442705,0.25387560354626737,0.571321182632073,0.799453476684326,1
6.186223434904553,246.2630898748669,3,62.38253837319375,0.8210186586667971,0.5824718494752359,0.8997285421091429,1
15.183053249150467,342.28077832560734,1,52.46820404012545,0.12725046215285127,0.36756957309387417,0.4280912389218926,1
30.61799500717538,478.52057230922856,2,145.70809708753984,0.22720070094243275,0.7940429881058465,0.4524724419282745,1
35.37229189958184,1271.8713465645303,1,24.1749667152009,0.5825384837097127,0.716492999961483,0.46566609200317244,1
20.31163703987169,425.3390699521963,1,23.869620201056765,0.7573952862775879,0.43298637871668355,0.8081386696843511,1
37.89398973363184,130.68770482810788,2,0.39699951085634505,0.31525331991089484,0.1428680062417782,0.3702851776380668,1
31.650140896557318,56.01975888700348,1,624.8179433522938,0.34266191453790273,0.1739695560968232,0.9038983803616337,1
15.97742014379189,655.8416442027545,1,1075.3523462321655,0.8579333358788522,0.30088338243787327,0.17885214929712223,1
27.292524296439012,1028.5931228789668,2,7.039533455436838,0.5150481602554582,0.5607127395254485,0.06332710998373892,1
21.754662631531875,217.77684350788527,1,7.509125403059279,0.8037702017276902,0.3351881007084806,0.05609120928053413,1
15.63532504219678,956.3508703848242,3,13.352442059876498,0.7898722858896402,0.6385099369355474,0.8422932828119877,0
33.65349141392877,721.9437880756897,2,88.72300876531995,0.6300182095719521,0.42706515977905857,0.2896681485492427,1
42.24360299453647,1000.966127378513,1,37.39204453551654,0.2942933302778713,0.35532205681946427,0.09273625283678455,1
17.67153987288709,1105.8069318473595,1,5.44517301170639,0.7389112869619745,0.8100226403277646,0.4011752101034629,1
10.597479268370092,1022.6333106269183,2,103.97309213092208,0.7280916754221881,0.34628360012331144,0.1516119693350486,1
28.4911939217073,335.35642089711536,1,16.074463611844166,0.22994941097290475,0.8165724884420849,0.5260330250404541,1
31.870308341326332,1393.422287468674,2,25.954323386240905,0.8737939362870115,0.8161115850119349,0.7059059999180652,1
19.268237737279485,247.48297515341218,2,58.15380411011088,0.5558723349158013,0.6803728088099896,0.44310612070188116,1
30.61880543889377,424.2256645631961,1,167.50052202217924,0.6501722462515083,0.15138485528283382,0.8301502677669336,1
26.38207507609725,1558.794089246502,2,5.9810587426412605,0.658992907207113,0.4488921232213564,0.45995090773309666,1
8.07237377114578,395.859047043148,2,13.559718073187994,0.6436085092690979,0.487316812787275,0.23539667830297928,1
13.612356713055629,841.5500200064273,3,103.10031503852159,0.5271509837624848,0.19806368387949969,0.4135241865720253,0
15.851946906590555,388.80772201770924,2,165.97323152631972,0.27135494675593314,0.5537297035018465,0.9845341304224382,1
45.66444548510062,1264.6689807081275,1,154.4670341664633,0.8030786795051825,0.5186287643747826,0.14928700579066234,1
26.45324730812071,659.5610901260968,1,238.54881208290374,0.7007788311873324,0.6612965932801746,0.476750207382739,1
27.89073566041169,190.63359779810563,2,39.512293265194245,0.6625425205753117,0.8027915435265255,0.5372700001411257,1
32.04463400415417,1312.0306286136697,2,0.15230384375326103,0.46581879188690156,0.7902065086386136,0.5908548294487163,1
26.988824018037054,103.7819585088921,2,47.367356786032566,0.6532843847074061,0.8603456607948142,0.6030228684077876,1
38.86914107921592,1049.8403503359505,2,31.11759655278121,0.5308931278455594,0.827843748843659,0.5622594207330549,1
34.420727005778275,1410.4526142175673,2,76.83616198266985,0.16611314029681548,0.634488721468356,0.755497104059244,0
23.272925996798303,653.5106310550959,2,106.29585045339657,0.7790955720994591,0.8152376251996547,0.7138336546081995,1
21.911401524118418,910.7778691963792,1,50.903917473585786,0.28437666441881676,0.6262094149825839,0.4254582788525051,1
41.27405368163247,123.26457878578975,3,456.28708102015503,0.7076121261953044,0.41385810368625775,0.7710271102397686,1
21.490482560603436,1241.5079994895284,3,129.42366550280087,0.7569390312054364,0.507669587949237,0.9062796849908523,1
36.62000982713934,164.32702494564717,1,102.16377457958708,0.3395869450168674,0.569231582192836,0.3013878185461649,1
35.23546333433309,1270.6176734209166,1,455.57247992913426,0.5864078568617462,0.11548621550734257,0.409753962521451,1
26.894032568373177,619.8642465638675,3,32.09048770281334,0.05036164655423791,0.8031073201589074,0.917339376980801,0
39.37275233139414,128.6946822197243,2,16.1890614703091,0.4934657773955614,0.8337677424310763,0.46679608569236275,1
11.426498536480059,492.8593499568917,1,66.87837706684932,0.9010875082181903,0.6196860861773639,0.7431667077241336,1
11.756999226335234,272.1372558132981,1,50.139766091746864,0.329645040032832,0.8204240503571,0.6793334194870085,1
31.07212369693093,1090.4793648857064,3,402.17158959379407,0.9197224748317284,0.8981180525868555,0.19226761538761927,1
37.74625309281012,579.3289880069573,1,107.55684839213781,0.6577473885128828,0.4086037392831966,0.1455280951307215,1
14.644078817296302,117.38387293887982,1,2.194678234328388,0.39667327961859006,0.41241543059702435,0.5321705049598199,1
19.244986368961282,1377.2700669963365,1,4.632379164246811,0.8814575439131819,0.6327108003281323,0.9787899406532687,1
30.268442495667035,1244.0898876542335,2,2.2378121437884424,0.28307783431551514,0.7570485922700455,0.7394957265065523,1
14.860127815167298,1271.3551911994307,1,43.5779876581288,0.42472761932464465,0.12721531965321173,0.3679227726670814,1
31.06826326523835,788.6328906266898,1,32.7624760028779,0.41389466365289523,0.8864692961889109,0.20376439000315838,1
25.60042457937951,222.68095908095947,2,161.3562816047908,0.28971594170396286,0.632371480556879,0.8228555121405614,1
30.491449444608627,324.72129811024934,1,270.90094894452153,0.44831945896448683,0.8972281292376368,0.7128494228762265,1
26.475663740234257,790.5006351442933,2,114.48223357694928,0.7245633901209501,0.5581348184240768,0.33715405938846,1
7.637090893750666,600.3010223516463,1,1.8626487295206,0.4948002562673291,0.49140292108589145,0.08773321621869234,0
17.34850988144682,74.74959765880968,3,280.7179744915222,0.6695872107236404,0.3324653044182987,0.6786210308887224,1
27.804237748059368,198.57366177819247,1,114.65146426878867,0.647604232156669,0.6896767472520394,0.30033524519628485,1
12.72253273570483,645.7711092538802,1,111.32351788176736,0.5508029901973741,0.7991915097573336,0.9420784043812315,1
25.92598818460477,495.3763901413269,2,37.156783821905535,0.46614150334116006,0.4645303971763425,0.028901160069925824,1
13.61928264410267,447.92679361270456,3,98.37692603791703,0.35812303585281957,0.5772467189410413,0.9470415642753169,1
8.424635960323377,1285.1772621997156,2,506.4042547208785,0.35345349856108566,0.7420261979297965,0.8539373810873716,1
15.479153203214569,346.7914212959284,2,19.2332701419135,0.4716587415403088,0.6928890673283165,0.23150227256899913,0
24.38324770725034,944.8842501443106,2,34.279978897687506,0.43139890581177703,0.5850427314561224,0.42077829204438144,1
37.15951254059714,1294.4408740262832,3,32.836110958361616,0.5656375063465264,0.17360712179242477,0.9828456023724488,1
41.02100034573623,805.6937758999991,3,83.42600625556173,0.05618522721337854,0.8141730773291782,0.41942598334023595,1
25.350680625284625,870.4738701836494,3,84.55300768159562,0.49125242824115384,0.624651474074167,0.17357347349746233,1
24.89466601569437,1075.2791807219705,2,24.393454101721222,0.4898445447319671,0.40217380382443224,0.23737501625380708,1
29.339814303621274,277.92104990132475,2,162.7993164933538,0.8544562477878221,0.14580343146846558,0.6720421622023767,1
20.887152683217735,647.6567437024507,1,9.877677440218145,0.6220955950252124,0.6723670973369084,0.0307380486064337,1
12.570797788112893,970.6285930208459,2,292.949237931406,0.33209943529677477,0.7309269671248061,0.8217580135164307,1
8.287324004521668,350.8108540765269,1,121.00543337966424,0.7400018167712185,0.5231176042305775,0.00014416107272030576,1
29.3493245887746,1156.1856635803956,3,91.7418794303292,0.19452368838780554,0.19632245938683335,0.17137850365647034,1
34.57521914945044,182.99185367655792,1,63.6699755024802,0.7125475047309154,0.11383378418519233,0.0019363135688157396,1
30.208148031199514,541.9440989169154,1,101.68599722690209,0.900514706142499,0.10289030022492139,0.6853595232663834,1
29.716045158044025,323.70689217230074,3,23.595120866344235,0.7955891348751891,0.3775516306591843,0.29853335314072527,1
23.887667532579197,584.9419214154801,2,235.54126189144262,0.6309123753707654,0.6712560272348965,0.5061625873084332,1
29.843225031728373,832.4732856630691,2,133.23942681855596,0.7752916497666451,0.36885920208435974,0.8696600822454268,1
16.7664264072307,1018.5261281130004,1,171.45750660625706,0.1848933311980364,0.4599682618906601,0.8678209559187715,1
29.931451029827567,82.737619981864,2,80.72446604329767,0.12118215595978767,0.6036328084178963,0.3279827425358002,1
26.679839728230217,1450.0572885833326,3,75.43289018068607,0.406841398101731,0.6013220528784193,0.37460833765057255,1
32.462289584899345,759.6183051456577,1,116.43601713003916,0.66829237232843,0.2278281773505902,0.32750390382309,1
11.225382589839988,813.7774436020973,1,59.834962106781894,0.6001202941898429,0.6242468582635149,0.8536368275585379,1
33.61740551835756,72.19621025870461,2,31.944697856116747,0.23809787225961396,0.1369771093044828,0.723884780453212,1
30.672344534635425,1383.7814987294873,1,116.31992372817284,0.2972246870235952,0.1352866563829676,0.29416586793618715,1
30.89080237555768,1043.6412732649703,1,93.01157211887109,0.07295031551064708,0.7106817250758517,0.8408566320462258,1
25.84160603248222,1419.1103011762013,1,18.34624595281453,0.5469590111146929,0.6186986539299337,0.7729091058854545,1
43.13653230223253,736.7923745076768,3,87.39667628436845,0.08392928434159821,0.39366306501894865,0.6412699249284207,1
16.539078634810476,517.7835486770234,1,1.750637927193156,0.17559987120687498,0.5707880255846484,0.47219573370912793,1
20.04703046771214,1293.1535630501821,1,336.42779681435763,0.5980019569879833,0.43648433070936266,0.5590824296312588,1
17.491984447609013,128.59794535855573,1,178.32835346082334,0.42447611959333975,0.6581647022291924,0.053385203307465545,1
8.04605381749753,1497.7279102095774,2,297.6316378533225,0.49654441143156397,0.5745101923984094,0.7021803959995263,1
38.398567979437,637.3342520977236,1,32.50378666876674,0.24215837233475157,0.3089869964663706,0.48437675832343363,1
10.37589302074932,1574.500488888146,1,39.58920617142085,0.9679378937004848,0.21089911800313432,0.9718776003616815,1
28.581648394229084,357.76542089727707,2,77.64134534369663,0.766522451165811,0.17589447457703697,0.45509888437724644,1
29.174826308537092,802.0635699900084,2,23.472062395170624,0.8133901458154237,0.569299733288576,0.6014204075999426,1
22.537833890344587,611.7164973181818,1,47.742476916340976,0.8967241426084559,0.6871054649192991,0.772746838092697,1
4.21852093749894,489.70522511293206,2,1.1387403051776672,0.38751448646699727,0.8043482496682383,0.932375898794168,1
35.6927109149451,841.2931892391009,1,59.48333151325891,0.9084638785451633,0.3469498910947656,0.5019305950830543,1
22.745468355431267,689.007835407988,2,290.5875524777781,0.43154785077614344,0.8622416339414668,0.07314221555920652,1
27.22937560397998,1560.6361693605527,1,31.455212196798787,0.6172979308628175,0.7304379534790701,0.0066120295145803976,1
31.33016540157068,731.5536386291272,3,70.71771490199636,0.7611253088275218,0.8248840151042626,0.20579084426505034,1
30.344057563819153,418.80870248514236,1,62.74252958314138,0.31146680041791447,0.17427995282106537,0.30483360828016337,1
30.87639285026509,418.88078257406573,2,109.02623292899126,0.47280095477434747,0.5434033640570083,0.7268326697706708,1
21.453715202885693,1530.5672279959817,2,0.879814938423689,0.24714830823739026,0.26761757521324225,0.0534142868447699,1
23.542576697881916,316.1860515139091,1,15.112493738533075,0.3099312720054481,0.30194024385684237,0.9109138607967849,1
17.952132399407628,1471.5138371270991,3,428.49489761758633,0.6640939549782495,0.7371184127889369,0.5415990755527332,1
42.530314190350595,1544.983615866907,2,12.274986944606871,0.1494787320108196,0.12525548804593437,0.858955942803421,1
19.693161712493026,1116.2748936074317,2,5.888006702602833,0.652265681901201,0.7156364198285273,0.2646187247323992,1
14.070778495193688,1470.945243736192,1,348.3492047915514,0.2669516338997838,0.5808657091419431,0.8924909819432816,1
13.184595221802546,326.30787307417705,2,532.2635490447718,0.6402542226814445,0.8367833539402136,0.6685305525423758,1
40.67154917071412,482.23494428281475,1,3.140425776236576,0.5683184373970135,0.6263521248510066,0.7080539481134797,1
21.7331003657042,175.7263696979448,3,14.188161017174432,0.5496717562740042,0.8689202723880064,0.9747436822127278,1
32.00702993941731,1276.5706357136996,1,145.74437698393476,0.2860116092600803,0.8248693642856185,0.8083431789488237,1
38.90791254410957,368.0028578948377,2,21.3580198773994,0.6237453744313635,0.12502196376003366,0.3417290773483904,1
31.05739082801955,779.5748299015795,1,3.217703551890485,0.14737782345263117,0.26135279084419427,0.2047113036914755,1
22.85139010284033,611.97623765385,3,176.4750960718626,0.34775817905207623,0.8841227794295624,0.598115849979242,1
40.55479465046069,1543.4669867823823,1,14.09008158038439,0.7080604538688137,0.4144477477349382,0.8271207754006988,1
32.09502210052287,241.708259496234,2,86.0820500027734,0.092026743609882,0.8030011592646987,0.031481245357012355,1
17.902405912741422,1210.1452167841894,2,74.75581583368515,0.31666605557852806,0.4242204863721447,0.4433474887068277,1
34.99318559905559,1356.6159873892307,2,7.935484588236276,0.28514708979846976,0.1249460013125665,0.2759708718722236,1
32.84047848297915,123.61663779329479,1,2.7022183865080622,0.9017182601406083,0.49923199353104797,0.23559558372937994,1
23.032346721643545,705.3752968867484,1,73.40555989713252,0.26281301911619215,0.21350236401680284,0.7869963521840223,1
16.402821734373052,137.98398976996407,2,53.854132644767716,0.8673006316011739,0.6896338279020322,0.3166015075363836,1
31.38953987188502,1558.7009570217588,1,27.47616986103597,0.08369011599969779,0.274206762074349,0.9915195697767705,1
35.81380047294992,168.85310335239598,1,278.47410894173294,0.4798436131969548,0.6460938695766438,0.8678216756888318,1
22.25895215838551,372.6087576208285,2,13.664622877273814,0.1649100578463706,0.572165620778751,0.6665409079747036,1
24.234299658687696,334.54298076166623,2,13.018493902206265,0.4594899954324741,0.5052615738426771,0.5957373020170944,1
21.89217350511215,725.0253943199409,1,39.19391684973166,0.5688860731957016,0.8668453218567408,0.9465679977274812,1
17.950127430993795,1050.4264688189573,2,91.44666060251244,0.5168654872640145,0.37794239527878737,0.17173473667231665,1
29.75837221084823,1405.8993113963597,1,120.55587483056067,0.4322097297020528,0.7237595397934086,0.8475588169347731,1
22.907428617178915,1084.7567075440086,2,402.6868508377745,0.1676313056134312,0.2988946007137823,0.26887634037307506,1
29.874650270444057,226.44900928032007,1,300.80450952650483,0.4560034292020201,0.7203357029079398,0.4666737052096722,1
22.06570617927611,708.4311980887529,2,4.806380031955715,0.46521817617772293,0.5957785493852156,0.3325787489080173,1
21.889237234179042,631.0756937470679,2,129.3750779040297,0.3003393094450464,0.24477509757861393,0.17420071708969875,1
16.19932563539077,1098.4866726557075,1,85.88680874208745,0.7043138164038051,0.22353325784945943,0.12704101449317917,1
44.51004878402834,1052.5893257991922,1,112.77921656330037,0.8924128482514397,0.7717144264554758,0.21550792029938215,1
5.59665809065971,444.4531314656303,2,78.7259829852229,0.508521636923743,0.3741228233324744,0.30819119822319774,1
27.140746475194355,349.9312928341903,2,218.43994008820542,0.5654986738387404,0.3159288054427739,0.027138544537523956,1
27.4565148930067,527.3717875146742,1,426.751926745628,0.13708592166077327,0.17880294161655552,0.32883325108886186,1
10.023487427615295,259.59861054651554,2,30.236959487589395,0.8516069995025335,0.12033508660161943,0.6447236022562611,1
37.83044586120761,120.86618168056121,1,124.59538748323118,0.7858791281294457,0.8721231428284117,0.8731644805058264,1
12.19332576075271,1183.7301701483123,2,91.31449135556292,0.4731055153402001,0.19105233031978985,0.5139037508152254,1
29.04591107416415,1353.1618739328308,2,352.4460184670019,0.6158993327962792,0.6652393033310012,0.025384848261463033,1
11.642245800811322,285.09628641557623,2,100.82525516719593,0.2212828736896977,0.8345044883266685,0.3024124455901248,1
31.339228036716666,674.1437841529624,2,182.71193128739094,0.26770358055826515,0.45123825623813596,0.8404071287211349,1
37.32649658835437,1388.3743312755369,2,12.981297395706733,0.0896857094931127,0.2889864469072463,0.6575847907643991,1
30.896736116391324,301.111487446379,1,109.39063754120902,0.7398974639652491,0.7677853662259043,0.9535513505929452,1
18.913913066171546,872.7802800373476,3,208.27921043477437,0.7951079653915705,0.5200190590333369,0.47936633445507737,1
38.70297079041842,934.4070186207834,2,234.31665098208873,0.887571695487657,0.44525510933818924,0.26017543340937466,1
27.91069829218017,697.749617687062,1,13.72876561807433,0.5316911041157685,0.8014671464720438,0.05783462206817935,1
21.98679573773458,425.3013298092295,1,34.04094128434043,0.48238372094470755,0.8870068979750844,0.4139946943629452,1
36.105836230374145,1280.7773791924283,1,189.35832867603094,0.657715259005189,0.45188977700013344,0.1272781719786782,1
18.189691084185238,240.6045939066581,1,34.971626749579755,0.1985477005608141,0.8618402954480181,0.5677203533802399,1
33.481954032003436,344.48262478134916,3,72.04061625832567,0.8086267033261202,0.27281281474092767,0.18512880247766528,1
7.82080460034451,741.4558161846323,1,46.130587073818944,0.5921877863868964,0.29050453281325417,0.6277906096435079,1
37.49474136462055,1053.2031074405709,2,11.994931399778869,0.3996022269347862,0.42157002561721146,0.12305434400458004,1
19.274597808348872,430.6119379133075,3,454.463347032845,0.37579834301915793,0.6556217587204648,0.4297725253877406,1
27.9421258178154,1375.8170323764916,2,132.87450983257457,0.5365282122850161,0.2752284272693438,0.22227068579717235,0
38.73910221281075,1413.12917273547,1,19.826748220138054,0.5562717979006545,0.5853171432124218,0.63254358753306,1
45.3330550437947,1337.312878496309,1,90.9399844524913,0.7247548056200237,0.26058469799648165,0.44685128783311845,1
9.144895257943974,1023.3618094685863,1,71.04369275863729,0.6634624606139337,0.6128206703142226,0.9270263934661227,1
39.71399855755118,911.8757400317304,1,60.517686781249246,0.7485656392206522,0.7820121776006572,0.5454802436238994,1
26.36406369927521,518.5185256910626,1,177.28509461019627,0.4324400870155946,0.6096981090481057,0.055585178574726335,1
40.758922902341205,926.871619529664,1,40.89915232674542,0.6772952977982881,0.8049647086748043,0.011333700841493766,1
27.112273554952246,1169.9875805078607,1,130.02764795050723,0.16580549961757735,0.34421059974250073,0.5831805746372718,1
18.842325507136948,275.37020587914145,1,43.94896931273664,0.11275314840838244,0.6420769704945939,0.28211658953270125,1
29.596873677813242,625.3506585633015,1,70.64914102726463,0.6551589827006097,0.3129640944759522,0.4343084986661352,1
24.944986927636574,1403.0492583433581,2,193.41553841164855,0.8786963360380545,0.7838127576806996,0.5401386631059898,1
29.17891783090388,532.068629759367,1,239.50836302260396,0.2632735431530144,0.16470504184124596,0.7445859629642984,1
26.21262265842142,680.7469204183976,1,4.653446157610405,0.522621647464311,0.16325468304361967,0.6093803187240747,1
17.288143641124478,947.3708636795421,1,49.94929396151472,0.15577743682912912,0.3676527433748292,0.9618303165697073,1
32.03489972671685,726.5358699377609,2,57.70089861981219,0.5833089598814748,0.4974015138144011,0.8262944460826618,1
34.131867881906274,302.49770873262185,2,148.66965192667385,0.4677557667790711,0.3753716010920065,0.8624338411095919,1
37.11683834509725,422.5396878154611,2,165.1803356646227,0.7686652958148005,0.7071782837250667,0.6257491589828098,1
20.167458679673224,1309.066782378832,1,29.83151670175839,0.22024421459501642,0.8119583667058465,0.015188687208403495,1
28.632522065716028,502.85316142776503,2,111.10089124902747,0.3192839016263422,0.24718201144738955,0.6870926527188178,1
10.688379500033209,1141.2078957354652,1,205.1315906284102,0.5016146339113233,0.7123437608832177,0.6710724112028235,1
20.711711619564216,576.9972371425744,1,16.12546481184694,0.4890157615456636,0.891619608266205,0.8724385028213782,1
34.69132795486308,856.7047975149757,1,5.430149302565083,0.45638593019009893,0.6787888293433018,0.9764643748863794,1
36.93248736384205,968.29522057417,1,41.5583349270044,0.3745440594250524,0.6495528616006305,0.6751009281528262,1
37.75691697070976,753.003005836863,1,162.7615362338449,0.35094632269922915,0.28007085274282106,0.7023226890211088,1
30.746406350917045,673.7781810774051,2,25.34271070411257,0.42215717856662494,0.4466980127127127,0.9813305459052083,1
39.01791354089766,1344.6241460608135,3,284.35883357257046,0.5364521434318847,0.713869461609337,0.24550512384336065,1
23.39381213467539,885.7447780937458,1,146.30350101137307,0.5969986726028669,0.2971338907525414,0.09967787086010704,1
14.783376722751626,1210.653842842305,1,8.784578078269742,0.13179307100509455,0.3470107375805481,0.06328394358315603,1
15.729540467127348,239.59177491606513,1,150.08626605424502,0.7897987261230247,0.45056125989656914,0.45075803063742004,1
17.342102140470384,497.6502398162638,1,11.004052091587145,0.472939957584363,0.5973208378918351,0.6300669310521748,1
1.2639464593329957,1113.2558889655952,1,22.98233393082963,0.7209004307223876,0.6797034705003575,0.6690236405101178,1
17.458367331172877,730.2788069065564,1,313.8176219857153,0.6254431825925284,0.5891926033910666,0.34990926697448765,1
39.85999017478133,71.84551960069535,1,53.68975183991611,0.7152581486920634,0.5448765295757937,0.4920839474876384,1
32.15632020626917,736.2901116777049,3,78.06553284579684,0.6167644769218444,0.5016135150124433,0.05510114964746671,1
39.0993322093406,726.4726889986873,2,132.6017170156739,0.28965974922949234,0.26958943849067196,0.5128635035418997,1
28.489952399675335,1162.0859222992722,2,622.8248675789143,0.48732201999730657,0.4169944825893027,0.6131790707260666,1
24.713151627155767,911.2687576494112,2,74.21138124103038,0.33936567169288895,0.24045370499217952,0.943197645170762,1
20.52597461677441,547.9172777466508,1,150.53550996564493,0.8176630595393644,0.6715930752689138,0.7484765913550558,1
22.628292691547944,1342.346942159825,2,103.14609682464588,0.06100975827864846,0.3797877900572335,0.9052324360881274,0
29.48242811450014,885.873611637925,1,126.4872065546311,0.2715928677478232,0.19756978114888535,0.09333831544547289,1
34.37176492974881,1564.8917696603062,2,117.24676903985032,0.11083282917842915,0.4863226692325625,0.0993434097316056,1
13.244971257882717,1236.140935257211,2,30.84586596780603,0.45649310670104737,0.755314648863879,0.9470660723187412,1
31.91716821512224,1354.5656547865565,2,557.5209626303116,0.3970727384036232,0.2510477571466001,0.6462648041625138,1
2.703484194495528,648.6143150073647,1,308.78397702908654,0.7554527936005992,0.40011116460013285,0.15087719045969472,1
29.687022918261295,695.7426266608966,2,260.36826799151277,0.687365416268694,0.4932016953481244,0.514177844088569,1
24.675843811831424,1276.2700498433003,2,49.70861213888186,0.5110118150193764,0.4112349612821852,0.7787742107751298,0
16.421546183530207,1140.9455848624598,1,188.29730040379357,0.6828260986225113,0.2190387549834097,0.48098216153915196,1
29.18202503712197,51.782796179090305,1,58.401567212268496,0.6908603501220577,0.24435083160359572,0.08461106031504906,1
4.889933681204711,64.72458300519177,2,248.78713172145262,0.6554566266282248,0.5797910344345584,0.8825952504165078,1
35.550447366389804,1413.9923818564273,1,57.99236535799383,0.61417221957358,0.7856151769424429,0.9227654602539412,1
26.57694194254974,1429.658175139929,1,69.40189296060107,0.6753755594681505,0.45201079133390965,0.12323809380078998,1
22.328021549063244,535.0087439166828,3,69.24152959067206,0.3469758302725488,0.8446842056611409,0.7479093776670321,1
23.920856230007562,170.4957892288927,1,64.53272139225672,0.40045935499680535,0.5615586936062267,0.013059168656689879,1
18.875596667668198,1235.4510341996067,1,71.75229445784066,0.19334962419436197,0.6852635237007656,0.07916436038868646,1
24.494322571869436,1391.6570529729845,3,13.541051763401407,0.3224972994189596,0.1619173386226181,0.6004250390931489,0
43.9192043197464,1093.12608722307,1,134.61678680680825,0.22220304527414428,0.358915870663842,0.04952546368766575,1
32.57184464978481,259.89941619873713,3,151.53262993024916,0.5460062707867525,0.24217005067896588,0.7525422072375787,1
26.459871597063255,228.88172482616253,2,884.637208451686,0.8036760907606014,0.29165025301100267,0.6820551993961129,1
24.928741809283792,708.3474378223971,2,132.64016903681346,0.3526234908822454,0.7505675277170182,0.9753518320699798,0
9.521649453545917,1271.7243683516078,3,266.04390620485975,0.5384188893561159,0.8501138752822495,0.7254578734993498,1
28.971762844359894,224.60167938937525,1,39.752641273751024,0.2470051007749462,0.7073842795483459,0.7595879382434271,1
31.593741069805887,1263.248146982167,2,357.0765577057564,0.499301590612559,0.7094672136813275,0.9525093349088284,1
24.61278350091477,1184.8860318779052,1,116.53504667353482,0.1856806628067643,0.6961681879209404,0.39673853832394723,1
30.604204042144776,768.8992161238259,1,122.2038724514839,0.7099428950223626,0.2891185002344622,0.23618080413873566,1
31.977159239446795,183.59875056477415,3,81.87156540483403,0.5135718096442121,0.6262953272271483,0.1536434028070901,1
14.189349341075744,1244.2566328214632,3,209.84217740551057,0.3180331015548181,0.7755591674233168,0.08867799803223053,1
28.62567909526469,481.1878275027339,3,105.40737205844201,0.3856058161485911,0.5904099102757029,0.16302977621872505,1
36.51730556574668,216.0324302290909,3,184.4758684553827,0.450427654317234,0.6937469415242319,0.45277694187671147,1
3.95197923147498,200.67554330801858,1,108.24069613939464,0.5764085707030832,0.8608127998751846,0.9937141490200644,1
34.14063673811121,940.3844192176756,3,253.0841527880199,0.6798384674013341,0.8240373810149623,0.039458583869070196,1
41.317989352146185,1547.6919368326865,1,214.45088756443073,0.5272769369055972,0.4826819157766702,0.47410668302181724,1
11.889585009736196,1400.0686404042583,1,110.69678113671586,0.5855377079237822,0.1042467374990384,0.37563491034839247,1
24.528346455493004,1448.748712349857,1,305.2562778090096,0.21724988690284133,0.34793356573299805,0.2566471730233897,1
24.25629189087705,1088.9184172637754,2,5.357848164356295,0.24466880403954352,0.15274672487104557,0.9382715130459284,1
28.91776089486233,606.8283770757678,1,25.656474203032737,0.667189206976078,0.334598306232693,0.9486401080228983,1
22.274811964560076,402.4067539226075,3,303.8333730399011,0.40421342566731466,0.13815676244143182,0.573680801934753,1
23.05034465380603,432.2187569385997,2,5.617672205212724,0.4963253710502693,0.2946439773918902,0.5991999238513193,1
20.364672997254633,1507.0975747768762,2,123.56467784807211,0.4777202829299245,0.25979124477287274,0.12843034918510843,1
28.211087903237097,899.8203229988602,1,207.18972278836597,0.5136688951688491,0.485408043953936,0.1338002510801085,1
15.759569252209797,209.13476236093328,2,304.14067015242375,0.3950689264470489,0.7978300588967312,0.8138396204146884,1
42.409564356269534,1086.7825029618984,1,87.64231209740079,0.6999574566024828,0.5270719213960017,0.8158273649177386,1
37.24470114757503,1069.7659352103126,1,259.72059186539764,0.2060928558377652,0.10728145141656152,0.7020907303345267,1
12.67417935019757,180.27372663963695,2,109.8058646956965,0.7336172725243926,0.6220525843677684,0.0699149229891759,0
30.751348922560243,1586.3908601525468,1,22.918625187995396,0.7274430348964664,0.20018129717145464,0.40088073234611943,1
38.40019132134141,676.0821430495415,2,266.8386911813459,0.735258700779845,0.702723967078534,0.11009730755558167,1
28.50548476059334,678.6170390367413,1,41.8613533840771,0.2933821763673495,0.5202661043525038,0.3933319260855799,1
25.699261350387925,1567.9567531602897,2,5.3118416447242085,0.5185302412293328,0.6418827877028417,0.38777538126557887,1
33.90837750381476,411.422479271283,2,70.85238299762783,0.29233562263782154,0.45787661008057634,0.08780741203007003,1
15.424699701777218,402.0283813654347,1,162.1205749740763,0.7120529383083055,0.5127342014571022,0.38299746560283643,1
21.440329943111447,1146.9085336297196,2,92.5063843441603,0.4909970057485929,0.2508973387903386,0.061760076484801085,1
18.531980312427038,553.3751861098626,3,35.22337454930007,0.21887921500490345,0.34838086173509597,0.07030534605522554,0
17.683888093723446,426.75813556027055,3,160.53197294338676,0.35417215417522785,0.7309897390253651,0.23515595003059064,1
32.8564285717544,100.72177488833594,1,51.139319069638915,0.5648321841962108,0.48432589531313186,0.8915913884737512,1
40.631985920844414,1056.0705779720163,1,192.55084527556278,0.4477473110552985,0.4346584629403909,0.07480959888676064,1
25.341476358717394,366.8874249506191,1,6.677843575626217,0.15746523759439582,0.36648075465828256,0.5477404708795326,1
6.438469257643089,455.68829889224105,1,23.012736629774516,0.1961624543120234,0.3684608321181507,0.8118037840807718,1
28.21199160848268,741.3125714541804,1,146.8152676725613,0.43078586751585235,0.10255434473137148,0.029054496923462514,1
21.27494263803807,1447.804893484339,2,101.20550530745014,0.4754274190743196,0.2942620143626573,0.08991857176856033,1
26.030092153904405,128.78430212092746,3,20.072851459364454,0.07666264057292542,0.6407542668752152,0.403251515944701,0
5.649303830327609,531.7771210610254,2,89.18564467677837,0.7601075117626978,0.13110742198185257,0.138293222118964,1
20.465563348409884,1189.295812838257,2,9.256004403451007,0.26199358174502285,0.5240015674783148,0.7307991712936087,1
36.30616546507629,52.52491045832,1,110.56760998148482,0.5471518537788129,0.3670759248783718,0.05361695551134171,1
23.358209137406227,1397.7446267931791,2,68.46529157457257,0.541196218824378,0.42838003350730214,0.6510917498784508,1
27.82076295116258,538.4800208289697,1,222.35748790659724,0.2948694508771578,0.5636926631568272,0.3798706858749479,1
30.78113765593957,1495.1868406657106,1,162.60599272796884,0.3934005152831679,0.32765883755529823,0.46807529480325494,1
36.56744607803733,364.2330058196218,2,68.21062983016857,0.28031955558466704,0.32781754757247794,0.5785041395039482,1
35.3577259470394,1137.9844496389767,2,165.10729160861922,0.7795123444371286,0.7940143901349797,0.9265391202912392,1
33.07693837762332,1265.710998098474,3,268.6501722544895,0.4645848073878603,0.5649162752421899,0.6435866415407008,1
19.628674873259623,911.8417053755386,1,213.62809585063255,0.8350894873873993,0.2402085437713117,0.14228845794416078,1
20.27382635689545,1068.722978855446,3,91.43250649787882,0.3414927718413107,0.7542410990594891,0.8994609469261684,0
35.0720381623964,755.0719486151131,1,108.77346292409906,0.3666435888806514,0.2091226092571078,0.11248013541039636,1
27.69616226954389,677.337767511678,2,12.69916852996335,0.6792723933061944,0.6771200158253282,0.7224277345815253,1
18.261630586543973,859.0824725687734,2,43.068948983659524,0.12606741700779642,0.6289730700532961,0.15123959747813132,1
4.106353049814394,1116.181540677796,2,81.34006504841217,0.31638872734263573,0.5456084889655143,0.04489775747676883,0
21.1519704313029,73.54414887095126,1,276.0038411951636,0.5001331710012512,0.30280903819909777,0.10361333728986477,1
22.97911840344983,378.8455985405262,1,523.9506311683141,0.7048385114354913,0.6969078696562654,0.19508030909345453,1
34.18874066668237,1330.181771705657,3,276.88504664396936,0.8747990317254288,0.8609755135429761,0.9539870257120454,1
37.98697332081982,169.22560940738208,1,25.28451020152426,0.14947975218512427,0.42582576573663466,0.799705776067368,1
32.67084648861068,121.58480497809688,2,103.05568056988434,0.06812693286159954,0.8759803647462098,0.7151060348828836,1
30.175035837694715,1187.3578516147975,2,56.54726819303589,0.32612695559193533,0.4675610346764054,0.1475564273787705,1
35.0485076423396,1065.9227096942484,2,123.97129071999933,0.6832073396236832,0.6851627890055254,0.2961271162659018,1
9.17547429282917,333.7333255511928,2,77.19097790540911,0.4598770713076456,0.6889261917643673,0.0906066767903827,1
33.4878136740862,1013.3573529747856,1,27.475988904002783,0.5742615376984066,0.5664353412551298,0.8374242353374578,1
9.499153370891136,1238.2772090362246,1,338.3058181616518,0.7971741690619507,0.8769378493609357,0.6821407828501113,1
13.33224777516833,653.2183030249956,2,52.32536279254508,0.37616867293608536,0.5335090571245982,0.27217501556962787,1
31.814155343069956,1107.9447758190336,1,170.10292413382462,0.2957241234408287,0.4781518671372903,0.2180620871517962,1
18.37044311317852,183.65500971448594,2,102.19076179709455,0.7183037107138691,0.30096053135745104,0.8976855644749359,1
27.126680424799968,628.4268762627186,1,257.97713912755825,0.266713174011923,0.2663679961009236,0.7302745516979441,1
4.248202616044366,805.1099249460246,3,166.96067433414274,0.6322313591783382,0.212328748865607,0.5114118029670413,1
9.83211339059116,1092.6404303901616,1,68.96476512808958,0.087155037435489,0.2399543130663207,0.423763937635791,1
13.58793642147514,458.20942475296596,3,16.63049610080462,0.3242251755820526,0.5313772646037561,0.9932035069906996,1
21.420965650994532,1385.410119523104,1,29.09460669595443,0.4894621733162077,0.41479433630028495,0.3118665915553641,1
27.83927253530074,753.4069652736058,2,91.19380800136912,0.8675700375196109,0.8247724546400858,0.06701043683817731,1
16.70808849386317,793.2096551054731,3,49.76792457416058,0.4557840185014655,0.5112793705326197,0.40053808126618895,0
39.42967604464509,518.824304336346,3,78.11121982675508,0.2076549938596802,0.31427283877926393,0.6793344236917849,1
18.612029658367174,996.4351533416208,2,60.26172271936769,0.6620613327466124,0.7452295715989121,0.22654781059226947,1
30.86975282776748,1039.4834273120882,1,72.59464264044503,0.8667611509995167,0.7897256106753385,0.19277700504073048,1
32.81610945291299,1388.8197199114343,1,131.39202677985602,0.25897621968580764,0.5285037912725525,0.29928812839835284,1
46.49768037941371,1060.6395003859577,1,98.733149990446,0.12754109554541185,0.4023229902077706,0.003824246144045751,1
33.71764206250944,806.5927443297096,2,62.54748243901386,0.47391489920755075,0.8497467991062102,0.018242655871122837,1
22.056801183484488,1067.297011963112,1,264.8270803646235,0.4881841155783432,0.5347646930238973,0.9004736721159929,1
21.185509127878756,363.3687472783904,1,39.020434672692986,0.407472439013164,0.1954843889149495,0.4485339668468824,1
32.29937260707095,1117.6780101844427,2,12.82216076334051,0.5124083935577722,0.17787767682123895,0.07467261217590127,1
20.81047450769391,203.16555117585887,1,225.9259472930183,0.535683133398029,0.18487906722747455,0.204787015399844,1
22.598213293754732,943.508219134919,2,93.57776697950703,0.7078089466947174,0.5575095336660424,0.6574602305569217,1
30.842300438175773,449.09599401549815,3,20.006824807950945,0.5480593228513607,0.21420654813281256,0.4997588384337721,1
23.09555492009514,1451.7614988222313,1,139.15033744995793,0.6873006718046327,0.5403143346725287,0.2582854541129114,1
12.665237240648594,725.3905721599633,1,156.23923510673026,0.15595748109756744,0.45722132845331076,0.7100727234633031,1
27.70307816363609,1036.3675203775056,3,407.3506248499,0.8061290783473227,0.8576201098042512,0.7183370999641145,1
15.67086594678403,714.9071329655488,2,363.692020466102,0.4578565883882241,0.10197896142697856,0.5767391854790178,1
25.097203203884696,1154.7060451710936,2,49.46569378156786,0.36820597405173766,0.30522590543031225,0.26177896421029534,1
40.29305656177515,1471.0835961726953,1,157.37900010281658,0.8866368393318927,0.2157827302686177,0.9159250803486173,1
24.428005510836293,727.7881605774521,1,372.098163923291,0.9197201955036627,0.1488884156692583,0.4173920073945955,1
29.21380617066501,908.1240983868261,1,102.3243715781692,0.9418476134770835,0.2067358683429384,0.3459195886547747,1
19.599520654021706,726.7980383092333,3,18.929490599406666,0.30984003564323787,0.6452158275337825,0.6094869537208282,1
28.61704585020225,900.5190118825991,2,36.348470810974135,0.1296106691671229,0.7480312605123923,0.038206661019209,0
30.61946567488282,628.7198543189565,1,178.18410542519524,0.8235855342829344,0.6204459558641162,0.9364525513298199,1
34.87216842773489,1535.408888701541,1,74.78873530181326,0.71877759251761,0.8789176070192726,0.30929869126630605,1
20.49700365313491,1061.1664522358656,2,50.16332004801684,0.5643137276236347,0.3580506584205735,0.9516232769424582,1
19.428998369154705,941.1642955092343,3,139.0926083901873,0.5348768432710412,0.8123988068368478,0.3065731888455051,1
19.992066076374442,1470.718936910371,1,19.26738115420329,0.6838148384853092,0.3140458483219458,0.8994580345491627,1
24.52854494062801,1236.0309634490693,2,107.39916531685289,0.656413460369774,0.8774461515689626,0.588425430848636,1
28.14719786321299,1230.44701224688,2,272.99645550828455,0.3801276837405934,0.6698167541736995,0.05411142260477475,1
37.48886112249943,1056.564928954428,2,28.70668729887604,0.19870673964259197,0.470467127849166,0.8188756320188604,1
46.762323572887816,1238.9896276980633,2,83.81375734639633,0.38272585866912995,0.7360480062271657,0.1644528599165892,1
22.41721109491987,620.9143475914826,1,128.6923775520201,0.5994578738438016,0.36895858024722583,0.9049912849849951,1
11.629417192446645,1256.8228873492185,2,23.872054354912247,0.866448720394998,0.11354888525995524,0.8728436102389955,1
34.91511415780417,394.3054783421343,2,110.32711150856264,0.7099391110034292,0.1726421253434956,0.693117352777346,1
26.488965496795473,497.5462018764925,1,15.590921930560325,0.09373241801476648,0.5839888188856208,0.2257032237794524,1
31.968803414913594,468.6842287577064,3,52.83022618549947,0.17895395054687013,0.21365940946401665,0.720788543279001,1
29.298174711679764,438.93138749614076,1,158.31137267279377,0.6263848722260215,0.37905569933394845,0.8429769286090742,1
29.673250316550394,657.6282248115665,1,28.528152559812586,0.6957584085171287,0.8930671188072743,0.9566642140298709,1
37.90897040856342,805.6863926138205,2,3.215648406499061,0.44798855205242577,0.5073997685254931,0.63585554860126,1
26.747188914496128,1300.0389229559644,1,12.848072390057737,0.5603935968805712,0.24275059126725243,0.6659804689826083,1
16.199115572237766,1481.3914793783008,2,170.8769068912663,0.2501657966637675,0.32610188700844345,0.7233581261829832,1
12.855850356569166,843.5518030585341,1,98.28780270191123,0.5873227162041448,0.8360384713373306,0.5215724779611036,1
43.06454223667985,315.4004903051676,2,100.80658527404736,0.4427052927284141,0.48662515039021315,0.5705767347624647,1
17.57720151592525,380.7088335067509,2,10.315579800410195,0.47592847050155923,0.18980999035584364,0.18053626391148458,1
17.44250286795346,1176.4534420888908,1,22.149046689410035,0.5539040014702711,0.7105498521954114,0.2013167572661666,1
30.007699646089883,624.5141794846645,1,36.69890695596783,0.6695987756006924,0.2807001334170003,0.2897541679865514,1
25.340601763212415,184.32638089337928,3,59.894462434120086,0.3713812716117928,0.21036767822770575,0.09706891535745465,1
31.413509360892107,1481.6400584378375,2,72.23531160458475,0.4876775983544418,0.16039589377442312,0.7608345720578211,1
31.247589538762618,1222.866075457184,2,117.8543279387481,0.20812363088213745,0.6557103431301103,0.6749907551902311,1
25.919785289703395,1428.3753429819726,1,136.36767897863723,0.5942545503244269,0.8044787375690047,0.2564280357870139,1
13.048909558604173,786.4985392226504,1,26.067517535714305,0.3076966009783901,0.8076246555290888,0.27272577598062664,1
37.56775847310551,194.4256624625008,1,68.54290753444575,0.29260201776785977,0.6488787981671263,0.8261238833042198,1
16.785919386667246,1399.2873936338706,1,102.0902071260318,0.41381231559634696,0.6554966683799586,0.6587946402732355,1
24.057023054279895,992.5180255197714,1,91.21916235323121,0.4960218484827566,0.47247939997170174,0.7790841391591983,1
38.82270196027373,171.3970334730072,2,752.6701002084301,0.2409538504578973,0.5596316451408238,0.5695828511980523,1
40.34758536653183,1100.1297903426903,3,121.80511796770304,0.4815878676235393,0.6232736759699221,0.06665861350192448,1
27.885427991845773,981.31101930884,2,10.558489179129108,0.38114463967248624,0.4376237186559151,0.9812183065547934,1
36.56422009309918,859.0004747141496,1,21.464013361618175,0.13787603371800625,0.4571638047273753,0.544078832504881,1
30.57002146569819,1078.6737598741372,1,182.27174748390001,0.48251718488418877,0.4539091335271741,0.13763103716567637,1
25.387642515636347,1085.634595623928,1,282.49424380011334,0.7498766392843766,0.6424396447116841,0.7729238842419802,1
24.407029258016365,64.33083941676422,2,108.37820107239338,0.6054595385007686,0.26954845911984393,0.15326528996689404,1
12.696697011331958,402.54285711074704,3,105.95146321914766,0.5741622392452561,0.5720529187928806,0.533588824899705,1
24.366402366477566,1495.599333870078,1,47.0975789950457,0.602651543987717,0.5316461371490273,0.07858603769222794,1
24.154298622537205,309.23216324420673,1,11.652115352911556,0.1788211779816361,0.14510219296055632,0.4756453975822099,1
25.18910731580049,160.7344304742041,2,33.70317669790938,0.8438445743919968,0.35887916915147267,0.5900093706119235,1
20.2092206039305,881.6680850730718,2,497.7187369987696,0.33188886921343996,0.6178630581957654,0.16142049371376432,1
37.696208166268235,803.5851975629935,2,109.61958191411004,0.9099973287771901,0.47367504090906676,0.4018559047793968,1
3.5935500662145854,842.9738584619661,1,36.12978421161664,0.6740894221533146,0.7861959544703248,0.4944193617227588,1
11.304051881818161,756.9260126533709,1,249.82082132117455,0.31382517952525757,0.7973025112230471,0.8222885126124909,1
30.195109294079895,1327.696735081557,1,115.62467542248635,0.18915797663856782,0.8632290466117414,0.329890090971356,1
23.42046478682036,1045.6853471957788,2,54.45911350455563,0.26016943560744943,0.6936939013377459,0.8079503646239475,0
35.81727838518334,1533.8228512104156,2,60.98767697682297,0.16029829652948124,0.3473108399919747,0.9741271507539059,1
20.469529475300906,957.0459584181895,3,24.773762444283946,0.5092433999864108,0.6820406723506836,0.8272238699318591,1
36.245450418001674,1029.3219082862397,1,119.7912567177054,0.7960604471793966,0.26557189413156335,0.9737876877353602,1
6.733769465038535,1447.508172280781,2,27.133119474543633,0.9229854254775862,0.623326812913265,0.2636775855617465,1
45.267846614833374,558.2802769665583,2,153.82312844349804,0.8230303480895695,0.704133950232096,0.8902764935128332,1
42.29291906284272,1521.0425398124253,2,51.05859484176412,0.7330445627600342,0.6068478297401194,0.4263291954071703,1
42.74291623098385,1274.7116138889644,1,235.09648203947918,0.27078035929055216,0.6294931160846173,0.3074749318634834,1
7.694262697552746,1163.684393329948,1,514.8445589552991,0.3888332199084595,0.7947997789491413,0.9115656757245623,1
39.25158176549257,444.197938651309,2,42.98681687467368,0.32203506823865524,0.6978042848849683,0.7215553261988833,1
29.835584403991785,898.7678351051198,1,7.15234677021632,0.9527779472049563,0.15648116454154107,0.8959814884245335,1
25.557060484832025,119.37726003971838,1,24.434763229869205,0.500816901950299,0.7523549755275799,0.6136258564065923,1
20.975958160004026,1532.1949152441264,3,43.20145951330608,0.33663881731250017,0.40422072962898115,0.09021562489566337,1
38.98179264128647,1039.0655633499828,1,91.87151198089423,0.4601759471217651,0.5655732064628708,0.09093473169833,1
10.841671180618397,225.6521437495776,2,182.00085531240993,0.6504622045073978,0.44648678918738893,0.5527401894351186,1
36.186396423274225,1549.0825824498193,1,129.06371677058934,0.38162535898349964,0.1578943659250138,0.22514110378358732,1
19.030570501013898,1416.881338122034,2,8.395700015396217,0.6699198304758911,0.17694343411497926,0.1718807011184572,1
26.419016371598033,960.8084772746957,3,101.04070849980613,0.364222224707465,0.22120957748346168,0.5288223443111675,1
26.822677900559164,779.9284039903474,1,56.357669097033174,0.38063171643276456,0.400608425794159,0.5697354602791004,1
36.84521421937149,1363.3371195183975,1,39.864821708044595,0.2048563394638036,0.8072504602271892,0.5191125517102821,1
6.404998673447721,906.8239042250214,1,34.15662236977225,0.29834305456193455,0.2523246177771842,0.5436710885340341,1
37.98092630728773,1067.3586057836849,1,35.11646954518627,0.8976057821956214,0.5416408762727254,0.2518732782895139,1
11.582536647804446,1459.6886891146132,1,277.9421334558264,0.7026548789336304,0.44541516302636486,0.8696962280158277,1
36.6074848099411,859.6833965848796,2,79.24460106172575,0.6421436554849131,0.5879645720444369,0.693068044464458,1
38.816682754070285,77.68042337278766,3,264.5300732442554,0.850588325283582,0.4892172869373348,0.6172851269165257,1
33.15846679252603,74.07160652161832,1,167.3179904002578,0.3283975414537647,0.3677224261574906,0.8653010558659792,1
6.876305044069324,656.613751596641,1,131.6297372491379,0.16408459465255312,0.8298725227671354,0.15254748036688415,1
21.87771988562997,718.4690770608443,2,164.51518227304797,0.3370983588726181,0.4004602734792182,0.8622397420311021,1
29.040703789030275,936.4211968676374,1,17.458044858352388,0.7523959657261391,0.6364043797254348,0.9640205959139326,1
13.529663718457801,773.5705200375719,2,501.7771530491409,0.5624233738503563,0.7955000522363602,0.19417683227103988,1
35.00358627296088,721.5954886514006,2,13.458642552449623,0.29495610403066674,0.6872153158875817,0.22652816891195404,1
1.1845730655066569,107.95108151497018,3,592.6551864093126,0.6723419766114408,0.17097937830389726,0.33769497329773557,1
30.899659304356348,475.09688139776705,3,11.150447059600172,0.4816475171767808,0.6097649886300168,0.823322968263257,1
27.554913808601164,1436.1676788443956,2,11.398031107988462,0.7437769962036231,0.3111687217602005,0.8187468891671469,1
16.92528740778434,236.99644485806027,3,159.1814014812601,0.3597838111435652,0.6916383480971056,0.3048309743344195,1
28.836890149859887,981.1098245791751,1,175.0616212819902,0.41643728067686336,0.5266814251679913,0.9780065286318895,1
36.35834635711462,498.7223050059702,3,4.111283513515289,0.014678408175974636,0.7298195070590018,0.5357748109131574,1
31.372462681422423,873.6528168673851,1,284.797587497113,0.6528464620837462,0.4028080673306178,0.409803436873007,1
29.530197960168582,318.3110297150824,1,76.2303998991082,0.7315222150012303,0.8607568840357144,0.6886796173024233,1
30.53103524396067,1156.1919002080706,2,94.52268388705528,0.09557774293711607,0.8653398236810186,0.9401416256800823,1
24.994024220551946,106.35320408401282,1,23.759137413055633,0.1176150570974097,0.606535047953446,0.9232436953826356,0
23.100316830936475,1219.765247188171,3,24.627954832780844,0.5132001405014951,0.342906119907882,0.32614632220490714,1
11.726657217144986,1288.429993821204,1,21.06633663475799,0.5893601091312499,0.7998179878903229,0.5326233566902194,1
6.029395038256187,1209.3140982342782,3,42.0482791675823,0.8165967853985016,0.727870436122397,0.129760952111726,0
24.451643177114182,124.35353630009519,1,7.0311566141073145,0.41954667518591715,0.12303122839600969,0.5587700405879537,1
29.000412559434125,1341.409220345248,1,305.1567788126508,0.5570946520250336,0.705384859655812,0.8725858034440775,1
20.873050718850084,129.86870869740642,1,43.05725529420633,0.6530805324170038,0.6190476161926851,0.10740432556644497,1
27.235284407923118,1467.888759738107,2,110.0462429468914,0.49642650808971367,0.3348681711989248,0.9456398442852365,1
30.79634772714554,1268.340720973697,1,47.75995397834679,0.6542585657172857,0.7605008694200055,0.31396974190031934,0
7.3318823565665765,828.9383291669038,3,21.344438069580043,0.6859753481826524,0.38196007722966374,0.9760762494995018,1
29.488271969889013,1368.5253570868078,2,53.13231098744286,0.5309830562359287,0.33037843924166116,0.11394662660285837,1
35.704601064640734,1442.2382953782462,3,117.91893480442357,0.18547817186169321,0.5553810525009063,0.5950072246441402,1
33.09921051196055,1100.309893670634,2,202.4028677742763,0.431958687756795,0.19788152270737935,0.4756797594837763,1
9.455264269073066,595.7666456028228,3,85.34245986439154,0.8641550922607137,0.8807518972718194,0.4709323765174329,1
22.278228782062122,289.4649097375932,2,4.23511660805437,0.20539595245886486,0.3805215827333238,0.7796760262934725,1
25.89115984089512,520.8473566492867,2,133.377813945281,0.46547013033400836,0.6398603696897814,0.7131506299082069,1
23.243277145168687,496.5242250751001,2,158.28960104842878,0.4862344907611366,0.8787642996708537,0.9319163173779145,1
15.72739923262314,1269.6215953324497,3,86.91472709639551,0.3866070658992244,0.5484463630551125,0.38703110832095344,1
38.02857847687597,844.9533556493665,2,18.512526615589444,0.23939706557211776,0.6795346170677707,0.46870297606072553,1
40.228561091735905,637.018337102186,3,1.6355016085670075,0.24316460081723815,0.26769889731108976,0.4120809158585065,1
11.29379042283006,1154.4955676847335,1,84.80254422536213,0.7604583264552268,0.7393170802044152,0.8426603413412295,1
17.622169115777357,681.437344922532,3,184.7932392810652,0.4715833343523924,0.1507206264305193,0.011813276771373005,1
0.7707406036612497,919.3341292791515,1,6.547757400739103,0.5711559828232425,0.695267133798081,0.7132539855636448,1
26.262418985610616,1414.6594516823243,1,80.65944027728271,0.09197654959810388,0.12823449416755903,0.38407065192791334,1
34.289969243032026,851.0815375511605,2,276.4708310822712,0.2895781500778972,0.14962149778722306,0.27439707878169484,1
22.908597675922877,1096.8799296395193,1,39.60401329492309,0.11096924193379909,0.3880208690680248,0.40847853943049117,1
19.887259052493746,540.8356252653631,2,106.99781048868907,0.7035534164546952,0.31050306687656326,0.6866635400126273,1
23.995328554677354,1367.4557532171125,1,188.09063227839377,0.2920359378634745,0.84110950659128,0.4223105624252588,1
24.446278671077824,1540.5955549059343,1,265.6932758012411,0.6799862839671975,0.7699565140582111,0.4239956434308958,1
41.278679476023484,340.1873141358046,1,18.87271777558581,0.683477456889558,0.3092537082957829,0.0964787569853709,1
4.677225291532788,1193.9758239153093,1,359.1736081889527,0.7001716272514784,0.5443045817179949,0.27825924103786737,1
18.587374255027918,1152.2885563294312,2,57.945725984906886,0.912224290894736,0.6390800835660754,0.2133731804126332,1
2.592983788300676,594.4879888258201,1,28.522092664470783,0.6342541724960283,0.41996942090445033,0.8588894037354684,1
26.746122181253167,1249.595856964758,2,63.52813411542706,0.5631800150805993,0.5257763042931206,0.3923350429834862,1
33.42771218980843,933.4822709793452,2,332.5891769656488,0.51502350240683,0.5988608406610746,0.6247766332819188,1
35.55690332858464,1123.9302008611235,1,98.7775447605287,0.6753258810885597,0.5376800161667538,0.12794700505761436,1
38.996408337584676,940.830885506911,1,6.948068763266161,0.42768575184946883,0.3276718002318576,0.001255091909834083,1
22.07841369622921,156.2863275307881,2,30.72174070972611,0.5722331708124285,0.4503545286585826,0.6840927742375645,1
26.66009024418561,368.0790554389936,1,58.85514114751529,0.8103399525775916,0.5122510772553744,0.7900099891154723,1
35.00953863252187,855.4766085871614,1,125.43558647557798,0.552564380626899,0.10499422483409582,0.7810374055655896,1
32.59043848590776,180.81714737117477,1,9.586462678448044,0.30334806430105227,0.27989369034132516,0.07145018810297299,1
21.230238713554073,1216.0646442543125,1,157.02764114162392,0.7601025087560376,0.8994192112792473,0.19033511812012405,1
30.938379579330487,431.62585200325793,2,94.69097011450523,0.2805399067769273,0.39776623593432103,0.4631688742664136,1
37.41738072436982,700.6238795073424,2,92.51801910006375,0.7416123727588675,0.18914278060716755,0.12522953714390195,1
8.997267942511593,1134.1780883823712,2,31.534940571646978,0.8638924790753858,0.35996789684503694,0.8240819642382914,1
29.82101047897786,1412.0703772081715,1,42.735078751316095,0.8346801549649283,0.671619607693045,0.5768747931198462,1
21.492173761122316,372.04990682618984,2,67.52504081112572,0.7809780439680958,0.3169585142056621,0.25677530010751437,1
20.58785040988584,297.00914608966934,1,49.80267777462774,0.9611184998450153,0.15358341043708032,0.7198908872303292,1
38.211073289575474,242.7454379042707,2,106.52076622398839,0.39690255848073946,0.7742960805874297,0.24021127378261253,1
21.390168815326547,902.3006398476398,3,162.26949800745928,0.4303185629769799,0.29510399827800937,0.31697360266832264,1
43.061024174864265,455.19958391845864,1,151.18993332582414,0.4563894163978717,0.4776638297323784,0.27722347572194916,1
30.57952414515885,1423.5693221701245,1,57.888427802969,0.8180661757196344,0.2520480390611162,0.0682481214281836,1
27.896847539245705,765.4769877072899,1,269.20001677402513,0.5652991662965209,0.7736064744252801,0.3188700750576593,1
44.94929611858024,426.1883528908233,1,85.82665877347927,0.5749252980372684,0.32932703976579314,0.3205201801807004,1
17.638811293363446,1094.2837444974618,1,106.19675555707836,0.4640602548575943,0.7367365367719939,0.6267740395867908,1
9.542828592477507,989.7648479501736,3,123.33030741334136,0.28948749841052274,0.1366039324623003,0.5839962342288676,1
7.710218746130106,1125.553712759882,1,7.671918307908396,0.8207497165745512,0.12344578892949745,0.8945227923024468,1
37.9076571183091,912.9817907189573,2,139.6371595230728,0.5844299680174003,0.8519393512963348,0.4430437330633116,1
31.84764494461609,859.6624442135081,2,81.39545725826626,0.39983943226517404,0.744582513472482,0.5736512271707234,1
31.512573689731045,1390.302787928298,2,55.393718441834764,0.3989537114497955,0.4573839217132225,0.6420584519675006,1
33.243800222262315,1161.2818384609805,2,117.10675066435547,0.7490891385062631,0.45533882424498995,0.2742923074623502,1
32.73273189508535,61.93144007790351,3,73.14333969238993,0.31537274543975585,0.2457096028257958,0.6903278346327476,1
10.052658211163134,1341.9320790930042,1,48.5444221486436,0.7754071786425597,0.8252134869748781,0.45878705756676075,1
23.857536301118547,848.9268180737917,2,53.7918153794094,0.8226444898880505,0.8927197650656932,0.7220341422714656,0
22.904400321927625,1435.6590601365633,1,264.5005291135127,0.7473253984549714,0.23946810357896384,0.18716483648406113,1
25.419767698590633,1012.0117285758246,3,50.205050569288076,0.4221836813286319,0.21471861533885558,0.6066794054195045,1
27.95910727910173,185.69593896020717,2,147.87813286043013,0.2905899659290193,0.36985209820189213,0.8702951691039563,1
7.621110284316585,598.5909692017915,1,12.099164438489534,0.2806906491991042,0.3310111073522413,0.281040055518355,1
40.37363017491042,113.61371628372275,1,40.47044342994787,0.6575517854572626,0.2827562218751227,0.2503586036677694,1
28.25767629350472,1019.0472216774542,3,200.99242007380536,0.45052945268093014,0.5051187277672949,0.7356315266579995,1
22.61668118173022,1439.5380942495672,2,318.8762492718314,0.606809198872216,0.547598814573432,0.14626474475605988,1
45.85512094650362,303.9962422020941,2,249.23055969212666,0.21776011934842654,0.5900767472983761,0.2082046512792587,1
19.883974200856713,290.5275720071439,2,163.34992240226612,0.19693149610091043,0.5783726293947756,0.007924490502021153,1
18.102451228053344,751.5458627759161,1,87.77441468816869,0.790704697944432,0.7246880005466111,0.5403463237169951,1
43.6802212646582,1376.2202546931414,1,104.51825019698683,0.5757743381274025,0.5532618717731279,0.43470935608781425,1
23.608522576500047,1459.2698606445388,2,137.6687655096707,0.33740895162765594,0.18411962388800937,0.2296976932362068,1
28.822014279330947,1522.931798004491,1,160.52853618971247,0.6876583710379808,0.1603786160826707,0.5895063110688784,1
3.9842441309468364,129.0267716503426,2,95.7646283127375,0.8041777405343298,0.6764344753281948,0.45759500308387546,1
27.786417928063,1493.6840751992186,2,5.551541744648744,0.507232861373452,0.6502001689606886,0.6582175941772912,1
12.487267000305007,437.89921328112,1,202.1349497505809,0.6703254785743203,0.7149916797116495,0.6508397833579331,1
21.976129907471048,589.8713224963425,3,42.52857727598846,0.6461210778520737,0.8086137798175789,0.7486119710628534,1
20.005961070967757,1253.2938618249655,2,281.29973159261897,0.4087593274173624,0.3629244844916093,0.8002528406763493,1
14.652753941499828,199.94669673525982,1,45.02004966005623,0.6663941210842026,0.2285064478718228,0.841987778897819,1
21.702102045278906,1138.8685315718503,1,110.68078561748592,0.7063406534064106,0.1571175294811516,0.8018356311490138,1
40.03954503429769,1014.6012239258844,3,54.31454584721833,0.49097471957107713,0.15752599268801282,0.8968258738208772,1
33.24540004972735,1280.0031899115002,2,26.00388738289406,0.6568611618432126,0.4130922894954878,0.9538598465847101,1
38.56105710634239,541.1207224597035,2,136.8543472093252,0.5585067163198763,0.6464235242045826,0.8789303375513235,0
9.939336082423608,883.5683971740212,3,125.2186167935286,0.6593762836091426,0.3349679304121249,0.15578611636949835,1
22.360195910194033,1096.680539404644,1,8.618556755518252,0.12215039137344229,0.7657957085870216,0.0956048656542623,1
21.364111976575476,1440.8557354736026,1,212.2915475464312,0.39792390169403524,0.6013101824089891,0.9307187227146364,1
13.302371439697742,1561.6033099058757,1,91.6265105916241,0.4310769985182264,0.3623455257046333,0.2427717546506618,1
36.81603281675925,630.95264523448,2,1.2215537448066969,0.4769170882162281,0.5053492143577688,0.8868821316307371,1
7.149472475930703,203.68013303450658,1,88.54715390169862,0.18341140932242164,0.1225140154656212,0.7742860795593108,1
16.42905224107642,524.1468769695488,1,38.229485796962024,0.5659900994130938,0.7715502035632962,0.6209529976227632,1
25.83637050370136,974.281379262606,1,107.495110944327,0.779724399595496,0.6308752358659069,0.2884605035416814,1
41.43257962563762,143.03191107096671,1,87.12047332143982,0.8039852659179486,0.10105137380046961,0.7013367289887078,1
4.799206956846209,1503.3893321437392,3,131.50148159316228,0.37209221452972063,0.1142704822210054,0.02436106025355378,1
32.91176848847251,1501.970103449312,3,113.52224401510011,0.7765225660895048,0.8961340557369163,0.5115575064499815,1
19.722952568646534,1284.978211868145,1,45.214514467553485,0.5253720897368519,0.6642484563302868,0.6077460544804741,1
27.493365369094974,555.992668672698,1,54.03385127160387,0.3861083277373459,0.7193737310555703,0.4116265585434521,1
10.565296968451618,1579.829262406002,1,105.54897594464028,0.7523976346547531,0.5458270779372371,0.23856361080561916,1
29.24956669006463,895.4875097904252,1,19.03009007398188,0.40602468741664166,0.3516193184735156,0.82489973837711,1
21.644681088039196,1519.9951975703248,2,421.8113181951349,0.3987069888478363,0.6334574022559522,0.9204833942986764,1
27.390377861192036,396.47361267559944,1,202.64681219156873,0.11732262121441205,0.16951378909922543,0.6496973831370577,1
34.35155600489105,1550.8749924414476,3,22.470542319837154,0.43494878853822355,0.8384320589412652,0.9419926117438733,1
41.45121217679027,1159.3616086934874,1,111.70796677889491,0.7285063945161836,0.1709123755247223,0.31120877154163307,1
28.980501382006516,630.1880354441049,2,47.358971015993426,0.6654664272332637,0.2865499226704734,0.754586898404787,1
9.639219562142383,171.88240143685846,2,15.06343289961469,0.5610473442905074,0.7386885906211001,0.2693922918006978,1
23.692477179096194,1365.1799252597655,2,47.16379101031929,0.25215999964455493,0.5513225970265933,0.887799615671469,1
18.90363502719033,1051.8382613196445,3,85.50476010274325,0.1733597536843579,0.2263043505341923,0.7694345221866673,1
33.408600057824344,744.013239795029,1,83.37849337383496,0.49412407229595706,0.3269193231044481,0.6913151241805962,1
34.258220778662924,1531.8534495617816,1,51.71366632620639,0.6681289370971532,0.5160408442634988,0.5453598428008757,1
28.390084196910145,1093.557851862359,1,50.60363112514032,0.22854800493391506,0.35194933693558184,0.5573512194830603,1
24.810113498601996,632.7664324903386,3,65.95258909329038,0.2877696703296198,0.6513152764038123,0.35723528233917357,1
14.407078458971888,593.2037021808605,2,238.4627495556167,0.5949949802185531,0.7246922026565751,0.07016849100631939,1
21.491860686529133,770.0071671197611,2,252.60078141441392,0.647501538230767,0.371450846717412,0.8505751702647031,1
25.948355522400156,556.8133706014073,1,61.351520672738275,0.29457200064057304,0.6923253055279885,0.3515151702955577,1
27.615131518600343,633.1161981388811,3,17.899185795499147,0.27264191940205534,0.5314821607995095,0.7864050530871817,0
6.874876414627808,1229.9174018990277,2,6.864179365422112,0.19824273913599263,0.6990212191245071,0.48986940003992296,0
29.85711569903367,1509.1902691156672,1,293.4630552781734,0.26152176391430865,0.7038925958233103,0.07717510913130787,1
19.988357843649595,1266.6542591304865,1,54.99452526091091,0.10963449535758948,0.7037793425355994,0.1888847072439871,1
28.296859372061586,1439.0956715179932,1,667.1797139016674,0.13832066333591392,0.5908727754126794,0.2601079692327808,1
28.59633920784438,1046.3366770653784,2,100.54795008692156,0.6104469837035597,0.5963944047326167,0.2470298930378403,1
25.322905130774867,393.4525104214117,2,3.0470694802806126,0.6897445042124128,0.7638415538688198,0.281814115639888,1
30.02615853112757,173.15170529791254,1,30.870108862322112,0.14511366694221442,0.6408066692224791,0.18982065781804536,1
28.249026111093425,1181.231956579439,2,51.22901600535942,0.4713149993660234,0.6173900747297721,0.18477989559940988,1
35.1316364997614,1596.2684428236043,2,14.334042419453372,0.79977496958927,0.698293492998282,0.38541621861060027,1
21.181212025546365,1140.330700379568,1,322.76044865527643,0.4803317746206826,0.20208633455589312,0.5356822248050775,1
19.5060154323677,362.5995343208133,2,3.102430819525773,0.23965825850829098,0.7962936692567326,0.9486374268625607,1
19.663851074629562,1446.8226649229223,2,12.599542334506351,0.8320761001445528,0.2710305054298908,0.5779093111984863,1
24.65153368354232,1599.7194395655429,1,3.7694490298324212,0.5177922376828515,0.4628042758088978,0.40143284643797006,1
38.4717662687793,1460.9455953251654,1,9.443838407462371,0.5964088100510486,0.3875082995265453,0.0909838876616268,1
16.707806173169118,1497.866890318547,1,121.27826442026007,0.7510400039943254,0.77441009473306,0.8713757643806881,1
42.65826878609316,1433.7394120630106,1,567.6284219913784,0.29585327040397036,0.3899215623009885,0.2669096766705912,1
13.919206448329488,1041.8049914248786,1,108.99674010763314,0.7925119798108494,0.546936969106736,0.44268528253308903,1
26.08764963807662,111.25438265337924,1,66.74366757061406,0.2667761649510841,0.16408104564009723,0.07949880896084094,1
27.443093958012465,1270.6599161895258,2,173.93268787737284,0.36124256077125694,0.6138977844251723,0.25720426773571214,1
11.959477700435093,1319.552328635208,3,19.62751942313093,0.6942453262088196,0.6957949968973532,0.743600650479893,0
13.715747103894767,330.2307122217519,1,67.83549033914906,0.7432265738697486,0.3549078318827341,0.019553736657124454,1
28.574212154038655,577.1615110300637,3,200.81734029783698,0.4612407623603954,0.5328455490590608,0.409902414954019,1
32.98686079348009,1424.868670763188,2,608.7836723500681,0.3824441064293629,0.3042487422046247,0.9508041805390384,1
18.60915959641385,1473.2434895813558,1,144.43906101915735,0.4282637820009844,0.7113567715809695,0.3860895474685315,1
8.185611181422376,814.3578998489847,1,257.74313737381357,0.6832009770848073,0.34339842575246254,0.026442555658862665,1
16.929177203776764,298.87260963619235,1,202.273989812265,0.4925162062595142,0.5484750210358961,0.8263751024826035,1
19.977473759027227,1087.8475299697868,1,174.2602111312325,0.5611829439601606,0.6904150828307876,0.9880211365867145,1
19.19063125375259,779.1966643321257,1,3.728536207002227,0.4650409154433572,0.5735785711071464,0.016246807185778644,1
12.342651405477108,67.464412502042,2,56.1165065235568,0.6694174781768967,0.5661246438217229,0.7960115812207443,1
36.49027262351398,496.2904355383841,1,209.9968939782552,0.4582807574043938,0.5457459348501174,0.81377833198292,1
3.0774980623144947,468.95379249468186,2,98.56981788455508,0.276210576080587,0.5604627894903507,0.04780020665370033,1
30.364006236702327,349.2595162679177,1,47.16549804744233,0.6284273915804369,0.5556030545633888,0.5061443301723477,1
30.04276910060783,676.6315533841552,2,127.88131159066681,0.7751982368656366,0.5973902198111916,0.5854534974127132,1
18.2206940275657,1144.56849320304,1,166.2273946096165,0.6811697728286397,0.6762382613375283,0.788377737720804,1
11.555866972448282,1436.391702364216,1,325.16936384093594,0.4793878890196134,0.8642565535060587,0.8077860742794041,1
23.260189960264285,1398.5286016256487,3,11.0512109616423,0.47835397507430516,0.6713354860746757,0.6510990650588746,0
10.930530886928796,64.75820908536404,3,194.64583763675415,0.27013748672293514,0.7952293770556798,0.6693680610589456,1
4.500942953140555,1057.2062768377373,2,130.02349491072744,0.1225349731456106,0.3213214103124037,0.6593164524595689,0
42.1301892673124,1182.2107463043276,2,261.0782821680273,0.6717576327439829,0.5962712763203489,0.3454112861796499,1
4.883125508416972,1575.3818725509088,1,265.73861283978187,0.42479234518969444,0.3866876590115942,0.6773788946334875,1
4.648298215105572,406.0307442865209,1,375.7997976520636,0.8592317219248268,0.588239858709141,0.966103331009563,1
11.21847040226021,149.0056973563294,1,325.04619546623536,0.5318525265467609,0.24662026706071424,0.41834038784663197,1
31.12081491522071,686.5452218231248,2,70.22112381098201,0.6530887924888613,0.8270587795744391,0.2733885832904288,1
36.425902442373314,485.3201693919707,1,187.10882763687226,0.39533941566165987,0.2576958027930939,0.07454092904193499,1
36.684899824550556,566.1114231504187,3,235.21971181356852,0.48272318210190074,0.24638584373589145,0.10206144623851843,1
9.088845226072163,118.38531808535421,1,0.32316112202374525,0.6692770483211739,0.14013996308679602,0.6316092768835149,1
28.34358253251614,1051.0801792577486,3,47.39609996492271,0.8533723729145498,0.2581796588394294,0.20854919911290692,1
27.24730925446854,861.2428411600794,1,59.39396729486074,0.34834467318995255,0.3669286086191149,0.020157119387263722,1
34.42923898483379,927.9256540951551,3,74.96776158439381,0.4930710582902632,0.629539076907989,0.13735697673901337,1
32.746656223157046,1534.6968042731369,2,73.43723849600073,0.873172886609647,0.337924738809883,0.6697470271179546,1
23.085162999006915,843.5322996758366,3,130.5367921709431,0.46015868174233837,0.44989423782014226,0.3046447135107023,0
25.47314620779893,236.94303784022003,2,172.20835472373614,0.36834007594854745,0.3044547821949782,0.09560119953708823,0
19.038328536018692,1343.3351744873137,1,6.30516388326383,0.20421238506812475,0.6084399032451835,0.10884659678471631,1
28.811167649978664,892.2288045865433,2,122.53020495285512,0.31992078564141035,0.18316754659076367,0.9957553008627616,1
29.54842380218228,616.5737524991066,1,79.40784178508558,0.5597603387774563,0.6469257332909811,0.18981509258778917,1
25.416701456077973,1022.6314289358211,1,247.34277224667437,0.06206074211286944,0.48362008474086193,0.42446357220302455,1
39.486007412884845,1194.0635323649153,2,283.95879061090307,0.48673551653880254,0.5251899516339293,0.8987033673333881,1
30.852770568636615,1578.0073527561485,2,101.51905152291785,0.7322060463931306,0.3221995986836007,0.3758944575969012,1
33.1666512307565,374.03825769159977,2,48.9149178923541,0.30105074959361244,0.8664399539314376,0.8340877018262215,1
20.286477952559892,130.78745520645066,1,160.29182755964925,0.5528219080129321,0.887482075591589,0.7672446540016543,1
31.25115115937184,67.45656907229382,1,688.6786368193427,0.7196853657039324,0.35080447199053466,0.056398040541561945,1
18.4899958771844,385.69025537611157,1,17.594619645464174,0.20589776716157135,0.766535409405193,0.8551721450066246,1
43.56223394891777,65.50180918701882,2,136.73419402473496,0.4387510781237614,0.7262562011800976,0.24774346485337861,1
20.57069973027854,135.13476796890833,1,25.548875789557677,0.2501030781624078,0.5112466406926824,0.7265218732333035,1
31.849550232026616,189.3377979822126,2,45.53421039921163,0.6917701920337676,0.7451434601030237,0.8788816582906334,1
3.73496966399249,200.968032357564,2,87.3434273564436,0.8196802578119078,0.1096103237725946,0.8714481899513782,1
15.934917791516115,383.72437801881006,1,31.251618456606508,0.2109386577679194,0.44696609681055255,0.7779686874160165,1
6.948268508833551,899.2480589089497,2,201.8042828710716,0.5056033740114388,0.8420249992478568,0.7744312683488865,0
20.05417141710071,1466.8117310641587,2,96.68300453575387,0.7272043410114808,0.47501601500406165,0.6402181763823543,1
18.357131546429322,940.9413830708411,1,148.7248082344395,0.5549067004800385,0.5856668124835956,0.8976983276623566,1
8.66106002841414,697.1615842079168,1,93.45713146633106,0.6855706984875731,0.4534545166680488,0.2856162221063111,1
25.864148572344924,80.05621999792595,2,269.2993592017647,0.3401979905987997,0.22672887325612773,0.08059754148897103,1
15.133035475911758,1112.8438932142517,1,93.77836914706897,0.19334706364135093,0.8470103126706364,0.8273013876734526,1
38.14155564374184,555.0517437096103,1,145.8378854472001,0.2391562339964906,0.6173089663462157,0.8100588978284536,1
35.6151960650766,1476.995943893058,1,110.84209018358005,0.40957550340801435,0.8991257200265573,0.9801820338940828,1
35.163251794580475,1515.7629687026647,2,17.012187314995156,0.12018204633679189,0.6616852083742494,0.16629222664344567,1
25.44365734064373,101.51948716783505,3,31.4151717664858,0.8301977965140861,0.39660944227776207,0.5409243401435001,1
38.296949034512664,1017.9284790781005,2,54.707808035224986,0.8284675269976153,0.17491792581413215,0.37223522894779704,1
17.772772136546887,1375.6539451886447,1,28.997180193462142,0.25206002247037584,0.3759652712404069,0.7500083558287787,1
19.99228606645512,871.6452758535193,2,7.743357530449428,0.6567276212194453,0.4373535977832641,0.06100164948488396,1
21.1836057166122,992.1161591821167,1,198.44466294295907,0.0793223871068071,0.5988960898171553,0.41687433778632355,1
37.10534319990549,731.0734898618811,1,216.08476195229164,0.29873289806366704,0.268597121118448,0.5748407893998432,1
18.901759720821126,679.6399677241593,3,87.4969955161157,0.28134152913582444,0.5121592317991688,0.16154835865194295,1
25.253249281139638,1509.7475894490858,2,36.56963146543436,0.23934504296570916,0.7045761822802245,0.3893651935993264,1
27.50161600231751,81.34363881361794,1,9.046876658703553,0.6049050749545959,0.8703299180026471,0.18524947485395138,1
25.051166696520905,361.9103236552389,2,46.88047753168284,0.4726431381997908,0.15725573874041274,0.768315829138735,1
31.31850390587312,1330.4424617606014,3,61.721517016518625,0.382220690011081,0.7632592306082215,0.9672834471823241,1
22.47392064723427,1101.1757763409166,1,293.4009431082939,0.7550528251456126,0.38221770408715117,0.8174741092726688,1
28.889015279596546,467.69690897008894,2,7.252768730582073,0.3391066495758807,0.6770191142462775,0.826506597033299,1
32.61261012474411,228.8102723378577,2,213.0884463549994,0.2731869562174939,0.6007146675636511,0.7265589092339673,1
39.08780301299028,79.81583822503828,1,91.28689023465958,0.30459931100541454,0.2630554371473679,0.7737881323147303,1
18.59292390996937,445.4061540721849,2,112.60360571248954,0.6741413751988736,0.6604578508769472,0.48772318250979996,1
11.717056651042057,925.4781185980258,1,75.51580137182285,0.7551994604219521,0.3806918049218697,0.5239611420191765,1
46.56929060060375,1453.251538949847,1,102.86340619548056,0.5465693751309829,0.7951525908446155,0.8423640948575998,1
25.827332831355427,499.9988880356688,2,246.04677174439817,0.2914469636854838,0.4866601766652291,0.4752771260862477,1
43.28332570262991,88.42295225730444,1,60.13167873729384,0.33679380375778883,0.4496175210718477,0.8970627594153627,1
40.44975433917961,250.3572607379173,1,147.77001794197838,0.1397265883633403,0.17743829835486943,0.2694445643163398,1
23.915190074136518,367.432383960281,2,39.7230697085531,0.44633264012837076,0.5289593801709371,0.7735924712799284,1
22.83007015015343,241.37911118251677,2,216.27875687456338,0.5844366163676643,0.4298170293650373,0.8079871017787762,1
24.421100351899423,741.9344361680381,2,43.021434291276094,0.12500622520776591,0.3465923839434402,0.46349907619031105,1
25.452110275452434,1143.1639628135117,1,631.6640033746759,0.8711664666099018,0.3784339444802094,0.44948830701680675,1
29.090923151367704,249.26295678387652,2,158.32443278619314,0.8800481365433143,0.7785349969389336,0.009310828347692146,1
18.800105805537807,961.3128169625514,2,16.58135961964378,0.28958777370516714,0.5812496614153927,0.7940488936961178,1
44.346031774015295,732.6402306159359,3,130.8129526893397,0.04326556353413481,0.28789193465145413,0.6672752676128166,1
7.465932032322362,1418.5958666602353,2,49.6760959957381,0.4096966022574424,0.8560932602776891,0.6565366336852552,0
13.089780778431683,1498.5974248667467,3,56.497483809586804,0.34796254966896284,0.6605738261114538,0.5218666403449149,1
28.97288882050532,1354.6128119151408,3,264.25227445042583,0.6463457628490412,0.7586096462017273,0.1855584459789047,1
36.9519584328244,988.9211998459442,2,197.93425643855588,0.6558513658595504,0.2072351471751544,0.9310331863518693,1
45.33699898862499,728.3509986547244,1,142.2783038092855,0.7680481722443093,0.6291315096125797,0.08580420690676227,1
25.831090163346076,682.4058699832701,1,247.5792194185071,0.5863018732122001,0.5065311448246365,0.3958024132058172,1
38.23350658741569,1375.3255867545502,3,30.85840102657595,0.7421739876301408,0.28200698875133967,0.8744114542274342,1
31.036604419915125,668.7517313963333,2,378.5715750665403,0.699481381601854,0.3916066928555616,0.1622697912707921,1
16.30306742861823,768.812250441069,3,412.2553514896201,0.6511409391556803,0.2760805163635289,0.886561227161053,1
39.5079218327551,384.50132211071445,2,154.8672264295109,0.35535790768645104,0.6214775821571388,0.23784471407138075,1
11.03981403860398,1365.0820211071918,2,300.8440054527495,0.3817511560208145,0.5191071398398076,0.5985446304410857,1
23.76994838372301,533.8963580535203,2,39.25595270361371,0.5516516702901672,0.7898941053551535,0.8421701617928798,1
34.104658499041385,384.76671302284757,3,145.72529388034556,0.6250341827015264,0.7938558801704736,0.260097891347399,1
29.86452852449827,1049.069476491699,1,183.6881868497713,0.1841912054018996,0.3718192229708581,0.2070453725758422,1
38.05378048478362,291.7987259943852,1,157.4712344074453,0.4302760386520389,0.4217469900858415,0.8117112162084874,1
15.69109113780058,155.29357152122572,3,107.12010597043654,0.827898767312123,0.10023589035581174,0.5306747282330889,1
27.964369395219443,54.3893108698919,2,45.39266920140533,0.17790661829782287,0.6127281684151211,0.8669589065408713,1
21.878609914403018,360.13451765645493,2,211.91304128245244,0.7038966189196951,0.5251223978793012,0.76866915934199,1
20.866149278970067,692.4057000702735,1,89.31355963850126,0.7960484951823047,0.8444798318502296,0.1447681144305154,1
23.066169153491277,776.7096293595466,1,319.1301305396415,0.9094488145401943,0.4720538587767369,0.9475213716670761,1
43.20524525441595,1273.409447895027,1,397.2589233516849,0.42891706694775744,0.33730552680748255,0.8229617077825511,1
34.944253165085826,428.51168740202013,1,13.961160195328844,0.08340877549696496,0.8930910834958586,0.5587399582508895,1
24.67506809426042,1370.5395633079977,3,233.69307489030996,0.696364010423532,0.759683221555448,0.135239247581613,1
23.53937445736408,840.598178253001,2,4.2953923908903375,0.3030256087733892,0.3451121110143902,0.7953811424021994,0
27.706113186743007,334.44536128284153,2,40.69847089950777,0.5380902323797717,0.17146012613301592,0.3620050964233609,1
25.089531597613856,1010.8269314194428,2,48.6802545537278,0.41930649181664714,0.8743383796063428,0.08119348494220169,1
21.821379672268783,786.2705799652512,2,212.5409248970314,0.12663597852205166,0.7832466315209903,0.41998147967368316,1
35.956164062796354,872.2837289749136,3,110.17311072478645,0.3115850029333094,0.8413731400760831,0.31148217569988845,1
32.9632305246319,854.156842408666,1,133.62906904434445,0.5208627510540952,0.7606265796700885,0.23034494431180996,1
21.5127024984256,227.06152109352013,1,7.550593341263385,0.03609150797972395,0.5598406030758614,0.5377370854689721,1
25.406422689188258,851.2991817183885,1,217.47509406081915,0.33384149599617297,0.25766327498276126,0.5487742352251201,1
24.24623264815654,471.3158576072037,1,35.64721513589712,0.6675450189453352,0.662694742018328,0.07368848672863226,1
30.193079005406275,543.9577463787085,3,124.88630254262749,0.3001904129176177,0.8204541793775538,0.5781884939172497,1
26.643937403178406,455.24559362707174,1,160.74332041603836,0.7173911255217054,0.20937158805332265,0.33435694106505476,1
44.00147217282939,436.5761288382862,2,155.54965371356525,0.46884913064532135,0.2617345136754947,0.10761958056816712,1
35.639598036202095,1412.4465013326706,1,169.29523857956391,0.6450154150837336,0.12268133042037928,0.7100097741676156,1
23.15392751711645,50.842788435883634,2,116.79075501363423,0.8750527576033041,0.5106991023123192,0.617361146288594,1
21.59439292648389,1134.2562143791265,3,25.041146916262697,0.68291532023781,0.14364811809127984,0.3283500567890997,1
29.448027057937725,956.7920619372615,2,18.003103125987003,0.9244235261456991,0.7284895238401082,0.4839270042745776,1
25.376003989756487,157.5921806219563,1,141.25030713337404,0.7670682959954274,0.5359781925972137,0.36887870460234773,1
23.715295096667262,99.35797464769588,2,210.1731245793819,0.675223235359378,0.14530539995769853,0.9433466458766653,1
34.128520763486684,1027.9256879317015,2,300.5493524356093,0.9063399846630328,0.3363892992180462,0.08697496230944413,1
36.82988811334564,191.54265057213118,1,109.86980319443232,0.5217398014604028,0.4716326043287937,0.9409558176243167,1
35.40060165918808,72.48137530537376,2,1.4021329933976208,0.8344711772143498,0.2104606104647302,0.14088210880890617,1
28.5475962859119,453.8385039936822,2,53.31737777689912,0.774963937582966,0.3716106249149974,0.7421232402815637,1
21.844211727952338,619.4282951707105,2,26.17643613635569,0.4625833461588333,0.14498997892357696,0.01265751804028381,1
35.45612957500225,558.5359145477064,1,12.89739247689497,0.591343170240067,0.6360432220014467,0.7029532455750692,1
22.353540721887217,849.9218391266852,2,8.579220245391044,0.20793281548557765,0.8417707083716869,0.11211938930873289,0
18.957985210738556,1268.3494407239484,1,429.1259257786277,0.445508769725236,0.5549394631529775,0.12115019064313803,1
21.43661063365466,609.5756373809108,2,228.19334835964304,0.617369448821703,0.1462800210631947,0.4869573073483001,1
32.95494727339197,983.0025324762737,1,127.4008229669394,0.6584007418617468,0.5576218994211047,0.6883649708422732,1
42.784226900958636,167.92959277162132,2,242.24273767542942,0.5358181703951055,0.5302240183805792,0.9558271186820372,1
11.30427030910552,1542.6957337215526,2,361.6554357703475,0.7852986893438122,0.5218265837503133,0.07871967577260797,1
30.04515828080962,190.52942770345885,2,271.1561286119363,0.35161898169351585,0.5351089363573898,0.8017259031516931,1
33.347955924937494,771.8733299215236,1,187.59766433331112,0.3010780817236242,0.520763350610609,0.8445841541905692,1
25.903153389127404,683.9396139172508,1,53.468766406109005,0.3218970455985053,0.625383289382009,0.8203346773407333,1
29.749342790940656,488.42714939057703,1,132.88937525322882,0.11033807584360762,0.30576198564588675,0.8293822889583558,1
26.69113382791787,1074.970474609981,1,61.94898357493449,0.1321847290248019,0.8563535594565025,0.8953795501153203,1
25.005010466365206,173.9009408897858,2,5.485580151836839,0.40316045300932607,0.5909486835128045,0.593000953092293,0
5.088562373838898,848.7708632452194,1,5.599562940087462,0.37501469103655344,0.8644061271181528,0.038389465354486174,1
29.144843066612363,847.3175140230755,3,86.46379937210784,0.2554917865207887,0.17729139916410022,0.08516475360338127,1
24.091506049100932,73.27509610134516,1,32.202126519632586,0.4855296832544195,0.31014910773791304,0.528953886611993,1
33.49408870514189,955.1068029059716,3,75.6482624849764,0.12857023317472138,0.7233567148365361,0.18129394050249092,1
22.7877070410259,924.5751401991391,3,86.46867414418489,0.40294184023020063,0.6232762149765785,0.559897741387463,1
14.422917957538816,366.01802922305285,2,147.2976534077777,0.7442185318321861,0.4773191524532633,0.7859887812779558,1
18.41194351589887,1479.4341005243266,3,62.322900078533635,0.4138846433452787,0.2318400839900246,0.9241675003551657,1
36.66447456513242,246.97053244562835,2,22.10564741539356,0.589923163308578,0.21183824118543484,0.2560519001529611,1
23.741016138471686,311.4704326294307,1,219.77778858994859,0.8583937466099187,0.6183772600390223,0.3041991638613325,1
29.700793438131118,1388.7730201303098,3,28.80409883729081,0.7497941091760636,0.8432312981054556,0.1743138109438347,1
19.002647567252748,572.7904026950989,2,131.5012907036384,0.41461114846656405,0.15144764893676932,0.33531502851845674,1
22.26707923933294,1500.0487183010666,2,70.92485142756107,0.369734203994277,0.6335991852720657,0.20152241522620895,1
27.501597269126012,567.5183613717786,2,67.64279152228738,0.4953477755420683,0.8782513109490857,0.38305057508429796,1
27.662650941948502,835.8811547741464,1,13.231739748055295,0.7731518487845872,0.4872801630637743,0.7497248229303592,1
12.356923661548784,1466.0899110893095,1,187.59472860737384,0.5208898311609004,0.7362299004299405,0.4989570897925383,1
10.610132992861063,1327.2186182575492,1,252.7026013443535,0.5043337804916695,0.26255157337216756,0.8164081901910134,1
12.733037691536737,1530.8426027724229,1,65.47740772319143,0.4494372200877679,0.35840328685088196,0.9132653920049747,1
22.328110018299746,1542.6233505228142,3,182.5573297035578,0.8178615240123444,0.41610803140688934,0.6043893487986194,1
27.99487726475441,210.79037974633215,1,413.4608493607538,0.7403273122426561,0.31913783198596246,0.3586940787824099,1
23.11495362874469,542.3936526330954,2,18.85316754125934,0.37366981207017913,0.6892401638447647,0.7121481234293316,1
33.892693687751425,918.5829818534472,1,466.344479077968,0.4954873154780809,0.48477486862892905,0.930713244563753,1
33.614455924765636,1142.2528690573622,2,6.546121842659133,0.6769878716121999,0.8428296629307723,0.6429805372784282,1
34.79397080760001,1575.96883545786,2,34.89174528379278,0.6770794021760289,0.567707518660867,0.34412198467408806,1
23.201655239093324,698.822129553468,1,5.594069572806989,0.44406790166283755,0.7257425404239376,0.04054696437278871,1
14.287494682227804,959.3043019777634,1,137.3291628309823,0.42787109887550084,0.6667828021709264,0.4840777782039347,1
26.10707309939299,1127.2318247604912,2,121.89973108684187,0.6859254047157557,0.651193833136376,0.5862725186335198,1
28.647949858047618,662.4171438439722,2,3.515402139916453,0.6194458397238457,0.5860484444913027,0.19266380560247065,1
12.55900051614359,1471.2988279437848,3,60.39009717413416,0.1884298332475583,0.35312669069579916,0.6941964029435336,0
28.486345289101234,953.5502217179807,3,5.398636177838951,0.9255760065102324,0.7548152888565279,0.2640548647704176,1
17.57483302127644,768.1169014270984,1,95.57280491298563,0.5017884350944447,0.20804430274067834,0.8707249266097981,1
21.092205659055736,1029.3540554484648,2,37.227040090796024,0.8627783876598596,0.8518678052687835,0.9031646173557388,1
14.916534320795988,1425.500758158052,3,24.80113076410867,0.39630332935914675,0.16593835187679862,0.4294448026612918,1
18.803060143872063,580.002157279738,2,16.49684935858166,0.5486210309324187,0.40789650136728317,0.7272889384308361,1
12.47124650657838,1391.0890454164844,1,46.572726188129025,0.460060692009817,0.4852325013575952,0.5676844283527762,1
17.29128978245988,866.614111106476,2,21.078262441722362,0.6989542739772802,0.40515538704587095,0.6311369141352886,1
28.59799203482894,558.9265616798693,2,47.21481129621006,0.8971101575286186,0.652796639906603,0.3644230294798678,1
18.528095724245482,1271.7357225310031,1,9.447689978319167,0.4298401234849759,0.3075519202236901,0.514012009388225,1
22.635616598296824,1427.8159047236154,2,221.2091999109347,0.23231024274898515,0.1975996617465662,0.8293753465554585,1
15.620579885196074,352.5248760083633,1,28.07342621757427,0.0858436398652394,0.3002291529064725,0.8998251557314819,1
21.230229608606255,1528.3074925568062,1,345.84716018375497,0.5789237607058124,0.6745313792400209,0.28841710199947224,1
41.418461016184146,570.770268903262,2,109.06288007885716,0.9093732401514986,0.6749640113161118,0.7956958078786005,1
29.240399625276925,1286.1100209132221,2,9.296943319173689,0.3908052208486224,0.7925237518231164,0.8693676822837842,0
24.716673206848423,945.0496136673748,2,41.08472984446699,0.25839324014928594,0.4797831709687842,0.17444942641331795,0
30.43792351808229,1068.4299238676153,2,44.767423552879066,0.4378467158028451,0.17412781871068245,0.5211299708314081,1
22.769848632735407,1051.2392557531616,1,196.4135186165364,0.547351841450321,0.8263212063638329,0.5256247007687977,1
33.21875280141643,964.6010892109232,2,1.9089890394607072,0.5199481451444261,0.7713031963130076,0.4086341821399829,1
33.1211184407172,298.89996794281797,1,601.3122779352477,0.8658913316016646,0.5832804162762643,0.08456950706881872,1
16.43242288773954,69.18242210361649,1,130.5085642833477,0.4012613205252419,0.8220641629990537,0.41551864428267493,1
31.316849162588067,423.35509836364884,1,184.09160778001615,0.5590947971062156,0.3548805475024448,0.7738465807104219,1
30.897919873589377,999.9570477913717,2,183.9545317516352,0.5527894197423813,0.23596045363696502,0.6343424265796664,1
29.071875558738494,87.79944956317465,1,269.7478963334912,0.43613650455943165,0.5539069452921942,0.5512886605830143,1
40.957257240774496,1454.5258953864477,1,30.3557214623184,0.5528470070363083,0.7044544815785022,0.5175832094211592,1
24.382056702616303,625.8025668810102,2,241.9413007426923,0.5884428051495374,0.691173524177292,0.7926925608849967,1
31.231173002500444,1233.7285294415906,2,21.44367347344804,0.08442928538403248,0.843680096400997,0.25973267448073434,1
19.27711587025424,1434.6536381037765,1,73.184632369143,0.4016971528144449,0.8451315493345742,0.5940960029860495,1
16.451829663444453,621.3847190262175,2,44.62945128169001,0.7034837825546449,0.43852622593499413,0.5955940942655125,1
22.151707814036957,1576.63735292728,2,237.26334289317865,0.37776634323182,0.6674046072727065,0.4723927415324011,1
18.10603326739879,896.7225293428365,2,39.95747624527219,0.4610204551905483,0.8814355559901801,0.6352835760501115,1
23.262796774461123,377.0165324395003,2,474.44201509049384,0.4111218114788674,0.7539763953975391,0.8284124688877381,1
28.27191205650866,1031.2544201351031,3,125.24252081757142,0.13617050826148552,0.8716884577840616,0.37934510495300167,0
23.656388698246992,1599.873820340045,1,75.44040537720917,0.30287439881769307,0.15799657955724086,0.13230686845104211,1
28.24858945486454,1413.3475414497973,1,59.64798768572019,0.6553343377956753,0.2672529033848533,0.5991426332153009,1
24.52742799124558,582.1297755748594,3,100.88312765051,0.013872486203795215,0.19763787783392042,0.9487711107253775,1
26.443987967922844,102.71685423255931,2,71.53125616742996,0.17992682599366194,0.3623183928423098,0.9576368036206867,1
23.85222141869025,1245.5064533559712,2,107.17661953047083,0.45447711216464254,0.25552919034629024,0.4541868739500039,1
30.777132661697983,1555.133348932571,2,69.08289304322602,0.586243807087115,0.31885466214103875,0.8080660456130351,1
19.919966345062196,696.3526598482139,3,200.4676468611218,0.6616398184437187,0.2887456151183525,0.7956897588990259,1
41.082176447729516,1169.6887357220692,1,90.86775281267248,0.7536762107665389,0.42161771327285924,0.7324448498840253,1
32.81514954464562,1046.6553609427021,1,165.07140175883728,0.22528261297388422,0.36746172066588767,0.8891089200952027,1
24.349253164813106,1170.1570621766257,3,66.26307271578892,0.2503855896648469,0.35241510902121786,0.7831870136166709,1
25.364884598662506,243.23144962635533,1,170.63057353279356,0.12796851050749766,0.26548193946853593,0.11300611157195217,1
37.01964854595713,1441.0470393772482,2,311.4524859449881,0.8953487031064699,0.19008054409379815,0.33297931120999225,1
35.530450061565354,146.19616804700897,3,375.71537291236245,0.3225735961175089,0.30548018654327597,0.4796189285088869,1
30.13923040408128,576.1350618762331,1,68.69943875223275,0.5932165105040416,0.32716673054520024,0.6413702909982851,1
12.12422780107132,258.39416773256306,3,7.849339646818393,0.47454670474405225,0.2685785144282712,0.4566197872839636,1
45.93519544523863,526.0274691959579,2,116.99808679063415,0.581058200703649,0.7189344333966662,0.33710505294449,1
37.365697763049354,1470.8368537324104,2,89.85460832744829,0.8367409816468601,0.7973009334417261,0.8133171414421192,1
22.1210196737643,788.6846025423466,1,19.935499790666764,0.5033292812254639,0.8883711366833426,0.941053567458363,0
21.083530930611367,672.9420666975001,1,51.6535064263363,0.5527850782895626,0.16759925045661345,0.9024444210251493,1
34.14250853377435,1496.2220009142466,1,14.627837821711243,0.5788633761751069,0.1210773065324875,0.3772848459087139,1
8.83166032127059,1515.649473318269,3,243.06273076038946,0.7092983156819915,0.6337240631276158,0.4482981997460277,1
43.278402143369206,961.4197179136139,2,135.95327837564602,0.516853947999406,0.6667131166160791,0.9361123479745234,1
31.738732323107644,943.7344732561966,3,297.2399784639012,0.5561656281756465,0.4352807964333171,0.10127126070861947,1
5.599680182382226,285.6642889770045,1,245.89697622854627,0.29944239686872703,0.2666002073652668,0.7850783205560594,1
28.337541255350818,750.1641065372542,1,97.64332095976661,0.44971359160825725,0.7315777694210528,0.8229208478181732,1
14.98594453100735,381.0777106198684,2,181.14173548116,0.23349044768891317,0.8157651613764436,0.9277698636302636,1
41.91186032220048,676.4908692461383,1,51.09947291521109,0.8432638310255977,0.4448941389900902,0.9073507581467719,1
37.070893233758596,448.6274014395394,2,50.01505205432361,0.6634161407321609,0.10592163415925696,0.7913177372015617,1
30.18867062042011,470.29447386470883,2,107.21935588349635,0.4673193931013148,0.17093833038431133,0.6176791273487124,1
14.131200692434081,211.90597357118835,2,94.4679776436951,0.5264436064764292,0.5224501991050986,0.36115809224670736,0
17.70106863232659,620.4440877845865,2,42.867597563225,0.6592487744042929,0.5634068054246596,0.34672959252137825,1
7.504449919994645,1351.1732503348912,1,263.44512725123707,0.2960612752683723,0.7120080631017134,0.31785080426546974,1
36.62992958944988,1145.9988879575792,1,74.16072526920885,0.29160622957903026,0.30570846476547625,0.9823895732906788,1
23.157658176993607,1234.697408929064,2,35.62763595924592,0.3274441552000469,0.5838095672428508,0.28139079207133644,1
28.926997851731624,352.22454319697476,2,228.72484868777312,0.4944174843591255,0.6629508170976287,0.13115693578819465,1
27.247278617704428,1595.7672469053393,2,167.24668624368582,0.8876430610814328,0.7281558960548998,0.3513906140733446,1
13.533463163275018,918.7237112870001,3,91.37992252644048,0.32301032500722504,0.47717932622951886,0.43142308686970854,1
7.9606063375319325,138.61617929049828,2,63.99574048458396,0.8600148693420618,0.6685516700545976,0.5029012659841525,0
28.953477925390068,1273.0568538127159,2,218.28490789630018,0.6781319165051465,0.4693988565997945,0.6485817072933464,1
33.71022283825613,134.17694066665598,2,115.84081042750347,0.252187618861716,0.13136201988697505,0.9278599725255908,1
16.357896504933073,128.68701034178505,1,12.650215985067904,0.3993323133083604,0.8770984776781995,0.2966139484992171,1
20.7142315728895,781.8239207034144,1,77.50166473102598,0.8806993527329462,0.36303990971366096,0.4877077309029333,1
33.39171880938487,133.2150609402368,2,37.25396020620976,0.5468007102848026,0.189095246351821,0.5854119323435196,1
28.691137600488737,115.39734206182547,3,190.94631335660847,0.38301343895006795,0.6929721233543935,0.7166906456288964,1
24.359983765341447,564.2982986560439,1,200.5845765538856,0.8839815849851806,0.2702248625094362,0.5587522812580006,1
38.35594506548058,823.9816042412851,1,237.2007918867662,0.09617088339912598,0.29570319232147546,0.9095146232227603,1
34.03553182474831,1330.696331105974,1,166.10468042404054,0.6001712225160368,0.4310871354169258,0.33737891918105567,1
21.940749137232366,964.3165823685271,1,59.93631149184677,0.5184617117889916,0.8949629377195992,0.16784557890852814,1
19.445040323916846,1148.0180373231651,2,68.72963227446891,0.4719435446958845,0.5392685773620006,0.22378637275516255,1
26.736643297701207,1504.4696789962863,2,22.278809780493976,0.3414408319074947,0.6519907386734143,0.8829188446424003,0
24.178350972145616,1015.6706412664731,1,48.86512904102085,0.43525052680082055,0.5226138982504399,0.15853015472403031,1
27.073122856402737,492.96631233543604,1,5.417402265980104,0.16835480675756337,0.5607017065319682,0.007665933761388577,1
14.380671097815195,1203.102131814088,3,67.6037736415145,0.6038756677400756,0.37364069368199015,0.5822127027394265,1
7.745120248338241,81.89652246084908,2,65.36951925884874,0.35108647224068723,0.4379090984592028,0.02506100629688357,0
37.67580825339725,1259.9922937579288,2,136.69577556026212,0.7292103790169536,0.280030442069493,0.5813540366294132,1
41.58618945911311,1042.684190715343,1,52.527229463273486,0.5997661533714266,0.45022062480795344,0.5442540361795073,1
20.390655439204167,646.9690581879154,2,258.01446633331875,0.14609445736065768,0.25635457057177014,0.4519627067003794,1
13.453800290171737,1257.7416495432371,2,4.648249660424002,0.5889491893742758,0.8610367733649296,0.0541899700022459,0
17.154196944535364,1288.7896334985212,2,241.29563067714224,0.4459028407178116,0.2456981610060642,0.017389984878692366,1
34.73640594750493,768.5627048047837,1,11.403717886065369,0.5645020668134727,0.14841183500210997,0.1266444469436131,1
32.38760762328283,902.7539894378148,2,30.175665684400542,0.15321864739665683,0.8310735023233298,0.6334447786471268,1
8.707972204809142,436.8701168586707,1,7.992221952025719,0.6877323503797981,0.5460386413137795,0.4070638212223374,1
25.40817483507193,464.57572555498837,1,23.741442835780873,0.7342951776265838,0.775466077784273,0.9524998882396022,1
8.759337805853633,424.41757411516244,1,25.208580602965448,0.7662078749951208,0.4279775313804195,0.5342128645289679,1
6.7728428037577615,748.7431512238545,3,127.0201805634284,0.7841188267743344,0.5529920373718644,0.0860719310610053,1
35.06498365930979,1479.6134889889674,3,107.706074281498,0.7940078338764387,0.7617593944334411,0.8991979004918279,1
12.186611233416098,1358.2446226979296,1,3.6686116429387035,0.05901986664006479,0.7172371675108047,0.12802761286353104,1
7.7510398277314865,904.7791661386566,1,56.8337064669348,0.14086070723394256,0.24419390497118867,0.6677138137486004,1
23.269053271807582,1532.2790140083532,2,454.59712118880867,0.6547657930250759,0.8910209733091747,0.7894923547303598,1
35.427269518299696,262.7544830537892,2,134.94153677605186,0.03589298054630593,0.46707623673715026,0.6029260370657292,1
36.872068700734886,1042.0130377102391,2,113.19624149801123,0.7465925232329909,0.2511008456605379,0.7315924134034316,1
14.835965869145264,1319.3289653335157,2,98.6403513827002,0.7222458194066536,0.6044021796339841,0.9714698478942828,0
26.443761550792182,1338.2159557761524,2,16.19444352085829,0.41541100873143727,0.3529261413773397,0.24251004746943117,1
29.881383186989517,1115.184714742814,3,76.12209794931186,0.44652383784632704,0.6912664098868545,0.6825377607650152,1
16.701366112327268,74.66127888025345,1,97.86493042509127,0.6404691901255131,0.22316719955315795,0.3245952611242813,1
14.635682156208633,189.7122139492607,2,9.26374541635764,0.4540487300954903,0.45826503232425064,0.0037548560234751394,1
33.57425160336322,517.1297889800263,2,39.49826648538756,0.5691204496246115,0.7113038797061847,0.871319817358146,1
17.093755354731325,621.849791564249,1,345.84629384960306,0.6656786254495705,0.6168553401159225,0.5164872828557552,1
18.751078841192697,1512.4793567217955,3,45.90521565423923,0.7189950708599648,0.8289285730193803,0.8885093147489211,1
10.106983989659879,797.890664587912,1,65.33912272545395,0.5802353296030325,0.8489665436577759,0.515998786222035,1
30.636217734486372,860.2287101876644,2,16.06116914156855,0.7050093614309144,0.12476237332721114,0.823114900566974,1
24.187861184204777,1347.939083700916,1,45.6309031074829,0.6599248062823269,0.18499165215088276,0.7215588269751723,1
25.027619496248036,1008.4068097309067,1,28.461555149185585,0.48428378683014317,0.6196102361099252,0.68152386232024,1
20.348083205208525,1341.0720405774662,3,193.82797372180335,0.613334003575578,0.5608415389570316,0.03551412545556154,1
36.725183376728296,943.624077070294,1,31.525064551889614,0.683879674014821,0.3944003619535493,0.6921632737944505,1
12.899788556137397,357.9655349097008,2,9.389914123450428,0.616318160995413,0.6960236854013462,0.07631128783240049,1
34.0972606642467,68.15472540315258,1,73.08183709412577,0.8818971672453119,0.6013279463742527,0.8133076092096971,1
36.47753778846412,280.1130105251867,2,244.01805375546536,0.12472980694472471,0.592358853525744,0.25180306045145606,1
39.9344882582402,597.3590161085045,2,48.60564599839471,0.24112062785242103,0.599372690036687,0.3342688656443047,0
26.527866994941135,1271.3663406406101,3,361.0160627998671,0.5040211376762811,0.5684107270763372,0.7736379569466642,1
16.342256577668877,342.7204181698269,2,146.77312946665023,0.7117049915093042,0.3642874891566422,0.13073545428481248,1
37.39097132747459,1346.5793644720204,1,17.6679648673978,0.49479674226235587,0.3114250181668153,0.7056043204520814,1
28.773442874811305,203.9095665324365,2,189.6581044508598,0.32779243133694075,0.5097135143156443,0.8134415951592742,1
14.079602367427725,397.2085850920231,1,136.81685488304208,0.45849022726102706,0.5281869174945565,0.5231699066575576,1
22.70172105748309,1472.2423918636462,2,82.64325598206464,0.6305239328520398,0.6493418516957689,0.38328512017665084,1
24.23742163062876,1372.0025405228994,1,277.9577426234486,0.008071102524290144,0.2905517132344346,0.07217365598863867,1
23.102876661371734,295.7650188640389,1,80.53932890566142,0.278326715688047,0.4478709480329246,0.22972267279421144,1
37.04063803881911,868.2006676574657,2,20.330252401676166,0.45677572015840456,0.42481427142401673,0.3172824489691488,1
20.930024334144758,1173.7351018559118,1,274.75129857826755,0.4421791591134449,0.7001637256403671,0.6001961706983364,1
9.511875580027931,1135.0848207502638,2,272.69716501549806,0.5827738366546245,0.3038617258445118,0.04793100137011419,1
42.463524885124436,159.29937154567176,1,280.5793344525947,0.814361991899113,0.40940190839326973,0.6804697673569036,1
5.4738357255426955,208.435400195561,2,45.83168218213388,0.7641868640870592,0.25677239193981116,0.2858241546838143,1
8.579073333701114,504.67401591724723,2,29.366147451478184,0.24678443116439508,0.5079914581682159,0.3628965080431886,0
20.341570786621833,1184.27824824267,2,132.84998208505627,0.5703640966676328,0.3946711682675451,0.31653732255843303,1
28.7138307890801,1279.5963012917323,3,12.467575650238773,0.6348271802378924,0.7071640820915,0.697449681304228,1
47.773554322832254,1127.0587453514197,2,340.8427624282694,0.4970675904332691,0.16267208923531146,0.7592593479606307,1
37.65135045728816,270.31009966396505,1,106.96376513193651,0.448295797076282,0.21860228900924739,0.9631009006819198,1
16.552293223662158,1131.2283904494038,2,167.22433950746316,0.1503871478423642,0.6633625648116962,0.9763972087027355,1
41.08338389044759,1240.9328138996746,2,28.44130670633064,0.8290707962547417,0.8246328764578715,0.9843940789065446,1
22.87030496963982,677.1884018233836,1,17.674666034890937,0.6718208371552717,0.7862275822749539,0.5370282225508456,1
26.69286092367635,525.9292397564803,2,18.27200745145644,0.9136590508137504,0.30395607255724366,0.575489870070059,1
27.811950483718856,71.93232081541254,2,50.654148247892664,0.10146153134825202,0.770670014091835,0.10996821719196204,0
28.536848533085145,152.9780947385657,2,373.4334204011687,0.4271737337120991,0.6035660489400759,0.6329802473401341,1
41.65639430610647,713.795642775122,2,65.38294939825008,0.7824326191493052,0.7721126153958533,0.5578199124300748,1
36.78306318562751,446.91692896240284,1,72.15933161757276,0.6001394905050622,0.11708683997803374,0.029351554590409723,1
30.369757591131044,351.9944128654001,2,3.344850070718669,0.845804751566391,0.3595902358340126,0.21060826649087672,1
34.47605589816587,574.4239450825877,1,19.507461448695416,0.49536082365794365,0.7072479407603283,0.973473113334654,1
28.888491349544754,897.236825641528,1,12.035170156363954,0.20068667138735224,0.6332152607839591,0.8491967770070534,1
20.624930195303353,626.770604818206,3,6.7573669101379945,0.7438508131661484,0.15115489882720975,0.664996656338723,1
3.3925827171745127,648.2148931384058,3,233.43415963686294,0.7301093689098115,0.7321061921411124,0.139362442217145,1
24.25561279326546,383.22843858422,2,177.5588619709209,0.2979500354776539,0.8955485742590489,0.7989934651877095,1
36.46097637471887,1111.8527699258573,2,362.0148025348494,0.6199438150744894,0.45326069476350017,0.534730649380613,1
10.81084524550109,785.7667154290522,3,309.85174497555136,0.8021396120833062,0.3503575671583167,0.5310330173939034,1
11.850780708494352,508.260366183322,3,89.96485282464639,0.5368972786476515,0.279746074158847,0.7957967622689048,1
35.10708047480209,223.0751062601977,1,95.73008299002923,0.48937052659288877,0.85476838478875,0.5606015465949822,1
16.339591144514532,1140.737708211427,1,256.89385493196335,0.21039313709206772,0.6275952251040471,0.7534663993850741,1
1.1408888861887154,55.75172049659511,2,42.127259257755334,0.6473375065676537,0.6150068131087616,0.7441776546947069,1
21.497010737255263,1595.8768719170255,3,110.50196916726557,0.27795255607895536,0.2453953674522209,0.12574889993150484,1
23.226027527550972,1267.7741814141095,2,28.429859993662763,0.19689540286722096,0.44673510117668025,0.5214868428519526,1
29.795206185123437,613.8032994269772,3,123.58686273294198,0.8990187291485477,0.2136476256964242,0.3432646016970011,1
24.597284703959705,920.0237522769177,2,334.1035795472076,0.7154401647503088,0.46798377619165565,0.988157553130167,1
42.76567612441794,1258.8558917588396,1,159.38894061890815,0.1741219797346054,0.27351996585597615,0.2575049448989337,1
11.060216270853896,114.60677943010545,2,223.93180448174496,0.8777831151418516,0.39379007150343937,0.7743312989742642,1
17.481931843807835,1199.5120752432447,3,123.16785149914406,0.4263005140530452,0.17357147015574287,0.19398951343549808,1
28.750781981467853,1359.53693405722,2,18.66678989873763,0.43191465125097084,0.7049513472712119,0.48193959487969595,0
30.077471670932457,430.82786164722654,2,80.90199471031349,0.29364144247356977,0.8396116211174635,0.5346611999542562,1
8.697754394402892,547.0750199193135,1,19.571082497789263,0.5111464488476083,0.3642673503726346,0.8983815282935644,1
29.463287405875157,1545.0706304294138,2,233.97480810056584,0.21629103560847282,0.3272011342967092,0.6869497211702728,1
29.453763350840724,547.4402574684972,2,192.24869627866534,0.741246141312617,0.43216965386530737,0.6259326675470164,1
36.501076924033505,1045.8612306535151,2,20.51461127198118,0.7420157186767465,0.13738597321140036,0.9671852577032468,1
31.269686150914975,1337.0475268372372,1,130.0093420814758,0.47092015428721484,0.46437779746992147,0.5385871454396444,1
41.67716445061053,1399.8886328947845,1,67.50039184156431,0.6183814361831923,0.5270016131684007,0.11647022810028684,1
15.689517431157865,795.4947275394716,2,70.25022719831315,0.831489125011061,0.7578688751779662,0.16643532054128707,1
15.045396448421545,969.3782305580136,2,205.91338081665535,0.6376370942641141,0.1752396236598786,0.6475910944043629,1
18.540341536159975,982.5888824364945,3,35.01467016666267,0.4808371372695202,0.4296593816897145,0.43859725312397513,1
26.935379611383656,1464.732541885606,2,272.40920873309864,0.4125443268897295,0.3917452421243003,0.16705294223101375,1
9.55050550591201,164.6276734232377,1,70.31731863537662,0.2573742657387412,0.5069748096492259,0.5669525423397462,1
19.169290977926345,1551.8579875774203,3,97.77945245628916,0.8452415901935465,0.668628521451293,0.5226004135315968,1
34.812102323791024,1499.9619481273292,3,42.971787192314736,0.7635253999091969,0.6946201923309823,0.88416155613003,1
18.149495941915475,461.5524620303061,1,130.01202864900128,0.6828588560813207,0.8760442884880288,0.6556640122692375,1
29.121932493124774,872.6857516249752,2,267.0267137480235,0.549080292343603,0.10490066465341608,0.5328803192773979,1
11.174051475691176,1168.2685824890857,2,0.4785880989839839,0.5444510199218067,0.48338926541711424,0.16563922395084962,1
15.127241398910929,512.4586648433002,2,235.98012239816117,0.6477296116575509,0.2929210875329294,0.42858415323094246,1
15.29853271586796,447.6977032943424,1,97.39256989502239,0.5706055599785054,0.5067783241063939,0.8552863694774341,1
38.343307221301025,815.9807626959879,1,20.31530871231758,0.7715206477998748,0.8035480303641777,0.38638827124525943,1
5.0809363062631245,1319.1637111752561,1,40.13550727444427,0.48313448773472617,0.22818077548523377,0.6877269057918605,1
27.42662530237581,435.7378983571324,1,11.303256707016201,0.127813245779761,0.5111107548108923,0.8393599046931483,1
25.657391366450028,1178.101630712608,1,346.6921140421127,0.4849292736146583,0.8070720120114494,0.8888742580295484,1
10.598221121881318,440.38616078761225,2,188.61252592075962,0.517858724869111,0.5886204593891059,0.30731500005247725,0
27.22667187815594,731.9415574860087,1,355.1757713413262,0.3867713638806398,0.7775757094788895,0.02578491948588546,1
13.241768157355105,617.4690863961252,3,85.8761271599243,0.3920962177457026,0.28647993980529174,0.14753936998553896,1
4.693543537931633,1042.1174448592096,3,7.58653901761554,0.8670338975050303,0.7538298261750226,0.9607936229527677,1
23.10723826819129,357.64851366072025,1,19.538869900449292,0.13731885195571014,0.7223625092435002,0.617014780014782,1
22.84764658899244,1199.85616638974,2,77.91100506535452,0.08190102058075063,0.6121027704883903,0.9816676959309941,0
21.301795240651884,1453.7458640593022,1,277.3239986695219,0.4481948353062778,0.24735282393193217,0.6372922584835475,1
15.028603892242385,1256.171697762572,2,16.638896967307414,0.5702341866800797,0.6970127509829339,0.5226151317798206,0
30.839652351304277,335.24926544919737,2,60.5266305939374,0.18303066109511953,0.6986107217400508,0.42480337502852794,1
41.960996702278855,317.24495663040454,1,34.196221202499885,0.4424784243013532,0.6834529173194164,0.20053579117647968,1
36.76857310029318,1357.3848192589976,1,65.41854914257115,0.8381314884415264,0.19829589640859213,0.8007861084918169,1
24.03572203212825,553.0860344232007,2,5.45258471581957,0.5775126841038304,0.7560054418187273,0.34550316820835936,1
33.493001621538404,705.2196778381885,2,12.672626413057294,0.45081901139631714,0.3164191917381167,0.6748097689780329,1
13.78556003066881,908.8911242728906,1,123.23869323243541,0.22715964275572173,0.4954036821904414,0.6579377722003524,1
41.45028917947654,138.55431629106366,1,96.49026413611988,0.2529730349007287,0.39920650851093775,0.2300081015814548,1
25.323012945605353,689.2520723182895,2,93.38694254433304,0.17447611616606212,0.2932632161444465,0.6055020882219866,1
26.658243543474633,1319.732630586702,2,136.816254749046,0.7093153448149143,0.15904260283287544,0.028234555676392548,1
42.4520386172887,1298.7824800112326,2,263.535531756684,0.7184264580011834,0.8118668681285652,0.49697741785788585,1
30.724843615018656,1315.4013066831094,2,125.11656202974027,0.29654672466705767,0.8478217788275166,0.0942114581457223,1
25.667888411868734,932.5606883015621,3,23.471709397201437,0.4296708266808689,0.861376239246981,0.7156558171744463,1
13.822254475335418,621.533774528,3,259.9651881146973,0.7884551885088052,0.329009491791034,0.5525023344474757,1
26.78633458031341,173.68657907464296,3,30.538910351605626,0.6118843012385544,0.20500165496870332,0.7188523156846547,1
8.263439447503798,738.4193003027947,3,60.03109191044262,0.20567746918597513,0.19772182079406608,0.8043879116683514,1
37.85159023765408,1011.2414891748114,1,11.843061017179203,0.6988506763847107,0.2630616795002728,0.49087581832884264,1
32.44345052726916,484.30510568591467,3,33.60791950328053,0.4827603120280212,0.3544388467785352,0.03132294567817606,1
5.747562446864026,123.01161492205439,2,30.448427490126036,0.217493032511061,0.48038118927745377,0.09036832113935689,1
19.56632532738113,957.2300450820338,2,112.71993113893481,0.2616267363064523,0.44213478316110877,0.26389705236695293,1
23.902773409409004,1051.5782202923124,1,22.8964788347723,0.2622504057258326,0.4633899178313564,0.9165846152932453,1
43.14523617234299,674.6529738792856,1,42.93017976053569,0.48438402298014954,0.5384863001028164,0.0963405135105847,1
5.495874947847263,224.8512796507977,1,105.19324019722262,0.8042867242402578,0.37330692603742877,0.5829879548920325,1
18.698446389039624,964.7868474689847,2,92.90918473904482,0.688291832037789,0.20755908258470318,0.0469448648132349,1
23.015206149215484,1569.6019121053432,1,54.89678951447214,0.7106047708479583,0.2871717861595376,0.41375720072103206,0
34.84523873581378,802.0870898810794,2,187.79448108613866,0.6602254709987683,0.24288968014433598,0.645716080765914,1
45.05085412852756,1365.3725710088938,2,113.98433353126111,0.8210025102502132,0.3625253082219432,0.7453073183214093,1
28.387805958151315,1133.53256140576,1,130.93047893495054,0.6506587667844955,0.30419611823553616,0.9992356194866364,1
27.075794756198036,349.1471852541036,1,56.708331898743324,0.18482934904134832,0.5209344011202987,0.3076413693091786,1
11.683130581752733,760.8505842460763,3,81.904801031625,0.3233246312709359,0.2604628310811974,0.6959619429893705,1
29.518559024872076,787.7945282463162,2,92.50194649906959,0.2904207185782161,0.4729909612601676,0.8746586804575026,1
18.354516576452856,1558.1979516881145,2,273.71509447568303,0.26972642621142995,0.4507670270758405,0.34562720100976085,1
21.832459517311246,276.3308326106794,1,335.4274897370716,0.6036444741466465,0.5562942774680567,0.7572619953342323,1
24.485622054089866,156.56426385628052,2,76.99231960289762,0.7185836381878701,0.41077080124724963,0.1990764515340363,1
16.49271778654864,875.4947480509503,2,72.55713138098835,0.6767405870129657,0.1786462196429251,0.6241507894895678,1
22.131143364852555,393.5022523924318,3,145.7751540405072,0.23733782064248568,0.7499095868089686,0.7814448387391202,1
35.79888231003501,1319.2507840791716,2,136.45001875308154,0.8230896872123177,0.5411499333330435,0.993313872247506,1
12.01849871986055,456.77110799289045,1,48.182184856162614,0.407265282361377,0.6543011560214206,0.9058737263746662,1
39.89759912614771,574.9141890084888,2,67.40976287310876,0.6634998679642188,0.2591360834761818,0.5961789001560786,1
13.27655051761492,1476.6074165523974,2,51.59182360282045,0.12017477598181975,0.2803976392076888,0.8894705569129696,0
41.094465566214765,1120.17117227,1,1.0701254664626243,0.7888518422801759,0.2741632961289354,0.4053782140376233,1
27.354417631820333,455.9569241854932,2,72.64510287591554,0.552121918964258,0.3511349382045521,0.15792198781693445,1
24.657439576798794,482.53084672296075,1,66.0322321609496,0.6045265257848326,0.7936333126844588,0.4564433377274496,1
2.9173255092313726,250.98152844649786,1,14.731061004445634,0.4476398549583129,0.7916544337176197,0.8129838549487862,1
19.04136249685551,142.0714218270622,3,31.012470208573706,0.30439477350357735,0.820842179562222,0.6604292426624987,0
27.346588171214457,1343.931940387374,1,59.37786402069163,0.5519878929123587,0.656129533339222,0.7556246953142406,1
20.87468594943166,1241.8499421012277,3,35.594667914046305,0.2501445056892287,0.8642055949070241,0.7422699239117249,1
27.772583537283282,1108.1648569834665,1,20.324710324911724,0.5678244209938019,0.6631886476497109,0.8120609356705126,1
28.84569957429983,566.4951208641472,2,56.84404904265964,0.7855750689326871,0.7987833430998859,0.7520382664242886,0
21.711285687740528,1359.656166611037,2,83.18247945030782,0.7105212499343978,0.3691132901862234,0.18812162400122234,1
27.428283747582267,98.86393678973269,2,57.79740562322908,0.25719986071501666,0.8498767507736742,0.6209296022445115,0
18.523772918218285,386.41158830263873,1,167.2896189490254,0.6116102504302655,0.11479375600172048,0.4781136737431607,1
33.48155434962256,1441.5047368427302,3,346.2455581371308,0.694514588990542,0.4353181366472446,0.5348224349303243,1
16.55796933536777,1222.012482349736,2,100.63702275164322,0.8955345330494717,0.12579058306483662,0.44885662045427976,1
25.81690225484914,1551.904901232302,2,37.861710633310594,0.5015477413994135,0.24336197331708861,0.46869691236847166,1
21.22857080429592,303.30169305285676,2,68.51253466309369,0.22402341776915605,0.7907195593238339,0.6004676528666553,1
19.995990895827017,1072.9807657548422,2,259.094525576036,0.6028907346847293,0.6251174807285589,0.5695338560420077,1
24.059337733810896,1101.4939572013157,1,1.0871897511826887,0.13039640577163028,0.2682735698142099,0.2845260494990858,1
29.58547046959025,971.2908222655077,2,163.94784630144977,0.5588859607529694,0.18620771817245307,0.4500541939114182,1
24.240259079771135,592.434596859867,1,171.089315950366,0.40143682811742504,0.495981787100073,0.6932113385978595,1
24.97129362608252,528.23362946778,2,124.17997649027639,0.6354575981370914,0.4738149079098747,0.9777303014891169,1
27.624584545745943,498.2752506232972,2,39.503590514774096,0.47483711741806717,0.2767401635809478,0.17780876086736241,1
30.536083602504256,839.0504855377939,2,198.01635369892233,0.9901984823482037,0.8779206599941176,0.32941701982507066,1
23.15351703223764,202.87811725516693,1,59.35906657629504,0.9422691075987124,0.5266933037279553,0.8881861471263616,1
25.33661988934247,537.4517827580354,3,344.1975147732942,0.3371389943118456,0.1344884523094149,0.24750790164059433,1
20.444709499348434,1023.7273481145328,2,3.2004345529358615,0.6334859839935518,0.7901303794677913,0.6429407738601279,1
18.068708433492354,895.3609086532318,1,61.68853586441968,0.20598133756360326,0.6652149318527657,0.2637864516984385,1
33.85311441506737,269.6866681499872,2,299.7229312285404,0.8654554563738172,0.2718298172061183,0.9588889501336538,1
41.55795077271781,1556.530756655196,2,51.34301254752036,0.4503573312340848,0.294249733550081,0.950832653545489,1
24.388808179998627,710.4278835339435,3,81.00882241076425,0.5432990477383127,0.8452922654849648,0.7266999043043658,1
29.207181560670087,1145.2461254502969,2,44.47865614606723,0.6157553333944445,0.844301618975903,0.6790400116494408,1
20.11002801139124,1022.3165810566699,2,102.25475719769987,0.19095439010954485,0.7644768540563529,0.6785516120729005,0
27.826344787579423,631.834357889617,2,9.84960734001005,0.4993693799493265,0.6334990476174521,0.7008170751419041,1
2.1040327116790496,161.5697019142259,2,162.07767252942207,0.0952144302199396,0.7713812975582442,0.47019458084894283,1
27.62673106731248,652.3216334987455,2,60.77142726340928,0.44427395992250035,0.5743870605022984,0.43815741036775124,1
41.59911435681799,572.6543904454862,3,0.52197466901914,0.6881375705204896,0.6047376717936023,0.8110552130335993,1
13.622893094190305,475.68575312977254,1,24.372834733507943,0.5225503715074422,0.303184169104912,0.6215799567643642,1
36.09158975153291,1525.7717222350707,2,141.08173777300158,0.592943220249331,0.8143443218113909,0.8074493429593118,1
22.536351949859366,1098.9312612375113,2,148.3152352301765,0.5313231606828456,0.5828468927894782,0.005099865985839336,1
18.33322871397457,1243.9559621998017,1,301.8263309356433,0.18093492546925655,0.6959834782284321,0.13495514290403932,1
22.913920741280403,1327.482739058986,2,168.0323697283556,0.8856675282674393,0.7080186861627021,0.3142648323239434,1
6.978027237554676,1042.1813395966033,1,175.92411452437807,0.1549941744518719,0.48699172977543326,0.4216215013188913,1
16.694069478571972,1266.5347969273607,1,103.3659147338034,0.5734978088900178,0.16661663197117982,0.5547109344717923,1
32.32520636865107,1308.9295710410358,1,216.77178299464472,0.5955146478232327,0.12558818669043045,0.13487321519203088,1
34.59739351386868,372.92903356660895,1,564.9080717759496,0.6367941105580581,0.6150177379783356,0.6438279259755224,1
35.757440020712245,1555.5379599823443,1,46.80868491834947,0.47029174700045756,0.1509368948774375,0.7187915611037519,1
28.19243511360017,354.25619810115745,1,209.80931783573365,0.6615176775504225,0.7915256066729947,0.10131742127112997,1
33.647381856257766,1354.2469612270336,2,102.32801095537734,0.2032755068691348,0.5904576164391651,0.7736332677134191,1
13.913996980892623,62.76813158269165,1,94.53987048723873,0.3110332345026773,0.12467714303396918,0.5662925142945335,1
23.709428276892414,53.87237995375041,1,132.05770926788412,0.6353987957492316,0.6599732811415755,0.7342078057039854,1
14.265823400746438,224.92311336857972,2,34.389762839351455,0.6539170611562749,0.8651595534430208,0.5336940641955359,1
21.598590511714995,529.6444885752808,1,66.74312803452995,0.8032100542883066,0.8321931527456918,0.11124922864174336,1
26.046543166250117,996.9947633463695,3,28.65956949657773,0.42113446589191633,0.8630247138938679,0.9842468546748039,1
34.37346001531542,1049.5420320748626,1,17.10859427938675,0.7337549801810938,0.5997643028179959,0.05019358744023106,1
17.900785793182223,1431.4008750590092,1,24.753999770642903,0.21972136543230605,0.4197160550468705,0.40662207680564755,1
33.06918882826203,442.43066537029404,1,28.2195970861203,0.8107320566884418,0.7584809538321328,0.7668546443359697,1
40.243428795603705,223.74158417915532,2,241.63565896825455,0.6077981466368444,0.2557123142702268,0.7005997623361184,1
23.33267300623334,426.40206297456314,2,314.2333400452538,0.5181598594083272,0.48476458337801787,0.5103240840197222,1
19.663499273056168,60.222886119849086,3,192.9220712781902,0.39660873288097476,0.21697804807186538,0.520159942524641,1
44.06573448734173,1552.7085733538438,3,22.807059898258636,0.6945809399771476,0.4667375495878697,0.5661810648101325,1
5.835871381170515,221.8504035266457,1,67.97888170424116,0.1905166400374608,0.32587434849437935,0.1598194519994186,1
27.17893453399376,1571.5112557472212,1,87.76689827149762,0.8013813721231617,0.6036919815886586,0.30959708192234725,1
25.969097643668373,853.22488690485,2,14.400259887759852,0.318481326698233,0.8929882464504642,0.8058102020533539,0
20.81967795798077,338.47031365330116,1,35.79112655764739,0.29598300666074406,0.4023242134135562,0.8275186819234515,1
34.80560915764596,194.42605140576708,1,299.2251475642711,0.44779636320156513,0.28006091218211726,0.5605910481647498,1
24.36455637015873,155.1905836319547,2,116.37765010139448,0.6139020991812028,0.3834030572393089,0.7885673073525974,1
18.170336956952717,318.3448001319933,1,47.564191126002925,0.5494310559192964,0.31208611779446943,0.9619834458923817,1
36.81278912186727,414.86033996017596,2,9.607951691315588,0.4907872171595127,0.7389448706270312,0.5519730243914729,1
26.202988666828187,1290.2856463299872,2,164.33829509356133,0.7258027584272199,0.11996475814710994,0.8017582369347772,1
35.22145648602577,1056.9304781836154,1,32.49744426883025,0.15272818807377328,0.7869287799367134,0.896046532520523,1
19.79563053648007,1255.6502770600127,1,410.4532141611689,0.893000411425218,0.7113899521014911,0.19281074584460844,1
23.860939721781794,1580.3831103066184,2,627.1217511568155,0.23097405389877587,0.14381290510789155,0.13916403070334715,1
36.1738295247473,923.5576539036624,2,9.792438477790645,0.8711875832083862,0.8965199404548553,0.6763221691727026,1
20.860573107778844,1139.5394394486107,3,609.1620062732583,0.17244282905986552,0.2970753103446596,0.33189900089944946,1
37.06593361847503,502.5076036439098,2,133.703542150835,0.4583617715984083,0.47807185387834183,0.20884171603815227,1
17.177341722873606,568.8892047444992,1,39.772244825558836,0.8554674810323611,0.15953510427329737,0.43180313049779706,1
26.054978854329043,1137.1327193398943,2,1.9876947200582384,0.24940156367018268,0.8749188555418946,0.7163587388395726,1
38.950805329393205,1219.2765133696942,2,76.53352282934625,0.42831788053785247,0.6494870845302316,0.44957958654747066,1
26.493577925989737,1028.2379854727117,2,287.36429447136504,0.241187060580694,0.20244376772161354,0.8081266759746807,1
20.94571753399691,598.2452329622266,1,357.1869094432775,0.33852846209565707,0.16685211568435693,0.818569357839291,1
39.131803728921646,319.53745089478565,2,51.17025837843079,0.3280954485100247,0.7667991610105851,0.17467402173326774,1
38.0326913359113,1326.2808663629219,2,4.929392419812567,0.7453704117706824,0.33736339202298415,0.34099497183778493,1
11.828670698685709,1067.5847607701494,1,295.8234104624512,0.6154849634697668,0.5203559165821353,0.8503808300007037,1
20.76775072169468,807.8919005056921,3,78.17056050147589,0.8301511595098646,0.7744776104217889,0.6466609863840406,1
34.367587487555284,602.3552787480197,2,179.83974754747834,0.7450410124777033,0.5558432925749311,0.22257159630757983,1
16.178623120108902,78.7660188838533,3,107.80679085940132,0.2955785863478084,0.6665470943169823,0.3344502745135508,1
24.549139473336098,233.01631712698665,1,131.13977980714105,0.7700410020208419,0.11909661368200748,0.06380559118390317,1
19.146518817301164,328.4077829860635,1,360.05781106844677,0.8071253686761968,0.7115044763722299,0.8323096397976792,1
36.366930237269436,649.2802120920101,1,259.34538085952704,0.2759254410021803,0.4366061690655808,0.2555423359269513,1
34.52261229531173,558.0170664392185,1,125.87813427710086,0.3438084857718531,0.2992953233803116,0.29912170658578274,1
37.13241417682381,1451.5385873140544,2,20.507776489381573,0.7854215148637351,0.37755129500599505,0.004182644267814228,1
19.516282849686263,834.5925054498397,1,9.596546194071243,0.7201356612244697,0.6879283814860219,0.23428883284305912,1
46.09619425538781,719.1189642724815,3,24.002608714271204,0.6097179517943513,0.496067960256238,0.7750606655386372,1
44.630352816112094,557.97976386373,2,91.58248208064755,0.22922077164287266,0.33768927731877063,0.24176957262320575,1
25.730663822384514,1391.5305549056654,2,14.040553365967039,0.16764616912753214,0.35793230705611834,0.6321124169089146,1
24.592302090706863,342.78721360126025,1,11.592303112696172,0.47338661176834634,0.3977590406538063,0.9209358011377413,1
39.841720153749144,445.9157478972349,1,60.52986946759207,0.39713094960630096,0.4431353072606822,0.6655100926995761,1
37.65344699209345,217.24246946656626,1,95.58651655665304,0.513673150228073,0.487032493580157,0.2380278446781955,1
46.0371645089976,309.3873171986318,2,210.10945964333524,0.2268370983483804,0.5398624754641974,0.33492532272060005,1
40.577067857556216,236.12652397250747,3,308.0555448835521,0.2870187485107564,0.7473484024095097,0.17852939598275674,1
17.809611015556914,878.9640833001716,3,19.808848825605555,0.17158644230929687,0.8131854188645791,0.6505182539356517,1
36.775537029357956,796.4629209322333,3,103.9252951172275,0.4314460126593847,0.6201499808168652,0.4155713773119384,1
8.733974151965933,1489.236554818506,1,273.1035950484989,0.5879877727202042,0.3869567468862549,0.5900687913357742,1
29.35172603168412,282.90932408874903,2,5.771718667912806,0.8549153196584728,0.1785078002066726,0.3725617598063571,1
40.303169584004195,668.1147107367326,2,23.482458209720583,0.13959670861302145,0.2675201170378747,0.3303230522917727,1
40.2019614806382,726.2803665511107,3,31.237485001420367,0.7925072266816249,0.2073145937900198,0.7646238863477857,1
37.635358678612945,805.2087769256093,1,12.110830466937953,0.31721302032969406,0.3893802421192273,0.8462663278076175,1
20.910232549790738,1387.8169432010864,3,14.37897159024718,0.6159265174968878,0.7033000943733706,0.9846341260318335,0
39.08868506994156,1417.9142904514495,2,19.88973527083877,0.5452548515482668,0.21942623387266613,0.2313338625625826,1
30.436267116252836,1411.716854374705,3,155.6318965425204,0.8580395045683638,0.7508512600378,0.907410268558929,1
33.991704316897504,1141.941275061199,1,54.2001410202668,0.7409610869840195,0.14858775975505953,0.5413752291106284,1
23.797543575297922,1105.5761295097989,1,176.18886094250666,0.4594480715621827,0.44902853973467716,0.5443338334558807,1
11.10399802687145,734.4187957584817,2,315.1022076138229,0.90178052136462,0.42247759184316624,0.2607648418544939,1
20.74054863852594,1548.6964309762336,3,42.674474470688374,0.7421222908425209,0.8247126417828984,0.923331652050061,1
23.8954404000267,996.9414250122423,1,111.27157008992756,0.7542629326605561,0.7437403489231315,0.5747276976167939,1
34.62719443635453,516.5128171371094,1,17.94370842513742,0.5912036460613148,0.4545076035609503,0.9921781540507192,1
24.591197804321062,408.3003488497275,1,81.61579053510643,0.9057762487723324,0.49224134168649825,0.85159026872501,1
25.770890641733757,1194.0851469337701,3,69.87756199527195,0.362577082402714,0.15416630935323614,0.575002745751722,1
40.725790463243015,779.4296807040329,1,11.052447859061909,0.42630681202211074,0.6325006464962903,0.4778283862095065,1
36.362961402031644,248.20443938692716,1,1.501875270640132,0.947967728512806,0.4616866962398214,0.2584858933580486,1
31.985102335985303,395.4086876967967,2,87.29071966890362,0.6206612708858724,0.24953230167399332,0.7401526951191497,1
30.021909840220797,1419.8734306436224,2,164.89634290019947,0.6088007053206159,0.6278174831132479,0.8732235840349707,1
32.11789089681669,961.8141827703889,1,282.8363573958851,0.35748405876629935,0.8480816863267042,0.27358506797510107,1
27.304165306316225,1327.8418373203804,1,49.88342085929447,0.4647398184706188,0.2803198911385679,0.7393251284541229,1
28.420043625699375,174.5243596330992,1,349.6739653853367,0.33173656444147975,0.7323711517987261,0.7243975240500534,1
26.384454091738498,1194.910961778367,2,173.58748200782208,0.46626582294596025,0.538321896160952,0.8949163659788557,1
18.94181488670408,1519.8211596892615,3,12.456093764599517,0.8328653895020491,0.7206001238570644,0.43770584315497296,1
10.265643789189403,158.5125707546192,1,176.04748947456855,0.21447517406667277,0.7217430451188761,0.5691087772804739,1
42.28544420884504,811.4038218825119,2,500.52208554997486,0.30026249434417285,0.6621752331658326,0.49203178165997763,1
23.99982830131333,100.60956042362596,2,116.08424080626004,0.7126102602582415,0.29562249861641,0.7642008802346979,1
36.86749339849145,1311.1735006903937,1,134.0577446219928,0.17870483516402552,0.733400503498718,0.8191706705023114,1
26.149248938862453,97.18249519666719,1,182.1162182974073,0.9514481033767452,0.47196903957033187,0.48021808738111127,1
17.514759346165604,863.9440929487341,1,42.95898394256967,0.5165964659358123,0.45981348494667484,0.16410990326355257,1
32.3015086586151,1534.9242461237313,3,41.144803259910155,0.825285290328719,0.46249136684992187,0.45414340498011785,1
44.25729313317066,767.7203218947028,1,83.77844344501534,0.38281668232745897,0.25193725968252495,0.08915094716025895,1
38.82143669397806,1488.2300024512701,1,295.7838305435942,0.25354497489965694,0.3974591979855622,0.3696796293398811,1
36.08279527851874,875.4982216744672,2,166.5816640209889,0.46854170385832417,0.6519991008319532,0.18184498423271744,1
42.64852038896332,501.2445999011318,2,108.16721366977491,0.18224665728226402,0.4594843628920796,0.5438311607488726,1
9.163629891818461,1465.294350347671,3,22.79633416985085,0.49580088213641255,0.7704914959802206,0.408710339825225,0
22.40355431413601,1324.2903921407212,2,91.22099555673454,0.9661422431447164,0.10784437669158137,0.21922461922392344,1
25.008012325967208,616.3904683699307,1,94.12231719659249,0.5674079412717983,0.497566672084794,0.17246678350940248,1
36.78345949589465,1540.8593615756733,2,4.227388286403546,0.5909795519515443,0.6141837411422629,0.5218650378655403,0
24.79058830073344,1384.7718276016537,2,0.7474301132330826,0.7660673359100993,0.7234280432571959,0.8923844236023,1
33.23647697733372,658.9431393128987,1,0.5457827934480926,0.5009086637011476,0.7972074388946929,0.29260769819758115,1
33.336400586987416,1118.4053203273859,2,77.37627090955023,0.7468071143468316,0.7155352495479387,0.03531915295379384,1
13.245590901327299,1421.217596690691,3,151.44748687482112,0.30631105061828373,0.4396557156876887,0.03310919034738424,1
27.4337388753533,333.19206431844015,2,147.33747109185933,0.42565193727841294,0.11884231246579598,0.5428628940250014,1
24.317674132331202,822.9286860784064,1,192.76361770291302,0.6973156258604712,0.30353668043141735,0.19912239439669122,1
35.28612208044176,491.2281748950716,3,36.88644769739717,0.22635362394721187,0.140618885671391,0.7289512960686827,1
29.232054441024896,1401.0705940353985,3,22.592547286812216,0.6523003950787909,0.18650347843310566,0.7490301292042097,1
9.53750872946179,818.6415884930425,2,3.0882603173175256,0.9350012013021423,0.8735430183805888,0.4678955445468507,0
27.49018829838221,1204.1727233204879,1,16.935790176700067,0.7392557229619658,0.5038381910338011,0.30537244768839944,1
31.343221190880133,1050.3132561085217,1,4.560823786040626,0.3378794061851942,0.691718759741462,0.7277476410245891,1
13.37061552580031,1324.226436430348,1,30.72079827668638,0.18407800735056046,0.5814533939766588,0.009391101577395422,0
29.529050227569304,930.1647372309179,3,128.3566130962872,0.6945873682899095,0.20329487503121169,0.4973263023935509,1
27.56721486938746,926.8634288290691,2,387.82658428714,0.619351340982547,0.38673961080373054,0.8362926971854023,1
29.441223890702474,365.33188732845605,1,86.16341701949639,0.7263646503452329,0.18867765375792775,0.6274950374852709,1
27.934316697695326,403.6530525789393,2,176.60588919736136,0.8225250822412541,0.8539917126225657,0.6147550680801337,1
27.717388978137567,703.9199617767829,2,157.15119220965443,0.23159137035668864,0.6046264968175332,0.9170966242439973,1
30.303914015118103,1471.241538945636,1,24.947307532559428,0.671992818856383,0.6809983363765947,0.5700342125437834,1
19.074487364483815,282.2503534087005,1,211.9526274383642,0.7484507559641596,0.5143125581607179,0.2186341400957511,1
20.99491383109696,397.4297175769134,2,28.06117847344925,0.1919891845265375,0.4892793096505037,0.6489279835544896,1
27.825831982210303,1377.8232872248054,1,210.90678148522753,0.1748437177622694,0.6015632696661659,0.058542584579702295,1
13.823432346686348,1500.6774321010196,1,0.8404753073463335,0.4285578784779402,0.8082427536549719,0.9336264825297118,1
33.74105370990576,1239.6115783455555,3,6.046038012307438,0.6075054723079777,0.46030979882239587,0.4713554023550144,1
27.410386637401817,254.50162067675043,2,107.45461765897005,0.6520976868436096,0.17119178036799215,0.9479026603794282,1
21.785083945369177,775.3737610990534,2,220.69061310390572,0.5527752349128793,0.3813075925701398,0.5071441351999879,1
22.024526380838186,953.7871786676989,1,7.041787632842745,0.5179774057648017,0.20557695749440275,0.7396367881276235,1
5.816460698393588,748.5859876131556,1,64.94308856127314,0.8972276883525931,0.10294211933968525,0.0037661552633880824,1
27.10227910069477,109.14906985031169,1,7.6858526568606065,0.41018721858197876,0.5856058081795342,0.9454013411412153,1
39.77450725945884,1503.1717770881137,2,20.085145087677173,0.6654632754926362,0.3232804501142524,0.3784165343790912,1
16.293477492195443,180.11804923649728,1,31.428115765539935,0.7959658792670664,0.4091817656914447,0.0019189048535033226,1
28.6348514638233,975.234533737627,1,6.035449990444272,0.3693603773920377,0.4217374951276792,0.20802437822396125,1
21.02072765329049,720.8798931962365,2,125.27102525403146,0.670373463165413,0.28206954652282834,0.2113211526397396,1
37.11043771940818,476.99774943853424,3,61.65523297526128,0.41797436816874517,0.838749931048112,0.46499609967812383,1
22.481312993195292,362.9323152362766,2,92.74281489846705,0.6050909506595258,0.843009434854164,0.06260616399493202,1
14.154644555739544,704.9112919084174,1,119.08417387033074,0.8937514874276626,0.48119647608349314,0.3251613376886301,1
19.195594967676403,102.75059433032544,1,14.113167389614206,0.5759816387913521,0.6250669686651972,0.6957690499365957,1
28.815145192946293,864.5984352679443,2,105.63848543888811,0.6484300882043101,0.7475352445119937,0.3292748818029386,1
19.79602338568119,64.11940625516347,2,300.0955629564927,0.5882144923150207,0.16747260143578116,0.8609039213349886,1
37.03760364857923,1141.3743104970245,1,267.4222909704967,0.7847973065955611,0.24725653697994324,0.04426579499663075,1
36.91153492383971,609.5238303284071,1,297.8567852626085,0.5569701601574203,0.639188120590376,0.3852898151070807,1
12.343246051166187,1485.7521912047082,2,459.01424192257645,0.2400392860265256,0.15376543477957308,0.2159099779489011,1
27.578404989014615,1418.9109763184738,1,110.16298840611854,0.5413242412910703,0.76730255957099,0.746786530821163,1
30.18631865258896,1233.1701110201418,1,21.861655249074595,0.39930985439404004,0.6869616107335033,0.6073123172920037,1
12.366166728327938,1464.8604182162676,1,180.2025161815703,0.7715659479976915,0.5759118956266439,0.9595068860341307,1
10.972881208892035,1262.248636342323,1,218.21166042578665,0.21884624338625308,0.4803255184330403,0.6165069667246538,1
37.345815998083324,946.4077157889989,3,122.4958262866336,0.9358350980519725,0.5496436888562916,0.15559724853489132,1
29.75138511544839,1111.267229754307,1,3.3445565128075647,0.6589013445481665,0.12378888731552617,0.11180552199535476,1
34.083710522211405,209.44044960148102,2,510.21807529480236,0.6942771431144864,0.7125988440428047,0.561551832439726,1
15.331932692086216,272.3110393528399,2,292.62930458227004,0.5887104661882815,0.303397780744078,0.5306837331898309,1
9.486768052723656,683.8134379381232,2,3.3372867014221437,0.20494054918955884,0.20479384497427358,0.9344620924288217,1
21.655768973199816,1084.7488975144502,3,308.9130004815637,0.8030777718247317,0.7056024883347398,0.7222070226984236,1
19.66591807925903,976.1401760172168,1,101.38626041260679,0.698005519588677,0.5408308190660976,0.2823372620926372,1
40.50353724947631,327.429296497286,2,2.7723352936945163,0.5469356638917227,0.19754634703523824,0.22422226500347164,1
27.671847748920122,192.58408180419664,1,223.3742706470816,0.8083492117360023,0.802195506328554,0.9591816006241336,1
34.163633065272734,829.8945978176448,2,32.425004016471526,0.4684431473401354,0.4428461742089639,0.19953178678869132,1
23.764077258193687,1100.566348415952,1,166.29483943093732,0.5359942772110544,0.54201442281246,0.6701377624910744,1
2.4787423508720767,392.71836118911386,1,19.552080177323564,0.4386674484017124,0.3015370417004428,0.2036384070206736,1
4.519699121961213,417.38318762474466,1,79.4533832079178,0.6968451790594686,0.5699836755688018,0.25004608240899584,1
14.43862991541988,947.9368176285036,2,45.14017307059549,0.38764083761961987,0.6474513933655972,0.0827410185521622,1
37.74081894521595,1010.9770030586906,1,33.33860334623514,0.42860523834939773,0.7283769400413679,0.22636062136137336,1
11.684550771148722,1065.9176893332196,1,27.123778642681444,0.5183258449815992,0.5165477680918327,0.1097684934844273,1
19.689328474980975,298.87296530696506,2,25.74956774201612,0.26500615385734705,0.6326166423104257,0.5254911817686774,1
39.977638297996975,1179.8258863985702,1,132.23664712419125,0.5776303376070987,0.39471842359754616,0.5571961425410535,1
22.7999461361145,917.1015514128869,2,119.77033108311296,0.5584819686271679,0.4177674430744368,0.3880976635698046,1
27.8812818634769,694.6282962639402,2,283.2554949179721,0.9302012236444737,0.1783181689213289,0.5414239954588388,1
23.76236691590153,713.1822782218271,1,52.779157994844624,0.34030537140490386,0.8054406666722498,0.5595111573957668,1
22.441683239086476,1151.6255693295086,2,37.95946859535495,0.9069208248146822,0.10203657854775479,0.860452292516484,1
36.92307472527502,1110.1586714976345,2,399.18818244617535,0.4831192172455373,0.7962834162475103,0.03284881763815928,1
38.467351893391964,1326.872593575391,2,101.22544602036317,0.45825825557886035,0.49551310831126993,0.8279449436280208,1
20.52025293366528,1037.38261131007,2,168.05355370533633,0.5282440251967309,0.723028261830208,0.026978398398574188,1
25.969767133179747,1376.5607091249815,1,331.2587273309405,0.5008356868925758,0.36571009935893717,0.3209853564291911,1
42.03122456043824,434.8631731584012,1,61.88516692405748,0.8864631571794777,0.3667898557644135,0.2848299399129526,1
33.10512397172058,1471.6149239293925,1,219.81363353115222,0.22649115910882658,0.8827970188960691,0.12195498361494439,1
30.51655634981052,1413.494394883941,1,133.57680398111737,0.6913642237811751,0.5380393228669866,0.9379793795399303,1
17.13247313337001,1365.2931458569053,2,41.22904901511767,0.5337765402115265,0.3717978640580728,0.8731395026799439,1
18.160979241069146,1557.765952500656,2,18.92957630875901,0.13880462890943004,0.19926927227801292,0.9895259398071177,1
28.233199257853016,1194.6777807957296,3,102.09404420935846,0.5933107006824055,0.3344309825653249,0.12062271223541798,1
31.629210630560113,399.91450216045746,2,67.17960621203173,0.5152152507447298,0.5153891726082754,0.8120935857068197,1
28.40377277424701,697.6637639777396,1,241.3311384398622,0.6523829266380426,0.3851965475445943,0.28016200220248433,1
26.25087783303536,901.5356287464663,1,236.93077709996834,0.6311487031346164,0.37085882630390776,0.2788974572700832,1
29.79253946138241,702.5639265892053,3,16.512934557190494,0.9688289879757243,0.7723831645651906,0.03274575084866471,1
21.497348474552187,1128.0266580232358,1,72.17925429278901,0.7267223134482765,0.5720750140933081,0.6124744334928742,1
41.97894814547048,1078.99042146547,1,163.71665300981968,0.8149930935260882,0.7735925305012946,0.9936062534182992,1
27.606229548334095,445.68770376360277,2,63.05694103949568,0.300252397803418,0.27535558463515886,0.7765254015717645,1
31.472614880390434,564.6117485668725,3,31.868567346865362,0.9293211233018835,0.7597783278075946,0.28819453756422864,1
31.728974873875597,1537.7686496543986,1,43.279415574177186,0.5957855571325984,0.8996191648089917,0.8400261161732414,1
18.370688760834035,858.9131711618987,2,72.5919263532344,0.3772374728959395,0.869931384114242,0.7790973352501354,1
33.81352548259293,724.5595868198451,2,121.1133179067899,0.4989487353709978,0.5250219049798833,0.9097686598083289,1
16.468089008913257,740.0799141199963,2,155.80443106362617,0.29148853641516714,0.7833368709234432,0.287423789631992,1
25.1480380525665,117.30519098298231,1,44.89272505457987,0.45222613663027206,0.8501213066072805,0.3477348861203484,1
15.101870452415628,726.3360410529394,2,6.272217043803218,0.05649910040965264,0.4709226906007531,0.03932723347984124,1
25.015149386645348,502.34598274975826,2,91.29217725653741,0.48452291200768366,0.6517100283278354,0.049848613146868836,1
27.68590749057635,1104.020251884414,2,40.6339565696601,0.5167556347568039,0.2038642510486092,0.5359051888624101,1
35.724903354181535,933.8121383460332,1,10.976230063541058,0.4319234536809158,0.19019009849387836,0.9963292014655214,1
27.67323177889032,987.7846786433385,1,141.7598513858957,0.6048746500464185,0.2859359705944827,0.9204533196879119,1
36.39557698879159,867.2437528787356,1,36.198343381630636,0.16704201458942486,0.858506070591794,0.9775218504493067,1
23.83101781811347,1545.0324003485634,3,115.25302618133557,0.2457243538453021,0.47680869366543166,0.622232070855315,1
14.660353306338923,74.17934825469408,2,140.99660693991777,0.4695632849049986,0.4334062123491156,0.6453580665518553,1
32.93298575912575,1515.9416472896016,1,120.86046681754452,0.6004168740115633,0.8949722426250153,0.8895824434024491,1
28.54961618581027,236.68262104165905,2,17.602332663988744,0.3539039825610034,0.30790636656172565,0.43001592297424607,1
11.00409471204938,1513.7884251355417,3,212.289785942987,0.26431378493151436,0.26159230378631626,0.2983257432242701,1
23.57831107441774,64.73223018276697,2,54.70851596796653,0.7562066393816752,0.8428365387830697,0.9761093108753726,1
22.577848768326344,1528.9381404628552,1,256.12163598694906,0.25308031666673014,0.4411234885614419,0.5247457758775231,1
14.816911161614245,225.02572182647418,1,150.87793488218787,0.44299429529971107,0.12057715565801495,0.9548819286945158,1
27.300600677850493,1300.0680979518313,1,78.74471605785057,0.4246252762284594,0.3626184355840246,0.39158147319926573,1
14.996898885305534,284.20940024244123,2,329.576141583415,0.514857142146942,0.42400097693910144,0.9722988158698933,1
24.077643346391238,1368.0235550211107,1,130.27664796613055,0.33338735146321546,0.2912053248375991,0.6261570047062341,1
29.960545527045458,125.00922678729118,1,298.986733686904,0.8012793078563074,0.6306896812063685,0.07343398209629126,1
31.708041428031425,553.8266043926835,2,76.8743924631855,0.5984378266726774,0.8075485312458869,0.23649086156574373,1
30.55713369272918,1218.2682884802966,1,153.4282689412851,0.3668805064033342,0.8155365485299335,0.06860646087496758,1
40.02440665558254,374.1593102993797,3,40.23823043539691,0.1653370067209317,0.5594883647428803,0.34611599925500836,0
16.319564046935113,201.64307587948238,2,20.20825998657312,0.026606841046012283,0.5587044665317289,0.6224605855702632,0
22.023401327468275,380.8166804711657,2,74.24694910316444,0.3646225767378111,0.44792126166917856,0.08641907535994808,1
14.517097846749344,1329.2080062263979,2,103.0866151398933,0.5681980231144166,0.11231692626333843,0.09808250373804916,1
41.581689878769005,1599.5706486974661,1,138.80248321220006,0.529339168030008,0.6152757644013466,0.7109026460072979,1
26.961042758809793,702.3757563426157,1,71.4023671615326,0.4572350168836561,0.2950579931536999,0.08202687408805043,1
29.421973936769618,580.5316097052271,1,87.48078760432303,0.29248885092251836,0.31448392473174513,0.2795968000270337,1
22.014593879071345,813.2192572887062,2,149.22102881513294,0.5953504234672529,0.19167791131288886,0.24619717281633946,1
3.318131440085754,1115.5045411020885,1,242.74830966306382,0.27715964560645395,0.4619980601565187,0.6369216984232015,1
8.464616745317931,1145.4509092225233,1,190.64928384153035,0.5625713304550206,0.6685577654137282,1.5006547957829852e-05,1
40.62117288926469,376.06871952384006,1,305.4416023463177,0.7492051831845282,0.5630975056907879,0.761609453003434,1
40.67613615341162,772.4996156253123,2,275.5641218375437,0.6829126970851115,0.6888059749022204,0.8187831261435552,1
21.335258033317196,709.569978672611,2,181.33768891646957,0.12225091421367085,0.12107901918948967,0.6522548278757822,1
31.257079519173992,1313.7166096944363,1,35.362218740110755,0.7108133095522678,0.6490560106183871,0.35398365006023413,1
29.7260633543926,1068.1872091060486,3,34.02195476682706,0.4915310532180687,0.10489427300792134,0.22639674765922613,1
28.059763964912946,58.63598089210603,1,156.17752973762947,0.25521352414089493,0.47882391401050417,0.04413829964405769,1
30.889547516076533,288.9974080455479,1,158.42091075610796,0.5799066525057063,0.1279203017121777,0.5998273500891377,1
26.98100734020897,1387.8665570002754,2,146.48241090235643,0.773602187678689,0.336940935393,0.34955579950883997,1
10.420480885451664,437.6553961992512,1,145.94101146628813,0.3401840558329694,0.5274273707717089,0.3575937233476836,1
23.946701486344534,688.0617327427103,2,39.798863966724426,0.7544152053516042,0.5047374025087987,0.6025883237974065,1
41.960620829921176,659.0388244977885,1,78.87178316589517,0.545145057752578,0.11261422074732659,0.4050784699046742,1
10.856000804609955,737.9960214748164,2,178.2365541664476,0.2840827270605452,0.1419250447252404,0.2650187276199538,1
2.4831899274844402,922.2166396150561,2,72.3466348588443,0.06447661455926731,0.25936516203804594,0.15254393225327223,0
24.719519624659068,825.5860301711336,3,23.094247227328736,0.542230274606182,0.26026468792282864,0.23533905104516606,1
25.955433379561335,1190.0717811751153,1,109.3815520750296,0.7667211979561331,0.37164248781721565,0.7648727970580238,1
25.317064353401314,331.2663616442274,2,86.09205620315936,0.3823750417134637,0.3884304874743302,0.2060903407599679,1
32.303815996734464,972.8317658196231,1,57.35509176325012,0.48190535740425344,0.23525738450867115,0.8826511646678653,1
28.18858682800227,562.2618458717427,2,47.21050488353652,0.5249315203681703,0.8481656830342527,0.08423619148817019,1
30.08521724419644,577.765964806361,2,2.2516799797970757,0.8394053233145837,0.8973509451603385,0.9237032178044564,1
30.054003910572685,223.77649403752216,2,22.234798649596723,0.21970789147227973,0.1951527667508379,0.3560105417769631,0
26.77058077002516,1197.1223838902526,3,364.3156624550131,0.8171496547979828,0.4989312940646622,0.06578552511829527,1
27.495062449454892,738.1980486567084,1,276.41927450707584,0.6071454937394318,0.42925087118461414,0.4312376657879836,1
25.515073750672226,400.7838402772393,1,31.18368738525483,0.38300138014907703,0.40766386772305263,0.6267570315320181,1
19.77110219532431,306.7635059374811,2,46.871257867433854,0.5258377044456289,0.872901108705392,0.9458964022073271,1
26.20286291246315,986.9435817002105,1,147.86822836401862,0.7101017741410163,0.4866946328741796,0.20574245801527735,1
27.78906426551932,347.89378350956207,1,515.424183844818,0.5394384182237263,0.811945019491693,0.7329788778651084,1
9.506587526125074,1483.1606669237449,2,163.78788735786748,0.47277771051108036,0.26413743349949814,0.9461770747606293,1
25.496683442204315,1525.4411686105366,1,122.55302050116194,0.28171179434336524,0.5967725847825255,0.49784270773508066,1
19.59013903676362,772.7429538307845,3,209.238767962308,0.44589325662546186,0.6106748022198005,0.488099233346465,1
34.01220745392194,1293.3964431509964,3,43.977871079840824,0.5838744359286001,0.18515517418928767,0.5925353443933337,1
40.728371360867875,1473.4658880684947,2,189.11831117984832,0.3928962321709585,0.23542385558390616,0.7231344957157687,1
37.15575306220937,825.0162063340844,1,28.527265608953165,0.5720631907771269,0.6807692807514407,0.9921417381059662,1
44.49406285591749,603.7064252104421,2,151.0834533929567,0.6080663838122728,0.29567647337122493,0.2976658679044327,1
14.212551865779544,819.3129119819007,1,177.18524942860935,0.5414714559726669,0.310160813650878,0.9358594381769402,1
19.193690310489256,1265.6643290449435,1,170.31467133017966,0.7895458922081618,0.7800417860511188,0.11653497136715507,1
15.444358834572721,235.36078798684426,2,49.02850474114653,0.6342137944289127,0.17770835714133107,0.06119125856720542,1
19.15286194479239,352.33328454791047,3,148.85294841207946,0.1780155957856352,0.5850041848406727,0.02188003033338315,1
37.94837270348023,103.76890995515254,2,300.62033515924645,0.2549950780676655,0.252833532704494,0.008448962654422632,1
33.53097448156199,1384.0366570977503,1,103.56850452562176,0.19167403832195803,0.10936450382478072,0.7806798882343141,1
15.886043616085873,760.8267553679443,2,315.54899223511234,0.6079326634979042,0.8618049018519199,0.8632466116203557,1
45.01140425903856,274.47144741023044,3,34.33647925316383,0.9233370400641118,0.22580563961700248,0.05614324616605981,1
31.392843118731943,849.7620084983852,2,77.78178633289615,0.8152398375527652,0.45899270152342775,0.10378641123120558,1
8.251932928419215,1249.1701573415157,3,43.6836356259909,0.6501368928708687,0.18587685353334946,0.13735459233387914,1
37.99330714802043,412.59015170853405,2,408.6800637727616,0.8963828523678413,0.5638717565830782,0.2767609109817041,1
31.447365527431245,1362.1057424480323,3,118.38946817710553,0.09608460234118488,0.29410544167854114,0.9210919210773926,1
31.12367838292183,1141.5548556688325,1,193.0403567491419,0.5572721231427783,0.6860364113128431,0.9912897138522945,1
26.55575264747123,280.5620338553664,1,150.85275110395057,0.7160358459522582,0.7073787167944536,0.6889386505431043,1
23.35054109080473,495.64429436525796,2,53.9395766879117,0.3011909215014655,0.8986726930550052,0.83120453335881,0
29.791104312842183,567.5173031595433,1,164.33421998610694,0.43228583234400386,0.8740260483534205,0.9066126918208287,1
20.055846225860105,608.5814401418951,2,23.776613982430412,0.5564549475408128,0.8515016743568153,0.05747286780027039,0
19.858045367150716,770.4876964935886,1,349.84149044713143,0.39797710338370684,0.4760181730952444,0.8331877446791474,1
18.68156899801607,468.38997995400473,2,73.29138039075141,0.709228172501182,0.4788942608970075,0.9899745418813889,0
34.52537079326633,261.23421776090515,1,172.62476482455202,0.8509389391209803,0.5590147532770161,0.10357035215504629,1
20.933591738935867,1057.8585898327874,2,110.21801998852145,0.584595317172444,0.3329973657135641,0.9547653527475815,1
31.696542391860508,919.9206003560489,1,121.45277842885716,0.20977862675480888,0.8517942927946385,0.45185533272125866,1
22.958461626320755,249.93559717708632,1,141.9157500154109,0.3491110603513479,0.16325288921433517,0.45474453323304675,1
23.489523086603597,750.8389864003917,1,71.87103530087711,0.20655676719046087,0.21488175807785892,0.8924451980311565,1
24.37473658862602,1503.5523319803563,1,5.565482629558062,0.6684056802767421,0.5072237592732053,0.6260051460322104,1
19.00366547152049,468.52916161828625,2,106.61362450367136,0.40507904768522046,0.4067172274992037,0.6241609902808494,1
27.200602187407544,474.0652920588131,2,20.820336477625496,0.3477634195375629,0.4494511822070396,0.4626035806311076,1
29.5066369842276,98.67623713393291,2,298.68584150263655,0.8584587575415007,0.8522934888724536,0.413682231397409,1
11.543134573054315,1219.761072369329,1,93.90972189458428,0.7583496705154746,0.2961903227039786,0.6436742114436074,1
9.21549887134904,859.9174628951989,1,288.2665330359065,0.4968923656579248,0.5957881722352422,0.7257997160601184,1
38.32546504727717,1189.8017849635232,1,147.9458893153697,0.3358950477285262,0.4394846753274876,0.638800838375717,1
12.924670879644362,1233.0965835759011,1,40.014350362691744,0.07957354210256022,0.10043512012102776,0.5763118880869275,1
9.611712451455283,1492.0343491795945,1,62.29690836400841,0.46903441149229474,0.4229857082698677,0.4899310603946332,1
27.846476866940147,879.0017182078884,1,68.46107531292287,0.3914198497079868,0.7561265982469073,0.3437177769347062,1
42.60676994925074,887.028983852261,2,4.783069630982734,0.06110126584586199,0.66247419756252,0.3413544549438803,1
18.62420134111573,181.34767280789424,3,47.25532098227809,0.785658248087524,0.3506732000384083,0.1690666390753348,1
12.56443692284641,1003.7814039474742,1,105.48284900795183,0.4480518364223923,0.8024980392991306,0.2098436065163829,1
21.246765389800515,947.6605010231889,1,422.883803418906,0.5555175631598005,0.15995296597578115,0.4031985711173972,1
31.302836852106626,444.79666940834977,2,27.534514480200265,0.2530313416283301,0.3706421806192267,0.7290051122528859,1
9.932253222521755,69.35036167858388,3,35.45865500435988,0.23776586528656898,0.6747744936389826,0.7146015644103684,1
19.64913124231782,1477.1806373581608,1,101.33725138659966,0.9438705897480404,0.42062961288051826,0.829331962449525,1
37.293363705876764,746.8146074160857,2,1.4248808810849767,0.3110799785510295,0.17724599703534816,0.39536441651336107,1
24.560051594707325,728.6394406802565,1,204.81493176548446,0.834969151823214,0.32449032556951507,0.07205711446488161,1
40.80578749956159,440.71596914407263,2,31.474922370186814,0.8160730714913454,0.18629448799198586,0.4783929705372769,1
35.80267714115005,883.738767697016,1,105.81229970258325,0.34102286972153223,0.512032913537685,0.3201446162654541,1
16.262804123454032,845.3550436139083,2,239.25611795698674,0.44113146307811996,0.20486264223127446,0.6693395264955989,1
27.814336962570387,1288.2027795626645,3,25.932388680673206,0.5495232308429674,0.811525301677083,0.37788352012519033,1
7.1776138085026675,761.4075238367126,2,218.36693628993345,0.7648446871228727,0.2771727969999833,0.6714363526617738,1
37.24908443691894,1400.2658002121061,2,19.58738000077104,0.5131059345631919,0.5562195589809886,0.1589790827701233,1
25.733207610595276,117.25482238294477,3,267.2125937745317,0.8009848629609425,0.6258737148342017,0.43278032540075073,1
42.81242681297373,385.34531551948965,2,74.8277886708177,0.71330630474594,0.11104387056292993,0.06914581714878842,1
23.023432204683807,228.1737240729444,1,41.59770141998718,0.41858486381901383,0.16179494648959977,0.36034818378245925,1
23.700839822961655,1370.168771764098,2,27.86371136796964,0.5704079312447062,0.25823205415489464,0.1320018975085051,1
13.186825593857062,1175.8210801903786,2,145.3975744434585,0.7874189574581885,0.8654330773932488,0.5270923629352199,1
29.63128308643646,1203.6683469165923,2,152.25551109013583,0.5620183362067308,0.7143079077518305,0.14304419948635938,1
29.47721688650529,279.6757257139391,2,13.667528134948052,0.8418443686570805,0.793741554665237,0.4011013689353661,1
18.102701528092748,818.7569247861554,2,265.13204262281454,0.8093481074933384,0.8849923498941904,0.33714036794031677,1
35.03124835120941,1504.1752170657483,1,79.7859115650524,0.05851194007254037,0.39220222193075605,0.09883444313485779,1
18.080180581711193,791.8516993917007,1,52.15455837386743,0.6038458293299073,0.7454912455700603,0.7215948497514031,1
18.305030522421117,620.8409886318874,3,7.4999315510974345,0.7610986423099448,0.863801750966655,0.6612779389745859,1
32.45237368129162,251.99729431984537,2,90.21086201990789,0.048435388652906544,0.7940302725566694,0.7942643257578703,1
13.087667949993332,1172.6865161108176,2,39.031767371954246,0.12407673432981148,0.37092513647418757,0.8463023710215228,0
17.324892551045178,1478.674355445681,2,144.6116124237379,0.6935825574819349,0.4456897975331232,0.8129515739726347,1
20.305796623972057,1488.515649831865,1,37.08257263104436,0.4068368362366123,0.6620951002313267,0.7989394184751152,1
1.267251785195888,828.2728885574343,1,13.991161929189358,0.49923565498515365,0.340191977528841,0.3216715328164431,1
3.5472943765710947,1022.5607815570471,1,122.06287685225662,0.6264660359595033,0.2596168634752523,0.0880165173814621,1
21.334262909252374,1421.5052134445016,2,35.98295469534869,0.762260138012926,0.8347908761355115,0.5418851315387042,1
17.85651945967282,86.89594172868047,3,71.39697664354944,0.7037810599926912,0.32950006668760495,0.8556617606682906,1
24.415378880942995,89.82655331408148,2,181.34494126182173,0.43855671892022063,0.32909355653143757,0.21767900308380916,1
23.824154648177494,1289.54358254284,3,49.30152635037332,0.3086566237650099,0.11432080656183184,0.5651864552786443,1
22.4178075599135,1204.7522461238527,2,17.644867406116962,0.33966593015623053,0.7898845523281033,0.865473825327741,1
13.69725919991934,973.2037660020966,2,119.68371949043787,0.5865301198918719,0.8748527347171492,0.8784225695422532,1
28.30971256590949,927.6898641719974,2,163.97119992899266,0.22222694639043147,0.6183246064035429,0.7056543510946425,1
31.024137042687716,589.9096279962407,2,30.01477108836541,0.46181325967621,0.7544159083601676,0.16034887223533367,1
10.905598329926411,861.2870192260857,1,21.062897591681082,0.8973360359171504,0.7165187436019359,0.7869138413604115,1
35.534232130485805,725.8824406770843,3,12.142028385567047,0.2847434945257844,0.6293383818570345,0.933957899361888,1
11.083585293588255,171.58917944957807,1,86.47651704085924,0.5859948791309361,0.7881968738971886,0.9003925847724503,1
14.863692769864297,980.7556611655564,2,56.429500282292054,0.692791495622643,0.15441838715363077,0.5042699092271271,1
7.8437473079343505,1529.416041976854,1,155.64981791911353,0.9080963004267318,0.5761830797797773,0.8025219278379943,1
18.371308575985026,294.3062798747501,1,177.20235926227184,0.746204481408127,0.662296744113382,0.4682706887887764,1
18.00116945723051,1083.1706332856177,1,162.20992544278104,0.7633302106342736,0.8580774417800189,0.3180943227682246,1
26.81179065036291,883.6389679616582,1,67.64874075675564,0.4419404246901123,0.7510937972434599,0.022393220121925017,1
35.14311685875081,73.79655729448325,1,138.4924810037646,0.2069175837845089,0.5476911923434388,0.362388716560896,1
17.72345171129625,1531.8869493408797,2,119.9315373465453,0.5778263249677545,0.6031497031537225,0.7943357917719088,1
23.906634428100677,987.5946372953605,1,76.9326010874277,0.3468781565229896,0.38688692779361666,0.36997370090934134,1
26.96360479983089,876.3895346747926,1,222.51122218131414,0.5775463258984378,0.340215941920361,0.8744547749219705,1
24.871498499744572,514.4189987560021,2,78.40820507051811,0.3276729438267011,0.5971973782345479,0.41049293110288376,1
34.445414392613856,1261.8907158853276,2,37.02269345036997,0.4758453729947188,0.3649941478850105,0.5250354696764765,1
1.5069220373849133,1116.5527119828485,1,57.48550231716068,0.5081036439223768,0.458713528672931,0.7623738938734761,1
17.668213945647924,943.1779404930642,1,43.11146128737219,0.4902977292281585,0.2877277517008541,0.39425122962649073,1
20.14621238677327,1055.2772631269736,1,24.10164489959077,0.766402427632311,0.8159101668414059,0.42358428351301947,1
34.72736508211432,726.2743326520105,1,153.5841765967244,0.8417536193891002,0.3829317908023453,0.5939992273276451,1
14.374006450033844,102.77056032009267,2,57.98792186567142,0.32328632136692576,0.8260993074949433,0.06731430724512533,0
25.481131010443942,1136.2004955825007,1,354.7554357267208,0.6152714179121924,0.4868903505947747,0.3043133790416146,1
33.25610024328745,1403.1256742546013,2,2.2728220619385118,0.7426225501458948,0.5265246848320764,0.7296497660424636,1
26.32894328698677,605.142401511165,2,111.02439443549541,0.360148884693921,0.6667127155649821,0.5172200439150599,1
29.562029748529703,272.3524038408376,1,143.41276178420637,0.5322879386238111,0.40644944022891694,0.7776095666869307,1
31.92953948401428,1185.0348815833763,1,174.4400866733725,0.5645827884072747,0.21751516884593194,0.0878188701279512,1
22.57796099158444,877.7086799845808,1,16.708265316248415,0.4423796939427385,0.7252359215309745,0.9688649575760491,1
11.551484257867653,344.6190143386287,1,223.3945403049319,0.6774722259535502,0.4560534324507842,0.1875515763994846,1
31.751124485595458,270.1479876958573,2,9.571512015373784,0.7946778643452413,0.5262563689041683,0.6705639143363966,1
12.486985377073113,56.986188312833605,1,134.71014701458412,0.7035905244442476,0.6942001563126633,0.37730215226037467,1
19.6566411716555,333.2157498385209,2,64.11122966478163,0.46006584773435105,0.6916345382813127,0.8847600445709656,1
30.38357711547536,431.74409890131255,2,192.11038676481746,0.45784313979516295,0.4885742103502019,0.4904021163114075,1
35.01914054868554,1382.5281385935136,1,90.79610587914046,0.6074064314479262,0.2817691453239616,0.6930211902054257,1
20.503273442679717,1097.0231279661225,1,6.029335957826767,0.4727433429480961,0.4819280921932343,0.4405441798655563,1
34.75744859075452,601.1754656356665,1,9.797997290724913,0.3085722238515407,0.28920462802902447,0.8591412186192499,1
9.682945100303122,314.9813865957224,1,137.74500408373794,0.1472280834748314,0.5765578964917754,0.9492839056088586,1
20.458256240452464,1257.5473104189712,1,322.3386718415133,0.3041705050581835,0.6338126707871852,0.36020047834410296,1
30.250187297506155,906.9946681704563,2,76.11908085851263,0.4311144667619329,0.515582252825079,0.25563130331128214,1
35.57775761179474,419.1701686015111,3,90.10104592139287,0.3755548370441745,0.4187242012451714,0.2863328116449413,1
25.355785645907158,488.87151897819166,2,22.729760453765138,0.9187575044943629,0.2840933974803509,0.9529881046334976,1
23.346097053543577,1069.1784060910209,3,67.35240636701539,0.17491609344084277,0.4786338380479277,0.9923857202368553,1
34.73757742001965,1440.0309475221106,3,13.441066493246893,0.046837823225690786,0.6266571986845504,0.7348012816247117,1
10.3530543851465,232.3632464769254,2,11.919609627190537,0.2979855888862313,0.8430602359226571,0.9856454141982469,0
35.98413049571913,554.4622984512448,3,17.553780694725255,0.7598012291009801,0.44741099089090175,0.7838142015955906,1
28.823704943878486,837.1225332794863,2,119.34450303927169,0.7342833552433006,0.6489611015474018,0.3007178264418976,1
35.65719366426151,1132.3222444405342,3,141.67841772871736,0.513421474143003,0.8951595651662269,0.6633387931183234,1
30.91078417161978,841.8889684293689,2,62.35324506716405,0.7008048512062695,0.38609016927431394,0.7992639465134209,1
6.921923189908207,1179.20110012313,1,171.4876382333839,0.6475360796242956,0.5056418782725783,0.1255461531820521,1
30.17147594096038,983.2379390159641,1,161.07597106465226,0.32320731824549287,0.8972427457350429,0.10702757071809743,1
23.305824330229687,837.0978615099626,1,191.70163659087487,0.8026379996353519,0.17530275335738735,0.6665340471290149,1
22.21541659321648,112.7750417853707,3,97.30452207501138,0.6936245193915769,0.47236579270956225,0.3814538362478297,1
7.441538107751733,435.9174815236634,2,303.8289595751414,0.40254126884883795,0.10909368463963141,0.36867133826680654,1
23.88970001922191,735.1603950162855,2,157.59817741559166,0.8335195363461653,0.6333674657870049,0.6114058781459114,1
18.70773939786616,1285.5875194119278,2,68.19829696897408,0.6204466992553453,0.7764598072923009,0.44795843637928556,1
11.735344138329836,894.3347279209847,2,185.05055063046777,0.42572097325846014,0.14286349081664637,0.3499583580513814,1
38.00983659090337,377.01978137926295,1,79.5941665631184,0.5045180993847597,0.691759180713104,0.3333051558881116,1
20.58490700411051,726.0362828679254,1,85.26634238931986,0.5140671264390173,0.523216275704405,0.19182370182609998,1
23.920375484752043,177.4226345729175,2,271.80344050132345,0.2783824752493726,0.403795226286465,0.041711252572700475,1
13.788553702721723,1219.721074327342,3,142.14059836836566,0.45895260355939516,0.74163727355452,0.984613963871484,1
31.542244757849797,428.20079138076807,1,51.62883858582531,0.04792947709873975,0.2296741060759082,0.6627663452612164,1
22.555560010619004,1067.2664398970576,3,53.01675312439178,0.4208657470726384,0.5038037835734287,0.003603735857924062,1
37.058406065412065,1290.1713644477231,1,119.31245773349848,0.8886135553066109,0.4603548225560131,0.25246734431974416,1
26.374144449341177,858.2892662682762,2,79.74513512425074,0.8601255690279923,0.4508294198075953,0.1112067184034955,1
36.514023845818954,946.9158346554846,2,24.917701512496382,0.32928681518802855,0.8481487281327885,0.19577237978087447,1
13.86201196911392,146.11195881747798,1,19.546752999986683,0.11087627194753277,0.4758854947246681,0.4005376209111322,1
14.824827690796933,563.0546193050088,1,51.064969571724475,0.6715188893432457,0.3465419335394917,0.10343965203804939,1
20.120520314358423,751.7746041293444,2,61.36092408553512,0.23436023121834634,0.3569624966386671,0.6407377141217423,0
14.727280165407395,1458.2978757732633,2,134.73561409972507,0.35678589111463915,0.8049385334765247,0.3465771148843335,0
32.5495124051402,505.352589328034,1,39.63691448579561,0.41357467116743984,0.8726430728747597,0.12765600043115877,1
32.64137703474401,380.3747233748725,3,62.92199861620106,0.4436298318237767,0.19924728811328443,0.7919779299629178,1
17.27604170674933,1294.3925883029408,3,2.4818290413406703,0.547917918512033,0.5471919716945018,0.27506933319375215,1
10.885709025355323,1492.251214776338,2,4.513775435797293,0.7233503147271059,0.2012376218289732,0.3618350964289,1
23.17469015747843,101.12817125805552,2,87.2733970603714,0.3131390622355597,0.4623162069335639,0.6893681394094372,1
17.331587001082827,1081.4778724470027,1,124.42822007409058,0.6259716484588423,0.6378367576277605,0.005366941198881814,1
17.265332640437848,152.22097256687977,1,138.01898555813906,0.904592528454943,0.6205545855301684,0.8059188679316063,1
22.84178466781359,326.1930770253419,1,1.2693869419490458,0.47501160264073816,0.7910687475844924,0.6278543211146559,1
24.36946814411463,1501.7135823851,2,5.829191222486055,0.7452593529310964,0.1345814100250789,0.45526094385093296,1
35.66861032377973,857.8906021273572,1,23.009380243941873,0.24757615936502905,0.6105620870008287,0.7871984005591557,1
39.396172129525475,1189.2303534429454,2,229.2471466171347,0.9318601155185517,0.13488770765512037,0.7097379796898715,1
24.107395687580535,288.2118428108065,1,53.41141145019173,0.4603110575908947,0.31136584807927603,0.9318089230116696,1
31.43858705110586,1184.4820543028445,1,186.13109194396017,0.2998677064085077,0.6670711484532502,0.7077852830321895,1
16.829265363689352,1096.0853172534917,1,95.07919642366754,0.42437724184140324,0.39562700134021733,0.5264340182174347,1
25.093359707211796,707.1801446729652,1,27.005119903174133,0.8615847789431751,0.7362893790414424,0.22911817889090702,1
22.491501099979903,620.1280488747074,2,76.54279528934956,0.32300765826382827,0.27937192477732875,0.43853439259203186,1
27.555510037235635,1391.0866968100406,1,167.08536155246475,0.24158186084483377,0.16916172655251663,0.9095905950114034,1
23.014438273109647,104.18400045105938,2,113.44451078928525,0.6522167871837861,0.7364223640590447,0.42639234213866706,1
18.052398224980347,1134.5761027944784,3,51.16835321398602,0.1390530301797832,0.34321601758046494,0.17991470959247902,0
34.049468252652844,888.9457811220285,2,173.08887666289095,0.3906397443949739,0.31614460340755923,0.42050064338481286,1
10.565517354555835,1203.4556822817076,1,100.44629315952128,0.7165684886508381,0.7531217152801489,0.7461509142330702,1
25.99112412780594,566.8064276040602,1,63.57375282805713,0.2995794424664705,0.12679951090554686,0.5869334978124138,1
39.39201831240384,623.9170467863063,1,96.88725550059795,0.4641440206736229,0.8825914047015095,0.2802178033100692,1
15.60747139005824,780.7301086585449,1,74.58401672778793,0.8314823589692688,0.7675081412662438,0.042542223355894415,1
36.57924574010215,133.5375788874279,2,345.57840759455127,0.484325950035909,0.4836360171964369,0.11679580481621255,1
30.865262930525883,89.69412523776195,3,17.991187129143448,0.5354704578404089,0.4374733231978053,0.7871469840776784,1
32.02970808220775,1573.9498399261804,2,97.10439681480737,0.5820238867273774,0.36851038981191353,0.08291945960151015,1
13.166677419884447,728.7299012775993,2,13.149707972500778,0.7089532869968898,0.7286503564887227,0.2409299230346521,1
9.458839388768718,1028.1933138568684,1,253.75176012439826,0.2716232065668484,0.325921704207173,0.920236973582296,1
18.239176231070953,1533.9807569184543,1,245.6126237818885,0.4067912369310511,0.22383208608122943,0.7150016026925544,1
21.834529701182436,307.13765537350014,2,37.22452442685835,0.6614750719671434,0.890028200760946,0.5422934627891831,0
12.782990991779277,293.5934954060772,2,287.1786546036539,0.6357924335414529,0.28972518718081197,0.7352175853387911,1
38.715988697363585,540.5646491881091,1,160.60191455214527,0.21050355357525496,0.4521251950365224,0.7200397100839155,1
28.8421186017328,1073.1586108010488,1,28.001692965594984,0.8461734956861002,0.6439569681761236,0.76737547389176,1
46.81532790198392,794.5177194576506,1,255.21170080011572,0.9699987624834664,0.24186157571234343,0.9876625205159758,1
39.01509467618076,642.3026703077895,2,231.0704719531884,0.5571450476123044,0.32872781292474373,0.6561964302602632,1
23.977202685055904,1450.1472749878944,1,69.82156495808346,0.8043048475671468,0.8223606765934827,0.18611667783478392,1
8.878765179082468,427.70374979818683,1,151.6818216883038,0.5112043315091473,0.30521145847386544,0.4569380371066768,1
36.130578504667064,1427.2595872633663,1,7.992941951691714,0.2206182294250771,0.30694485352206047,0.34625615512150454,1
31.229927580474328,1401.8210321652082,2,81.24055507614383,0.49290240986010697,0.3201368411854677,0.6994619526677863,1
24.996082449606376,1472.2570428379208,2,45.01263379713227,0.39506455511078487,0.6854141324021801,0.7425233536556228,1
34.19478218623382,331.71607344397034,1,20.396668523911753,0.1682096746897445,0.7033801234846878,0.7495020397915906,1
21.05153421601181,1329.9512453614277,1,21.899649354256663,0.9095118166738932,0.20517449264181062,0.15495397620961815,1
43.56559300960772,469.7356714286309,1,22.152337469806266,0.35312207061052625,0.5091141204591892,0.718494755276601,1
24.210871311030804,990.7620824234427,2,304.4783932859681,0.504135434251756,0.2846366051222059,0.27665798877076986,1
29.812471091653784,446.4051251684751,1,76.83013430315886,0.43241734575495516,0.30400848990048845,0.44416791066090056,1
30.82880871679936,1573.6175935925028,2,15.858657036625242,0.5356231972970065,0.4353249095773123,0.2561609646932176,1
28.45585870863981,173.8749897421103,3,173.60942146320915,0.31760788475367685,0.2974401888592849,0.48136972864476657,1
25.62500373486984,1348.3281396287516,1,58.883954212868964,0.6303209355611974,0.7001859260788853,0.5865839200885795,1
31.273016329064703,566.4059950726648,2,264.6004139557306,0.30396869664800813,0.6697608272541247,0.7135130881751807,1
20.871062045785653,355.438733522208,1,86.5031354189153,0.6757885005046084,0.32103061593713456,0.07822663978758893,1
22.559984280798666,495.70148815250883,1,277.34009242709783,0.334154967116709,0.571691186175157,0.5075833035824449,1
20.02506294415279,167.88891830401968,1,133.36333486181329,0.6723644810479243,0.47434772480108334,0.4028531567613759,1
24.687408698218388,921.1869156952747,1,55.82912531360593,0.24398598044337907,0.3607109339268332,0.7592263890284277,1
20.953602024703805,67.14067098488081,3,140.1331478444481,0.4170834769843922,0.8043434040656318,0.12193885419867512,1
23.910470643320878,1382.1974319257433,1,86.546661431663,0.3210753839022242,0.6068801008339967,0.05565534995246135,1
35.60584800188496,1258.0522306060875,1,140.25604610249462,0.7460230795041295,0.7975352006237033,0.011339661596838302,1
28.496490573222992,1111.8912965313198,1,233.43289755233894,0.7329773101816556,0.8259076163367766,0.7415271297455106,1
40.76670466752626,1153.2255352954353,1,134.41731969962783,0.374256086914623,0.6839329909990408,0.759988477683919,1
12.26818746220826,733.7089214080788,2,48.62975649568827,0.33850193838320747,0.13698773342642198,0.008610427452797387,0
33.77253339406157,1541.6066692362247,2,174.39896163104214,0.7760340582497802,0.3582379740418089,0.17395788892308084,1
25.127415425814444,1556.3665994580456,1,191.67261116836855,0.776368754468839,0.241461634209841,0.21089861829312806,1
37.66338633007042,679.7045784343845,1,53.087985827945914,0.43718077481359224,0.3566645851722149,0.736422377365837,1
19.993389616186906,545.5260237396883,2,31.787308640559658,0.7863338362456839,0.42472552430298016,0.3532506120035145,1
28.314563428790663,681.3565613488961,1,120.39436017840579,0.1268768538054285,0.8243113179462462,0.8734793815111614,1
12.62432351095917,844.1633372523856,1,225.5567942146389,0.5159861364127598,0.8474898115476867,0.6838818756522081,1
30.04953193190438,667.7569390347343,1,54.22917843742798,0.7007486359454166,0.5604163358483628,0.13978737428658472,1
37.02079499130214,372.2828528791151,1,391.57618132745637,0.7905638641096565,0.8343689180866511,0.6878579420165754,1
27.440754371518594,1386.3573421511423,3,42.82786916230121,0.4271655940786484,0.19696212378282096,0.21146935879012574,1
36.845439418824284,1011.6200357445607,1,173.88774663729248,0.609267852073327,0.7235157824807597,0.72593382185646,1
39.96364252360441,331.19961297304076,1,263.6074444916435,0.5420315619266697,0.33515724295869476,0.7529219217003024,1
32.1713353846888,277.5914167545268,1,15.738266212632654,0.3293512399739587,0.5197816668417613,0.1316937234690242,1
28.493134910205715,412.3724738362851,2,369.1850173980046,0.8514417843727268,0.3821476765818116,0.4541312396315498,1
34.56693696739579,1003.0083772978585,2,76.54181122054833,0.632615341034135,0.7408612167972489,0.2544730037681918,1
30.884606083234406,1513.8114360202546,1,162.34157052733568,0.37239568551913704,0.5053893778975259,0.008458110579814382,1
39.411092648966424,105.95065670547629,2,13.813621459077904,0.03761832365328391,0.7933275556908727,0.4704429349497321,0
34.959411653156224,1349.8061620027593,1,0.8616889818207347,0.5994348349340798,0.34104990711972494,0.24329161164033608,1
10.587800146851338,412.52089049925183,2,225.9584648972882,0.4591512630565084,0.19904694047005222,0.7573234401607076,1
23.784745498654647,1309.7476984681716,3,39.22221978421357,0.7865152583328658,0.49620221135025366,0.553212536528871,1
26.95178436525284,1445.7153779746313,1,372.7493596518198,0.6567149619789924,0.8747126425914183,0.07580159439373657,1
36.13112870970318,1028.1719044700426,1,6.834030975932706,0.1208390136152045,0.7619285469048791,0.7724056386209646,1
1.4937358159947507,818.555386679399,2,485.56193642998244,0.3443912891905476,0.7571595042173141,0.24502687322706418,1
27.09594932944049,522.986312921522,1,20.634231121877644,0.286779007086025,0.847496755153671,0.8075857862095472,1
8.064080613105435,610.6222298181843,1,1329.3194438900916,0.035684985571295326,0.4368030399926808,0.8864270947536826,1
16.91536264106843,1533.4820249372015,1,6.154011235562672,0.7340237182717069,0.2450301919307429,0.7750457774485999,1
26.660183425238774,1362.9433860859262,2,66.30107480065493,0.23918847630268833,0.6988269921434646,0.4847108465175912,0
26.756569075957753,1520.3637133105708,1,86.9045300304241,0.5574318273957688,0.30638427798911516,0.24161786589164203,1
32.983488440240656,423.2081156966122,1,12.827416002816705,0.5054472738935231,0.6051761240173039,0.6148892710784702,1
32.931642071344655,367.44947899011544,2,141.66521006283492,0.6729277841558813,0.797541260095,0.7565536079173356,1
23.201196893322024,961.149889505392,1,60.166166208770754,0.7265614569553285,0.6628784270826967,0.03901783134404602,1
20.348190634924997,1429.483787737633,2,178.36668161486844,0.21672010501325278,0.35177410491418737,0.6638923928465227,1
29.05103247551965,312.9410117906641,2,49.44728658805267,0.6969597078919082,0.6502719996384998,0.9239163699868326,1
24.704564064332843,1520.4858261496272,3,58.63070615416904,0.1820379649214737,0.8453752872871774,0.7330860362937447,0
22.719095505726308,302.5553624420865,3,404.0477183601149,0.6485758510231707,0.41096398898332864,0.5245389929162328,1
32.172451469389486,288.93880067962266,2,66.0441081526895,0.1884968443302768,0.8466038784503764,0.36813907627588116,0
32.484920974794996,974.8686891179025,2,204.21572042692705,0.6824711956984062,0.14534549588497622,0.4195411940799457,1
37.02496848432518,1505.1878054751369,2,52.378632269162964,0.39880252157574636,0.3862990792481269,0.546384126120783,1
29.85410760572216,939.1020666726607,2,160.63652031295265,0.5954073080494394,0.3550603794780829,0.7043725523281431,1
17.21067474019407,156.62155700031087,1,164.67407853888753,0.2729554202599979,0.2699339832187236,0.7913664725908117,1
6.402889597127934,1468.2303797831614,2,93.95778131379898,0.35771842509161217,0.7899645520464315,0.09653088205500027,1
11.375655654684683,1510.6130508100675,2,65.0085564845959,0.8043656803061603,0.8707318561576837,0.34377383972864073,0
14.587920768089726,518.2338086047616,1,100.24170665542113,0.921546517235291,0.6929376136618168,0.26246493007225824,1
42.80540165100262,1036.4634202564498,2,134.6225002568409,0.37279860819934746,0.37902341084121394,0.36977669001589775,1
36.150497697709675,546.7927614102293,2,82.36732266552528,0.8402720518184958,0.8277112077669265,0.6914919536995581,1
35.568181363850385,1541.782271941217,1,14.256567194645955,0.8566217377555839,0.6903168230280612,0.04869826497498053,1
24.526794739306098,1189.4916755488764,1,35.768789022537234,0.39063367372492025,0.21972384174768023,0.33975481782293526,1
18.584721792946414,895.1452154827859,3,79.90598936198872,0.3302452987753407,0.8099929556938209,0.7167930376270241,1
31.99146708069571,993.9558852190276,3,75.8225467630442,0.548394308194987,0.16020581334757839,0.6054566327785605,1
39.61711342993961,812.0945045090251,1,46.16473269946126,0.2845452100140328,0.22690009577825831,0.03512221651794689,1
18.037327253213693,1152.9459888719248,2,295.0501365119008,0.680896691891078,0.6716010312254324,0.6502588694972624,1
35.41839801323166,1377.8380384431653,2,12.148792742895994,0.6450258291317111,0.2521636891379302,0.789834777049709,1
39.616761411337286,206.1843533136363,1,460.9695333833883,0.613477446556444,0.16589135181862702,0.3054838455637524,1
18.543198226653516,1271.854967391325,1,36.81648337539934,0.37928810298442045,0.5148131495932999,0.829544785779835,1
31.72003400483861,987.5554161222468,1,117.2258920093596,0.9699602384793335,0.33410126181980915,0.0067763052033749105,1
41.48747474382593,1516.6300394691402,3,289.5450063010294,0.5156047101493936,0.6323647592158637,0.7896705596197744,1
24.570608542014526,119.6289195890808,1,180.86268774461456,0.22314595913483448,0.7365211234918037,0.29344213970238253,1
35.44538110349261,643.7802177909952,1,193.3138123997724,0.7794662099213855,0.4179074716860869,0.010810022492564464,1
20.969767517356637,289.88167441181855,2,64.56805823724163,0.6824667581309544,0.35266292610558725,0.19464163141358626,1
19.00922958646541,1284.4569516115964,2,29.610234136403477,0.458827001562871,0.4624153621107022,0.9995096398311284,1
34.87977863235348,341.93233036286694,3,6.201869424718515,0.7986457230358609,0.296585879702948,0.15449953538454453,1
45.31443714429569,229.9976979332725,2,49.347433641413424,0.7216310133969945,0.2993897830979546,0.46701815993174156,1
24.79608728885234,966.1122514698901,1,268.0180375603185,0.3445009220369193,0.7048727216852665,0.14430352271892977,1
12.947506687022807,288.45686520257925,3,7.657095317512575,0.26676118865943105,0.7935236072437842,0.7671701439130884,0
25.748099287967584,316.6597339190606,1,238.76807565341383,0.6507017861918751,0.2562401691683139,0.5902839151866028,1
30.445254484674333,1246.7857434614339,1,143.5468917321971,0.5001665754303812,0.30754606708885535,0.7727450121912669,1
23.839579358134042,1217.855134539588,1,99.19522651041488,0.09704221874268988,0.6650649719523154,0.3074962515495798,1
35.934813852868935,143.44443453502572,1,269.1298715031088,0.8804040087426956,0.7280902190221126,0.4778554123453821,1
17.412636607217273,1359.0199539098821,1,1.0462385468667466,0.2973490854375502,0.22128722843130727,0.4879312169921658,1
20.92786541419288,176.44710833698974,1,138.67048432532786,0.2777051039093464,0.8660176746210507,0.00315340792298735,1
24.72154929831039,248.09389974430437,3,55.78263535848205,0.2103679251172968,0.35812247297313515,0.20015561233650536,1
24.490030536680926,636.3340639103413,3,39.027234719742275,0.6489648229145494,0.4248645026448358,0.7110828384094035,1
29.217205582830413,367.75250960223,2,327.18157597245295,0.5608457503886303,0.8727596005070106,0.39705911538208294,1
10.919996965129299,1112.8607337454032,2,5.3254164115503695,0.1655712739363899,0.8011092605971695,0.6406201017879279,0
27.01996906809742,456.3947010284052,1,30.537475635756547,0.6280250963707497,0.14853878584803068,0.6440083636897255,1
31.543155452277393,731.4331900039463,1,32.42320301824885,0.05917627712812392,0.40735016593955453,0.18255814715366492,1
43.22367494986096,1022.3138660479294,1,16.990868018410044,0.5623403868562958,0.6090193197782376,0.21414764721689572,1
7.243375817018889,373.5255444317623,2,33.8867008771112,0.300587433058724,0.12137704012617939,0.45505026707513685,1
36.48784843667008,102.53331997338954,2,66.69546681858537,0.2374026928264752,0.6737688984153379,0.5703768114591931,1
8.42974661470503,1590.9449920895565,1,43.5207995481792,0.6652232212309063,0.8457360311003185,0.3280629793510056,1
12.142308536532692,685.5964720784651,3,15.810089727504863,0.07136563754859059,0.10244879500219195,0.07833021699658393,0
22.66892974509757,994.8821380556528,1,126.27726999444371,0.4750337933428091,0.8130554902529415,0.19579635339029267,1
7.185414267519319,87.01856407084982,1,14.323390415946106,0.752841709659203,0.7324274988171893,0.7553662091897917,1
34.60591507123442,187.4357972614457,1,217.26273964916544,0.6053110254509168,0.3787461952905502,0.2139279404714569,1
15.534293797245075,1432.8198223704273,1,98.48533271045333,0.6696081358434549,0.5312847259366302,0.4181337956550082,1
24.682249752602278,1046.4740488306634,1,134.35411629859192,0.28754058194184,0.2449348881502715,0.9842338263388901,1
31.86443581715619,619.6145586507331,2,28.32778455124494,0.4861158813153763,0.34766438384197085,0.8926524049803579,1
17.625625674452202,1327.5451405367585,1,202.7676218353926,0.20193827524548438,0.11548792377971379,0.18733702434954924,1
6.473545448241589,474.724802683825,1,16.75273228670348,0.6093539557153382,0.286362202367519,0.8884442782751617,1
21.93371920892469,405.0218975448713,3,18.009651083571736,0.7578792691102657,0.861417112848014,0.2807141040514556,1
33.236736675331514,1230.517403562618,3,149.05414150455485,0.7950473769875275,0.49698482758060114,0.10377510166759474,1
13.681577768721993,942.2282623642715,1,9.426502850291923,0.34086131267328973,0.8527712351599636,0.2646825851395388,1
32.4604352722686,1162.8288811109037,2,139.80431374797396,0.3522831782249152,0.1227997693120174,0.7161162687026688,1
11.03694111069474,403.92552596469676,1,22.04454995454609,0.8807181223528638,0.40268834641055096,0.6674009683987904,1
16.9644461224747,1522.7845248256033,1,8.28069752417677,0.42400134965814695,0.6584301300133186,0.8836698981073432,1
29.361442652917628,523.8800584763846,2,96.82178597253215,0.7389047255906974,0.8938972551594631,0.4120673398762882,1
32.7480933833162,1045.7378446770454,1,281.7197451619225,0.6307118648560641,0.7345037566537197,0.484327331895436,1
18.783365078886657,307.5115703725992,3,35.830156863011055,0.8352829167514202,0.3500810028786948,0.4171210983736495,1
38.01779265392495,861.5003060971475,1,144.49857639653007,0.9282156764377683,0.25649758245506,0.05180425598185967,1
32.16259997541456,833.3652576626602,2,53.25217136867919,0.2786948164741432,0.30235078672646387,0.25288405660718405,1
31.97819760857952,974.8879275776811,2,333.5095513328452,0.3131651371846401,0.6551709036741662,0.21555160908371906,1
33.34635481285735,531.539898596041,2,121.07972080048226,0.33540470550139634,0.832127888684924,0.9929881058497533,1
41.89569601337493,707.9147233464317,1,198.1451448303922,0.5983619989749237,0.732024337353483,0.9179234957583166,1
9.556576133305155,915.3176980541907,3,121.20006090268383,0.01747285339178588,0.7246682097953377,0.7626264896748439,0
29.84184621259992,976.132478920305,3,17.11283409457006,0.07575818878240502,0.8827157864588174,0.2680751012202168,0
45.01647135061545,899.7839207517209,1,0.3646590076596215,0.36798179221702404,0.4210082707376609,0.3838454295295365,1
22.26515768873833,323.5753788833579,2,56.08976147193797,0.7111706757670975,0.6946595947186137,0.02394938177662631,1
16.46637155644261,1247.6805693539227,1,79.87291151569954,0.8467877245417003,0.17363409107431826,0.36549490669620455,1
27.310454691102304,626.8063756223564,2,35.752322282635674,0.9033261789290284,0.6235754029241865,0.7037190874277996,1
32.40251794337341,500.0507681886904,1,8.033664574078543,0.7388612910022816,0.7296250364294402,0.5946981232949144,1
8.419004411789494,864.8300925570729,1,224.27404181920286,0.09244741813455598,0.10879958849987359,0.13521142709576073,1
22.419346725519862,1499.1853925474345,1,25.168494607875687,0.8672737002259928,0.6964606377707655,0.39315176362563153,1
27.652326486072813,270.2929673823926,1,105.77725336300048,0.2736969713660156,0.8196032997484194,0.8843782405047619,1
20.99794479932374,1253.3439942096081,2,149.83079581858559,0.9132419749933138,0.48633035638965805,0.3186382654042036,1
31.862766940700435,1022.9140269035144,1,224.6508520959682,0.5863881742361179,0.5151928339847571,0.21610943222961165,1
11.333970555950877,1295.809229558733,1,157.14204124780824,0.37357749600860346,0.4224522793995117,0.42048031276483877,1
38.0323074595957,942.7036303029032,2,61.80564131026777,0.52208632886267,0.5637983712264288,0.7893042348252017,1
18.622977174109508,1457.1990779055407,2,45.24160869579007,0.13649698104279537,0.6193344477802837,0.8956171493153986,1
14.051355398307578,1295.1918945469909,1,39.041674217836814,0.09559779877903539,0.306051477998349,0.0017613220674276286,1
36.81485366650645,1428.1513851863772,2,30.268016732167915,0.4544521377369063,0.28187973136009986,0.8616709449873508,1
14.515971298480087,1592.6128140505407,2,36.02184630098113,0.8033251931448486,0.4167824047355658,0.5508671751915117,1
43.1298035129529,973.4828095806229,1,791.6298744320126,0.3105766108839095,0.24705368829610208,0.3401042316954509,1
35.40726545884953,564.9550843265853,2,94.35285995051083,0.5709798551210558,0.8306259721240987,0.6398727507395283,1
18.519094338649516,1593.1587392811957,1,112.34834701714242,0.051521495180153844,0.13682368496961966,0.9163451082030722,1
35.50366998085633,139.18707168704307,1,148.05105146787642,0.37927478843543727,0.4022755292981848,0.17596702048159107,1
32.06467584115077,940.3134196334995,1,411.8962768373435,0.4136979968346186,0.2131570582206493,0.9763501629852714,1
30.70167767477821,550.3043255562479,1,28.660330003859666,0.8294712984191297,0.7562291976680638,0.3129942365749482,1
33.89550908528173,1039.503659082302,2,82.52958024721558,0.17558129264811836,0.5480479335372506,0.7685641829644888,1
39.96945143871863,76.59652537332978,1,58.11857126191441,0.8927176776833974,0.47607571724827447,0.9177789306425349,1
10.005245792180578,553.0295711525685,1,394.15674002459855,0.23261667431788705,0.3378459961290051,0.5434547649236462,1
5.8067068342383115,372.83626817334505,2,61.05509366758418,0.6824295026363802,0.8091505149913526,0.24742870780002546,0
19.479873218232665,1084.6811385181834,2,194.80423457224765,0.940753961130279,0.6590768375782899,0.19397557238996377,1
31.54969272109017,803.1652678945989,3,54.09355670260375,0.3011050588120999,0.49494120857104296,0.6830393866444847,1
22.620851592421825,1208.7643269691575,1,23.764269034097083,0.48545583256512426,0.5336962623594727,0.2025592453002082,1
33.37180950990128,1048.9551159044363,1,169.72844609491932,0.3628815911366087,0.5312410896397437,0.723432533930996,1
25.168226215009557,1567.0259189567632,1,64.85964011836069,0.40470717969252396,0.28997288146618194,0.6627556167191602,1
29.557838978682515,325.39135055808333,2,10.473978976076202,0.4103377133714269,0.2745001370631617,0.9295294050933335,1
27.09643060866165,325.65721468520036,1,100.00454544051358,0.7651878480843134,0.6659844849545873,0.19527397444669825,1
23.205043344934694,764.057779926747,2,67.44448416655803,0.5799349581541959,0.42740902745827825,0.3674543736768159,1
13.822338921422055,1536.5115991023981,1,234.80852989005945,0.2732352642888737,0.881197968515929,0.04938044153554244,1
23.969546026252882,1531.1065630018381,2,17.12165978043536,0.6510858315285845,0.2716798979248598,0.06902944170775649,1
29.99486483327802,600.6938345596387,2,172.94131298669444,0.30949202826685585,0.8078401639593954,0.26959660839717725,1
23.237115173580403,688.4099029006913,2,18.68589570878131,0.43701844167968357,0.6509868174264604,0.5813918062669884,1
10.016151657437492,715.6689210439806,1,55.84010246184499,0.35717590935351085,0.25638108760199635,0.678118124408209,0
19.361634538151858,1259.1928949906298,2,152.64703950227047,0.5134979848929037,0.37023260018795434,0.6472002152178384,1
40.13631113101649,550.8647463976693,1,27.380652845488154,0.35184099450175166,0.5765695844904776,0.5535075749486187,1
30.19757660125448,1095.3608283728904,2,170.12294158833183,0.1704552107917899,0.41758006045254825,0.778945105634434,1
27.750842965134247,353.18354016788044,2,177.63834241452898,0.16746449521650064,0.23187996752282614,0.6355493891126478,1
14.717561095116086,908.588487359699,1,1.2429576919330334,0.5830342522311467,0.3068785354796293,0.47654206838588653,1
25.616710041080214,1263.988644507955,2,125.61976879382316,0.3311285836664023,0.22930222400653602,0.005888226198888069,1
9.40609998484655,1423.1537653909636,2,112.87728359863655,0.845879052075515,0.3812935232439648,0.765498354571494,1
7.32955711765287,1122.0433331634167,1,72.94417829140662,0.6176443925448278,0.7585790259358133,0.37930102037129354,1
8.546228093685581,1568.8687942040415,1,125.47212639680657,0.21440832252133515,0.3072558216043597,0.035487872052452074,0
26.798668932819606,1033.3289550868417,1,11.956000045451058,0.8943620082255881,0.28121233848726335,0.3905493357016231,1
25.94932493450248,738.5136800046661,1,114.85488552432182,0.8684965019221476,0.61496277233606,0.4721828473554954,1
26.85913650296671,1314.7926864475369,1,217.24173154642392,0.5427335524741753,0.5179561924918702,0.42238310074219587,1
26.337210320215902,1230.8515449211613,2,122.6638788317988,0.5872713066453554,0.3399732509020941,0.05215427734000133,1
36.72968257524309,1502.503384039529,2,151.47658391229828,0.7051296515921753,0.690972524855551,0.29373759248461506,1
23.116747729042068,458.8354912772424,1,85.84367099292561,0.5069897595915194,0.12027633900412003,0.6648854945560421,1
33.09328901699385,1081.1808345144761,2,99.69075181292047,0.6463749794556807,0.43441694834154365,0.7086561324496872,1
27.02584818134318,1126.3012234497344,2,52.98453886453011,0.3024443326913029,0.42294445060761454,0.9543874170737093,1
24.28544731685227,1523.9420693025381,1,279.30797413436517,0.2984210855561315,0.8011922731883322,0.4520658023173898,1
23.414012935114307,644.7014865835941,3,22.957817027398292,0.6622711924519125,0.6416522615635366,0.7781528886874995,1
28.146022262168852,397.56160989721343,2,30.37763599874991,0.5293868838395139,0.11113605212311724,0.28791341308061025,1
20.92457461134776,1319.5491544989106,2,26.417664995152137,0.5183446627732197,0.5153622180456124,0.34745350048424595,0
29.70507058437034,1485.9732272026893,2,70.26810505016263,0.7645125351213797,0.8093314253837877,0.2357848337446362,1
12.719561675368945,859.5718509982206,2,37.30021783150615,0.22024838596119592,0.5303159677899026,0.6353564359581564,0
16.55940049537592,418.0477090676243,2,81.70554179660733,0.21229128703812716,0.5851617759244143,0.05173533809159625,1
37.009728487888694,796.6907917737764,2,307.23232099523244,0.2886780023068394,0.856662178632182,0.21320733642345702,1
23.547128510862986,1412.747229030265,2,104.43547500538715,0.34148068044462576,0.5993873555517131,0.8224628918413209,1
37.62268716787706,575.3332613504571,2,144.89427362903143,0.5049090226886156,0.34455019304496903,0.24614711375027476,1
20.513318108794326,249.85649544078578,1,35.24419837301085,0.1418759651465134,0.39763428013971036,0.6512674938330985,1
33.87259562788465,899.7541574348287,2,36.254161269702855,0.461121906520621,0.5091994000020907,0.31662870778821484,1
44.69861717701636,647.7326067500354,1,203.76903147964342,0.41543480528823923,0.2966143701260376,0.7008345544068598,1
40.61365158304481,859.6585167614035,3,18.47905429674734,0.595446821494133,0.505424669756297,0.020889171645377624,0
35.73510786789726,251.16494849363457,2,279.605265627911,0.29671280326414173,0.7430903128481331,0.4347397693256312,1
32.42495443078263,223.52536746858368,1,18.434840910145034,0.315742928101713,0.30587114446883046,0.5530341244400355,1
26.589878594631287,449.1217693342401,2,141.05658308549965,0.14277213023506616,0.7087141836049309,0.3721520230946437,1
17.63189924228707,1114.1591699740377,2,63.371037419957446,0.3157310277692065,0.11418200030824872,0.882343191715722,1
12.344958818061013,1019.9356016148356,1,33.85429276997992,0.7379205369659504,0.27055544478034294,0.33481460271124264,1
21.383306125853466,1509.953759689422,2,87.0736235757566,0.5937655338018232,0.7036271057388386,0.6350487955845114,1
26.693762842823944,777.4123181578398,1,60.58291080835032,0.5092792917395914,0.8096529211812108,0.2447852350855314,1
28.00235524702374,1293.8806149338784,1,1.4750616834557073,0.6533237180329309,0.3420115218647607,0.9787035542505547,1
29.164800167897834,284.7483715865899,1,168.71239046148142,0.46458132022528575,0.540091230540045,0.42489351097277783,1
27.886556177983017,153.01292382698102,3,82.2541521379745,0.44862185692430206,0.5687676583296765,0.7116289550243363,1
18.282441100840497,1568.9294402573714,2,610.7056978680412,0.6380437824261412,0.6478887537981151,0.4420803037621025,1
34.96668698409663,1290.7122447949102,1,66.7746943048663,0.12278306454202423,0.33790888711659306,0.5522715918213666,1
22.405368112565185,1500.3559918711824,1,58.859351849325854,0.6653053182353479,0.349379511892034,0.1555478284800057,1
30.78718829622549,764.4915774894216,2,65.76275908579451,0.5168235321587067,0.5475553390900871,0.39684380362842775,1
28.2833971324769,285.2629297196082,3,200.99521335829266,0.18469035933223643,0.40638755319387154,0.11738684219447504,1
15.512013937361512,1039.251659380378,1,149.96787282363084,0.3959612266283807,0.7566894505807265,0.8940319965256607,1
17.321913062138663,844.7026099555543,1,69.6291079391777,0.48026953833402386,0.2854376217063671,0.5063405014077251,1
33.43271655984683,196.04280849147926,2,142.84886575971453,0.06479328560729382,0.4467251091370169,0.6006681921713671,1
13.760982274618605,1178.1246674320014,2,45.55680320458581,0.49522797096031224,0.3422021352143304,0.40133176563718354,0
19.596583676842457,803.4973199622652,2,219.68593628961028,0.7452131592100331,0.25284733947360716,0.9254059357607148,1
3.2260067813438034,997.4237957216557,2,101.96486690786706,0.7693598460094256,0.23652243381868754,0.1233429258175125,1
17.931285186515257,1444.753787283662,1,3.899919781095216,0.17604194909038262,0.4518840384605213,0.2809766213011905,1
25.42176095546157,330.84679727114053,2,135.4554380211169,0.8327489918491456,0.4610247482597616,0.8409516337756793,1
42.898903415522774,543.398747529089,1,5.960345582595193,0.30479060870283026,0.6515086402507613,0.4371836117292911,1
41.44364405388695,1313.2979589256918,2,55.01842038035675,0.10621170032795609,0.6204885302730162,0.15133331029759045,1
10.53564556494374,1442.2880410785476,1,76.1485361522087,0.6291364297138778,0.11799743434527957,0.22531011012116242,1
23.12016214760552,1339.9073619264282,1,72.78079876755204,0.34686237153516947,0.7222087427926559,0.29281754849026864,1
6.743635154946899,83.1282983334743,2,79.81665632078406,0.3248730546063647,0.6369279338273854,0.0748863489757422,1
25.060368784952164,137.26652145869244,1,67.98995078573796,0.5610013096424842,0.7267477205476592,0.2155454915124878,1
36.971629989979526,932.8218696904985,1,14.276595612079769,0.5353114310584414,0.32647035209974684,0.9465066311703163,1
8.583900433650642,103.47005467677451,1,58.688083102606946,0.33679180703486244,0.6946629635461455,0.5118267934438903,1
20.429741033080354,559.2335673894692,2,11.187494003767199,0.38252929333876284,0.2447369456798291,0.6386978709017075,1
28.051137737219353,439.3057578080284,1,17.331870706272117,0.3275728058980801,0.8660969229067447,0.8844755129878425,1
32.17419618722573,1493.5511744861178,1,2.1531406024779156,0.5965922138522952,0.17236832612595715,0.3642468689791136,1
28.06844048609571,1050.795214831343,1,18.7671585538071,0.6603280616963985,0.6453940589043627,0.3121664078338511,1
35.081372053813205,1545.7697266231448,1,56.969149587856116,0.5050920345067075,0.8952538498721603,0.8470913752392484,1
24.143973541037077,430.43710120622313,1,215.98769853214614,0.5976125076680212,0.3704374821561235,0.8350853520835129,1
18.175889950054515,843.1704613291206,2,128.65177588334714,0.5436864581560693,0.183086192791444,0.9420738832184801,1
33.21002734665273,1488.176885676835,3,111.31673044217362,0.8147192592108872,0.12317596211181199,0.9856277751378432,1
39.250421337146456,533.8638154559233,2,2.9773338533626834,0.047900713709124305,0.7256716102807652,0.509255727703848,1
35.438354849046085,471.4163801976554,1,66.5062114119476,0.5277514286588745,0.7458464616641897,0.6063973505153205,1
27.12038267300468,408.81938444185226,2,5.964097663848939,0.3715748241371053,0.12723205147559746,0.5975345772663723,1
26.677653373632165,754.5317641773942,3,39.45103882826607,0.46612873903126506,0.6719937623830349,0.3867525641409535,1
23.106370512739186,830.2094049209612,3,2.6089816077245143,0.44679005479151135,0.7441034825154427,0.1834508553823031,1
20.65418793993016,683.5590728970925,1,4.219333349547425,0.5661077662016332,0.16905882202745143,0.03186137524041144,1
31.26641478631325,1379.2157430531217,1,250.18078530196274,0.4111237819265426,0.3682104896914642,0.9840589552204791,1
26.49022416523695,893.8059418055573,1,193.60966625917462,0.566059837461962,0.22179044807094828,0.14986602772810298,1
25.647955448363874,476.0562901492073,2,4.799184051493493,0.4473838069777799,0.7777275323017102,0.4233719292407323,1
8.939239545620774,180.15363671076037,2,78.54771973426956,0.13658405107948746,0.5589291986869597,0.3098091181757153,1
25.505664142811312,286.0426325586296,2,310.7469864072794,0.43248247301902226,0.5869333677781987,0.7272161427931719,1
37.518833889874465,225.65501381213136,1,183.59448951348728,0.16589866051168445,0.3893534874021023,0.713692285540862,1
27.248694086850026,762.1291042374935,2,16.846643494579308,0.5237934712575637,0.38252377937704074,0.6784493813507351,1
32.206321787532445,1599.3112308721197,1,573.0788522978689,0.6769326539728803,0.5212591616494122,0.2542832016798552,1
22.347387164334133,817.509143667292,2,23.629272653976034,0.2835765476658679,0.6339122447724008,0.5230707401443931,0
25.44779387108653,1283.7411404844995,3,279.20244172863806,0.5990563614837129,0.3239513006546396,0.7341730392587041,1
18.30743210003322,1269.9510616083314,1,15.564788297032269,0.6967621274429658,0.3150547824343636,0.3674533343760993,1
33.770039250141295,322.4515831652274,1,49.005595226699015,0.5085860917291263,0.37242185928986016,0.5832820060659639,1
26.105033501671613,696.0575656679944,1,83.31934808866312,0.6632349753567961,0.2941249517967621,0.6634987871257846,1
1.7692132228003365,1506.583113380567,2,174.10317768354585,0.1108800559128882,0.5531135538592113,0.30363252444465094,1
30.016051885133052,930.1817685881086,3,247.84994755820873,0.32614231189771564,0.5753735510295758,0.42673279451707047,1
45.369136296522726,1341.2833232655923,1,70.79626148418217,0.34216371837130016,0.39207024591081774,0.33139749574746646,1
29.829493749712878,1118.1398148789644,3,186.64646614486225,0.4361679093125016,0.5607678318977314,0.3569365332237323,1
15.610543207685286,1178.58701170937,1,563.2061646932108,0.5151076742583893,0.8398666643467041,0.34074911629999194,1
12.695705161198683,1237.9260533057131,2,89.76719839448737,0.7336237307534115,0.22254246776811595,0.6958530093020987,1
41.9927593855811,1591.5459851701269,1,13.239027311091641,0.7792902131900282,0.719870671326757,0.4042910910790505,1
32.30533374837763,559.0329259419138,2,117.41700605948897,0.5373488123761401,0.7023680025704031,0.19015061143621548,1
22.87741017916622,603.9574602945519,3,152.43300936276722,0.7965913347128405,0.6821082006686117,0.8820008332701565,1
25.53537783828092,489.1270412184735,2,26.831878337303763,0.47021825676653495,0.21735260427636974,0.16667687854260493,1
29.136455165967757,52.33162237124316,2,89.8616883168228,0.2551754180042393,0.47614505197095247,0.0972202415368667,1
25.147085915729047,1169.8886916668434,1,19.931917712832266,0.5083812381758137,0.8355183337945359,0.2696308195000099,1
39.24623174655349,344.0510774579014,1,36.42952770852135,0.6699641864331675,0.5359681193475493,0.052420950266176214,1
23.58437477018008,857.3316235100161,1,250.92028263339563,0.7962170094305647,0.7398969827772371,0.17798580175949974,1
7.15707054550096,749.009951035804,1,12.37211032233759,0.3098173965425612,0.11583096207223198,0.47906648212377945,1
31.65708832837051,1160.1737411049332,1,104.67603016613359,0.4348078435985298,0.32645091763359635,0.2694830251700938,1
33.85877086973032,441.5149898254316,1,235.84375502772428,0.5230165538005721,0.3411043100345267,0.7605254207002631,1
12.640179796126748,326.6206592243247,3,92.95886289540046,0.5110805307518811,0.7966165967270458,0.8027306084757043,1
11.958287888515937,481.6907241044236,1,13.522658892927248,0.8539722613258102,0.16497921013685984,0.008910555519453855,1
22.281479567074605,300.3435693907214,2,391.49286784464573,0.5477994278920096,0.8928350545487007,0.6414516766580912,1
13.748050007259236,575.6176507184235,3,222.06653119274856,0.6193120623297053,0.5862519967122758,0.8745719087232485,1
31.022687079294915,731.1775553447832,2,205.15177150895806,0.6045733406766445,0.506785697416619,0.25817377066689484,1
30.95180200548472,947.8769077007103,2,63.80243759848926,0.5951157611139277,0.1571150627992445,0.06034532846998719,1
33.69165820841935,779.2348218932395,3,41.56318547590669,0.0816023321020718,0.8054821815236666,0.35873878778272084,1
18.078224883923568,160.73306007162583,2,6.613726469547735,0.6300414342196508,0.4937180556778821,0.2387910838272318,1
17.640470586702587,1571.2684143501058,3,220.82017085935013,0.14562401018410281,0.2944196328329859,0.2701382537317639,1
30.162864293625233,1010.5399067201823,2,469.12035126090825,0.21807124698567526,0.7426396816781028,0.7267495443699316,1
30.80445976563343,828.6570801018424,1,156.72032619943772,0.35846575776706685,0.31342707713101503,0.051628612157347376,1
19.923547610422332,481.542037985901,2,19.728175477297395,0.720884044219293,0.814396704761881,0.7083914542130044,1
9.474934876255706,669.874855271093,2,63.44304224853241,0.4557984441734349,0.6307504936194452,0.21071066376535463,1
37.33532730491454,1101.1540328590477,3,263.2935868656321,0.195982299983004,0.25603065806121506,0.5405811964993796,1
14.065825036946801,727.1983554318047,1,374.10925193516334,0.05286867986659697,0.22395809384699128,0.7415248465402776,1
34.01605294589811,537.9468559057395,3,17.549188732754345,0.5678368837085013,0.11183706085798306,0.13052615792124356,1
24.16136997212924,1021.6164656338951,2,372.96455601182294,0.280060756668588,0.7333939271667274,0.23173009164224878,1
31.160750021702093,1214.5996305628767,2,149.10775600663635,0.4698593483995246,0.7422622088947437,0.1947962436147299,1
35.71334901466756,1333.575108806362,2,245.6328631902538,0.6791387122885447,0.5564348481154883,0.6333980679418807,1
18.934158306049074,114.2753734573871,2,38.38493221384945,0.26095317442939087,0.4806208282603145,0.820330028321861,1
20.04674154743307,1147.8827232366639,1,657.24310482059,0.4215630213123252,0.12725208549215694,0.8436153936802193,1
30.312328221373747,147.72377067055658,2,78.85128529212895,0.8095637340814746,0.6381210017982284,0.663704429787911,1
28.35410175956371,137.2176770993862,2,321.2805408302585,0.620391724235793,0.8740278480254143,0.8640455450931415,1
25.379097173494635,1123.7624753347309,2,16.51117028736448,0.6901817369853572,0.5649241286580859,0.5573689713948623,1
24.990452570654835,1305.7779581215248,2,103.7004220578931,0.871190475542607,0.1913340783623424,0.6686110378481991,1
21.41355308487408,72.13022962014168,1,304.5821745096971,0.538989410618023,0.6892583219863264,0.41984596842484767,1
39.0138852775457,565.3304780247306,3,24.60378116449442,0.6829733272578915,0.36763043943854845,0.2028919414009308,1
31.249952808095617,367.37203832844966,2,330.4938062209908,0.6165337815068973,0.5224409131666774,0.21783893555419198,1
16.816969166680842,1316.6271830657915,1,366.2605662769392,0.5809096066520214,0.10503444378448955,0.8797913015782501,1
29.600016364032236,432.6277859425087,1,22.289907008512166,0.47448991829010906,0.5122603201789707,0.625400675534446,1
19.512046627185534,772.1651137590059,1,159.39162632599513,0.893717962930983,0.8526213610136515,0.5503030860245205,1
31.964664613310866,601.154009099613,3,21.924725999474187,0.8794500270278306,0.5425214509904235,0.16979576844149025,1
24.27921308119781,153.49808646768378,2,46.6588264130117,0.06704026606944524,0.4121826970415855,0.3454540203898382,1
37.35974830947792,927.6240760562164,2,255.77819340640053,0.44478713893815164,0.6991265888880206,0.11933498471189252,1
23.748552660036964,1371.5444866667103,2,353.24172985090024,0.3400676825685107,0.7218460115432198,0.34792528992187877,1
4.693465995520205,138.1761962419341,3,36.458382006560754,0.8365705555446661,0.5053834855079534,0.5186932534730341,1
16.593450615751067,1537.2264056741874,3,78.25909892340447,0.20915190391935853,0.7063988426229753,0.0986144450026023,1
14.7244284648564,1284.908224734935,2,49.32184106801663,0.7993923782256477,0.5451931964976492,0.24124043835169673,1
21.461155342566286,1231.0926279746034,3,11.449913651688215,0.5043128807580732,0.2726809817604422,0.31690439676817417,1
27.09043734306764,452.5396902041929,1,21.87046037729588,0.5386634970180503,0.6925774706254407,0.7956877323476745,1
7.82889380189049,414.93584235603447,3,98.83892569460603,0.7030918897994455,0.3121663724611987,0.4854954056149299,1
28.88471425706548,883.5566663534211,2,66.73691237302924,0.6967073658699803,0.8280068607999403,0.8968068473672149,1
21.199621370501102,543.3378422055416,1,67.83215885079574,0.19891919483859996,0.6615574843673597,0.2829888306772823,1
11.227208999426928,112.51045288655789,2,28.508622090014658,0.10972244290728951,0.8087065500584071,0.49682047609439484,1
16.733543770727827,1073.0983333353756,3,163.60681277905326,0.4965487775125177,0.3665192276357624,0.8003598627840091,1
22.3634046135362,208.5396254091228,2,81.35099258063006,0.9060698859810769,0.43744152830885885,0.8092230529913552,1
25.881604240984878,569.35090189328,2,0.2674030172092154,0.4965030397487426,0.8022686937504692,0.6020569060030887,1
22.403730789692265,1430.782395160356,2,31.81566024167743,0.5532199101971044,0.5942212132475388,0.6017563565162348,1
21.227088537250623,1301.1421312780928,1,15.455555077995523,0.8038037707159557,0.8573963249083619,0.7509530265231645,1
7.065922752326094,449.62750360715506,1,10.048736269751528,0.9153895164118234,0.5474813037118288,0.8148983916825685,1
34.67990851169744,181.68516652296117,3,56.4620797202222,0.8980976149215315,0.5397554698882087,0.7502650961947886,1
27.44621666616963,429.3335832701977,3,48.333252212028455,0.32952813211008986,0.21497414852415464,0.5909994297138365,1
13.824953224399973,771.9906638283614,2,15.720141972619432,0.35584292483631796,0.7086406254239366,0.6951683637076367,0
39.55013008523171,1553.2001707078193,1,58.26119481790055,0.628697068212083,0.33830507960131295,0.8666872156969975,1
19.611568070241542,383.7135815439691,1,9.322963098900493,0.5025922185784413,0.10006619127489058,0.4370551548171,1
33.430928123601106,1503.1868113091111,2,89.57556037480462,0.8391313359651633,0.11296990530182854,0.896692115032653,1
19.79636292496338,1578.8498136355836,2,161.0412719983909,0.41173905264845323,0.5168475926377818,0.1548132298076459,1
17.038763823386958,996.0250770922758,3,220.18776275837197,0.7892159229549897,0.12655122874972655,0.6276406830355374,1
18.56815774937255,1167.1419941001848,1,130.87270294152555,0.8518722339104394,0.24333992818291472,0.7878390973342765,1
14.973267323957234,1119.5907630193744,2,250.03938883393795,0.12439023777705412,0.752059101707853,0.8378865831135689,1
29.718776962613383,1596.4018567477856,1,27.211428627647418,0.5812824273303281,0.36052410173407423,0.08733714892763778,1
36.52284594634024,645.2693615852512,1,32.84433035642457,0.43983709028298096,0.2824846872615765,0.3902733160829449,1
44.16818407349665,1018.6467198094692,1,51.038468586653075,0.16386679933942871,0.6254993726317636,0.6424900818457574,1
30.896657299740593,1300.1278260057304,1,304.27737836979463,0.5672231881062699,0.5380889803484993,0.3021976030774337,1
28.859661871496616,1409.7214871590675,1,36.746003136630755,0.3655422368562299,0.2123406495520217,0.6730383104877353,1
19.401947929285768,1320.982943074925,1,1.3981557831037505,0.6056859692791683,0.4392654222560015,0.49046260276180387,1
32.4439083458217,143.37722541510095,1,107.61265986382246,0.40451832162786755,0.6795223373319583,0.8796009406217341,1
34.91458819070634,1188.8241277912941,1,39.03405762580605,0.6851036538861817,0.7522235166099821,0.7914031107916554,1
16.99542770727453,415.7229934758039,1,61.08736529400392,0.5768538863769345,0.622428421201718,0.6868967247122184,1
34.29655023257444,279.00313387086396,3,20.59717392211343,0.19530928975830464,0.6207544839155376,0.7349599713422084,1
24.729520895176808,619.149806715213,1,10.855332253607807,0.7811393640604658,0.5730529610715065,0.3914543987020094,1
29.411859961716864,343.868493213676,3,84.95706366688233,0.5415864390384111,0.2926333313781944,0.2919258928478812,1
30.282560688552408,656.0679331232459,1,254.74062534915348,0.21866712183872122,0.7045129916037429,0.3656489609960266,1
38.46537176111178,198.21335868611314,2,18.96912708585272,0.25444511594604324,0.6718103758676757,0.468807721252515,1
2.375110869464028,561.3915606514266,2,299.41485346510615,0.23553397823013117,0.5844079551064535,0.44499288681970084,0
23.17542573902106,1374.4448484620045,2,130.13322594400998,0.33391061427479335,0.7491922454957699,0.13869062822248734,1
30.88206502466058,196.91730216295207,2,74.97316461597055,0.49667566613690967,0.5256045836369352,0.3088623113002008,1
33.64483644639347,857.6694734658593,1,474.2072490460548,0.7452410815078855,0.6156795150353818,0.1506660422519378,1
16.196496725569613,172.76550914600313,3,192.81265611982286,0.6685842359627219,0.700994591210321,0.7553774842411025,1
41.52070035358405,1087.6801502842848,2,13.06468661648075,0.4823101926233253,0.20064432609473784,0.592844948756586,1
38.3605981990978,1099.1731900181196,2,263.7329185036973,0.26185181099050225,0.8173481636243742,0.6782088658171403,1
23.73791092337081,1264.1804055810912,3,182.448137732361,0.8630072013031945,0.44445804218314255,0.7603919698634695,1
29.96692549595865,937.3922161226287,1,273.6947112426507,0.8602180235987243,0.762556666361938,0.5640788064596738,1
39.4127760899098,385.6176807123609,1,186.3237462901347,0.3522526956960901,0.1619563028517285,0.03247453296001157,1
20.405179073104268,62.198552717158336,1,7.7663500096826,0.43953979574876184,0.5865797631957909,0.8996763061388333,1
21.691156412747375,778.5946486250574,1,63.93231321135087,0.4727129574258823,0.2869206446869142,0.17763437283119266,1
25.748876507406155,301.57553993874126,3,14.832290344004836,0.37958012255602186,0.6092438145316742,0.6386784674930751,1
17.24741720287954,1073.1775010470428,1,99.11460082963906,0.8127700774214474,0.321382230940522,0.8693231069292385,0
14.6619081585732,1534.5764208783125,2,60.29522625925411,0.572827060480905,0.285132470173478,0.8451930934936523,0
14.114829027259557,762.4881069381111,1,136.06800425090518,0.33847422266221083,0.42482731734980994,0.44048120105732413,1
22.290860838071243,880.8232927307145,3,10.609647681387184,0.2970955685009407,0.7179145952599016,0.7954204554422969,0
21.52529501986888,1054.8220496863032,2,468.3451168769495,0.5222410180024859,0.28956068665756374,0.9751672450848213,1
25.450953908988115,718.036709970331,2,118.85232176738158,0.48733879232194527,0.7180682313654073,0.242342065325567,1
20.280953091569028,75.3167337083454,2,61.714982153417196,0.552247522572327,0.8581443935872156,0.35121365284600325,1
15.527204778806261,863.0006664883695,1,115.42863557520131,0.6475275766672076,0.8501703379839447,0.17882928059282144,1
39.81059523824166,1342.3278494271412,3,212.65096354233393,0.5834275211151597,0.820863508074419,0.004881995126066241,1
25.010607391934286,611.3340710083568,3,104.09034801738046,0.23575977010996366,0.40047698398124487,0.573997543307246,1
33.283905546872944,1023.3194387409648,1,2.863227307323324,0.719325842724837,0.6522863097185982,0.7295440356671783,1
15.19479220794062,1240.0572448742967,2,59.37492781104817,0.5303833706125385,0.2407969636797785,0.5629421123554368,1
16.416694068497844,1460.1811132054474,1,99.96222049393094,0.5585261317530409,0.2507697122264323,0.20217757203425113,1
24.072638973973355,1362.7730242028058,1,122.70988656499627,0.3918972373860975,0.4593102885309771,0.5339957007666011,1
41.01813102700209,521.6251176464177,1,17.73796571303857,0.09333814959413497,0.8360276384506172,0.20743941239583807,1
29.77997997493021,137.20466538028302,2,84.23810030317499,0.3655745240572086,0.5588828043225081,0.5452821742199917,1
25.52133558653442,332.52043138403906,1,426.40609626549724,0.6868759763043999,0.23840128764482726,0.9819672577143403,1
34.030323961464845,435.7935841842768,2,105.01919650242232,0.39553625801855513,0.8591187302083202,0.9576884014463816,1
35.66344729771494,1516.889090994567,2,167.25336855092212,0.2965850088447436,0.8850696223667613,0.8747801366456737,1
28.26033104183118,960.0833099807475,1,200.1652552271199,0.7046368274555493,0.7748536283344577,0.438691747143353,1
17.70528258928358,1109.6622412730837,1,34.35009166007028,0.5266452426407667,0.46585134370278336,0.30460864487947514,1
26.70388739840622,1169.080408578662,3,76.41254572031058,0.33858257142389747,0.1495640591688865,0.8372331742623826,1
33.86178152985816,56.24439286966194,2,145.01302313670453,0.44926690585436135,0.7572553478239793,0.04471174596879923,1
17.798924852547557,482.6406915763563,1,126.80276035531344,0.322575448170848,0.7044409507080006,0.187193571551999,1
42.11402562562174,1502.9663010180425,2,43.43772641563231,0.27155795246084485,0.6104395750351252,0.6481179099940059,1
23.700361905335736,231.8421249773383,2,48.04967161122273,0.08531380364484804,0.27872323038423474,0.8560408005319449,1
20.955881643234797,257.8984432876247,1,136.74058483196447,0.45511851067774417,0.4063960630501334,0.9035167946939651,1
44.629369948828966,991.0830863182628,2,14.233538182425917,0.5851572740716111,0.6282619560274558,0.53308628824445,1
27.967723058329184,227.58973663774506,1,101.08697963506849,0.42492010114980155,0.36875874963231714,0.4529511921077326,1
35.90549609002419,641.2075604239925,2,25.44525793937185,0.40238987106548463,0.18127615787802434,0.720550471949454,1
6.777173046627294,391.8207467994998,3,14.668519912306953,0.06429947736529337,0.7527819130445547,0.31447759999674463,0
16.783674651872673,891.329539650802,1,149.91021939288544,0.1735783753339325,0.7758964878398914,0.6093966408644733,1
17.22853527364002,323.5010138722164,1,98.55504288935698,0.4832891054212859,0.5983838102920978,0.6712645370868593,1
38.61461938801989,1245.077664336107,3,144.43077430600388,0.6287902117879526,0.6877733145531644,0.5300715720807921,1
6.120094260547709,995.125159462568,2,41.04037553304052,0.35404821319282304,0.7672777875929914,0.13786119576482292,0
41.816422614605614,662.2470066193674,1,151.34255487220727,0.42732812969894085,0.15440264856585684,0.15620063738475176,1
21.008515481667896,928.075953851633,3,98.24316157497283,0.2260127912398857,0.30501731402670035,0.8189398758709383,0
41.6378071078514,1445.2938161935501,1,98.50893848004237,0.5952064472029934,0.43343730630899524,0.3923288349887649,1
13.530595614655354,1315.3682221545662,2,76.68906679875873,0.4690508709471841,0.8650443142410876,0.18023739779405,1
7.475888774750555,1301.5205925165264,1,284.9344253296184,0.8853773934585814,0.16417745543222653,0.030579493381308054,1
21.390302775673334,1197.0167477234127,1,48.50255201173815,0.40407550573612466,0.532328210359959,0.009429842660291787,1
39.81637708163266,449.94077730211524,1,137.65398375768547,0.5741845490163894,0.34169228914634564,0.9698047096923269,1
20.751915343393073,657.9843602270837,2,222.34844699761015,0.3326013464049937,0.40081702529908536,0.050332966427613535,1
26.026752800958274,618.3655710377532,2,14.346306091019136,0.8007752650870545,0.1333405077561489,0.8746831788691808,1
37.43324408328788,1090.3584579474393,1,49.33516977114111,0.840150053756715,0.7227122225117092,0.3117293118986427,1
13.343244037445478,1004.1098849415121,2,267.84195997849775,0.6781541724682968,0.1277959961191938,0.6695039814691583,1
39.16276556493295,494.47156032956116,2,11.904378816275385,0.43395447814008353,0.869687719071167,0.42958588945255227,1
16.942599935716743,398.93078977747734,3,89.4757023338506,0.20312226501376157,0.5079462912712495,0.44504562533675585,1
35.79509796984973,1025.550900634677,2,296.69269897970736,0.5642343706005193,0.7043792108038259,0.7971083677382307,1
9.370054781424805,1456.808636782535,1,307.0952402398371,0.41557981461302024,0.28079468067174396,0.39895229929303144,1
10.79840574583767,982.1445003453177,2,23.700937780194163,0.21209704536179205,0.8863539305545373,0.8850527993040692,1
24.59426190384267,730.5236127127644,2,255.16011481510813,0.4575223816485835,0.3292729375257009,0.6029405778314734,1
21.444480485673292,1014.9636377938627,2,145.22759680151327,0.4185720152780358,0.2529320033488016,0.8056606423045418,1
10.664529651678974,821.9625102238377,1,231.40012402341492,0.482491844517405,0.6412220894918954,0.5185736537496471,1
37.150298893798755,1152.7055610236675,2,89.59589812025825,0.33780621751743034,0.7499057706960228,0.6945668940545825,1
23.117330792793442,884.6497237822228,2,100.75146709984077,0.7397349762683313,0.6125919578481118,0.3710251407865357,1
10.216647063853415,359.1623369497016,2,60.14214577864823,0.8322673642331078,0.3807423621685355,0.3235709571142106,1
11.24154365187988,359.4328460089417,2,197.21704914023206,0.2892244023929627,0.5835702711356616,0.4189031913443432,1
20.735850695386066,1061.6579559539637,2,163.23166531585537,0.296563413766502,0.23420728384884626,0.9521923251416242,1
40.608523067373575,523.8564810418861,2,123.90511820199231,0.6315295813791965,0.36933215459672375,0.1504052840722062,1
22.604357000868514,710.9445292754516,1,456.9498070999204,0.6973973441231786,0.7851704533899776,0.723386580805091,1
24.52267368673947,87.10406325554322,2,47.19903806130599,0.4492128573192202,0.47643612141560154,0.7045133291298245,1
31.283587564438513,105.04651300055743,3,27.595195388090367,0.7857891711667983,0.23125939657180564,0.16773399998816163,1
25.998103715936853,787.6305733413393,1,47.84759928808374,0.42708470985594466,0.22285379193774615,0.043393669385915934,1
30.103892614022737,1249.6384712531578,1,44.564011753255365,0.2869181685704762,0.40464896246135706,0.6077047612782903,1
20.219308070441876,513.6642665626088,2,226.98588942937437,0.7304120958035552,0.8522968546177188,0.037705871846927974,1
14.094635829701893,1372.305476517288,1,217.37299452099055,0.3937854884675244,0.520197473598483,0.41749694530458215,1
19.35249430906922,1389.9996087358397,2,5.3214267394719705,0.7356902551531457,0.6868833269086932,0.38537246055645347,1
39.36641789939725,790.1407343317925,2,137.9265296540324,0.5627234874097048,0.8905188879592397,0.4208670541326074,1
38.835983244954846,416.0377469382217,1,241.58670600754843,0.6144324899219373,0.3019250341156703,0.689033884502226,1
28.631425048277304,650.5188970818617,1,166.92035199138755,0.5989060443567814,0.812469195716225,0.30655228043303273,1
31.642502709529904,1074.1245687371725,2,56.752187679484635,0.4021608935668321,0.515243421989118,0.4790664183491543,1
14.319135401166134,720.2292890307856,1,153.25003109982453,0.328127374639668,0.3361205861439015,0.2105763238222278,1
41.24033937600261,372.5984337479319,3,96.00206474738486,0.774900619230055,0.32759202037292656,0.9932758375169909,1
32.70773493627297,780.6358118245181,1,3.4703381700079015,0.9180169076744582,0.20810603289324084,0.041286451920588774,1
13.912446648623627,731.8030810198524,3,79.45394032115915,0.36866482615416807,0.35154009002683595,0.6193611775020078,1
32.10277380968265,581.4918002215944,2,12.51003638707394,0.8090886347820812,0.5495726865147802,0.4359294130181114,1
19.890713255192026,764.6434636516187,1,22.578961287636105,0.1612048062106113,0.2519913109795061,0.09149076355819141,1
38.510213950561635,229.2620913655619,1,44.24945471189892,0.650821906285434,0.4361208307088942,0.9979366730085784,1
43.59321560661123,265.2009236140084,1,205.65175939663237,0.9582580321292249,0.858584666071755,0.7927796083782435,1
23.102564585190954,1551.2009611185833,1,94.49430381498156,0.48233393163397675,0.7481862439833792,0.701216558875313,1
31.29086629355592,357.23016242483965,1,145.02765236858417,0.7979150254947069,0.7463015879897311,0.8136850689751923,1
24.49178944226723,1096.7075659021905,1,203.55732961836145,0.891553832776582,0.6522986886572485,0.3423935952391358,1
33.59094478769542,1478.528628470209,2,99.09371110506795,0.39971199895467896,0.404889061329169,0.597736497994232,1
37.357468878810366,356.90011015033656,1,38.3927392441932,0.34451954841445875,0.6577891146545743,0.8475601754054138,1
28.168819160467663,62.372196002708996,2,40.300986941481625,0.8068258831422761,0.8246297873665535,0.9194998199095444,1
3.3385865618302595,107.61631086879319,1,480.213740429362,0.5282713348100658,0.7475434722617605,0.9997601941679611,1
34.25963652152264,895.2690669722288,3,251.0857754265268,0.2741624950190955,0.7044257449681971,0.9987108132398238,1
16.85088316083892,435.5177470670369,2,364.2663443080796,0.10203414998531055,0.8422065166239159,0.5144528104774296,1
28.080371268540787,1285.7196185992418,1,89.86971677549404,0.43379847075591865,0.1665179318532859,0.3978539558465678,1
12.461226334261937,806.5545111092323,2,16.964977650307528,0.5027243399792772,0.2459556170668673,0.8407812059362674,1
17.629828895092217,604.5437863822723,1,191.06698521823682,0.6915187321067964,0.18115734312269804,0.40717315288749145,1
38.046333436004986,545.4818308411153,1,265.11700524120863,0.2418689240179543,0.8161953800304532,0.7706119033474332,1
30.127505116059304,853.227427923118,1,63.67910040409211,0.35893255370709076,0.8688779403795547,0.9487337850128537,1
27.779417633441316,535.0906341607624,2,33.69886224678818,0.35974682538878083,0.46355650224953737,0.42507858232651785,1
28.72923037184544,115.62940154955103,1,56.94842263146127,0.3320980246591397,0.7523948987362502,0.6310577343475939,1
37.96596476215443,418.7864719837927,1,46.7888124095635,0.41772476339949993,0.15204170764179548,0.8138631793079261,1
43.51373140007038,1482.2607100947068,1,147.43134156129796,0.33696443785218105,0.7377863758515496,0.9871414962847407,1
28.25086966310674,252.51840902859612,1,44.464504081906455,0.2375965881876373,0.5769757376446992,0.026289008578090578,1
5.3733094546625395,1440.9105758407763,2,184.58861062322666,0.8252073079817639,0.4792822502712887,0.10330431255208938,1
24.431230594557807,1194.3858519689516,1,251.88485542377842,0.3726773232031965,0.7815569981351592,0.04849400385961766,1
35.717438343577115,822.6890853980666,1,213.81059163067553,0.2556976483514697,0.8883761812168135,0.37899305416222406,1
24.970054364214892,448.1933309103778,2,12.339115276077338,0.6404897650790423,0.5829604339671406,0.31767789366690324,1
21.083959072525058,258.63658130866787,2,47.561240861043316,0.5208600389966183,0.6503350723431922,0.5773425018035862,1
29.143131630726003,1280.242966405568,2,115.41580777996633,0.4276742971403067,0.5514628811153282,0.8386939414631808,1
8.364080093748765,1139.5630207049564,3,34.05146728235241,0.8157922966586985,0.5846212948969642,0.6258772395411287,0
17.44726718763838,1351.1535611365553,2,8.622050946716977,0.6668752762198734,0.24137595390177166,0.9674374159488895,0
19.574965813842358,844.0234878947228,2,129.91120346414988,0.056242783210384215,0.14998267284986833,0.9971616887343563,1
16.028181382143693,168.03982138224382,1,356.3625882228644,0.6709448639892817,0.5143504571510092,0.04803155471545484,1
22.02847263486219,1426.1439490635937,1,110.4424075171962,0.3119197974286024,0.4950337438630794,0.7734624524046495,1
28.48480228887682,292.74557167558055,3,30.534021218291677,0.2607163101055433,0.403666659896856,0.5051159998090431,1
31.727290991259366,1187.6580248380671,1,550.9636286633402,0.8239495895089665,0.7197789341145542,0.18246804157905572,1
25.46697102757512,1155.7136090334723,2,46.81401259566436,0.6468653517176434,0.47211124474987776,0.21660641981451623,1
19.30685574357331,1288.460982284928,1,58.345041342852156,0.7564671864118601,0.6319756777593767,0.5240216049956565,1
8.378758352533948,622.344875208223,1,164.95383971221275,0.658913990244898,0.387683511983385,0.6398180258042863,1
12.639810725429589,1133.7320386602732,2,15.933961886772256,0.537312573445179,0.8376505711716166,0.29713478853672837,0
29.956504205771818,1501.1275036321244,1,10.771261596800574,0.11260311358640233,0.89140652836374,0.7865808418061266,1
33.423368962555436,1521.3819885883916,1,33.92258361375149,0.7674776139954536,0.7546110012541267,0.8257185668760786,1
1.6381177283371822,456.3122600544761,2,19.18493086269161,0.22190544930522482,0.5347162922983263,0.6605033618624898,0
27.507742259296155,1182.1009572358262,2,387.1919570171417,0.6111735755188216,0.3306300810557894,0.8391965185011192,1
24.31898506996171,1254.1344445642862,3,7.486226839058078,0.7299129425901115,0.38136268379135074,0.590441260355739,1
44.9346912250758,367.16144166502386,2,26.944133734180234,0.45888589956253223,0.35294170846398065,0.3787994667096488,1
18.005032840461492,1306.0847544555922,1,14.199334586491137,0.47523502346006763,0.4597808278706107,0.9423777824257197,1
21.693867767375714,1082.4407218343556,1,14.152110361023224,0.3279475922773186,0.5101915008125336,0.9986607872472862,1
42.4798945004531,237.12259721399835,3,3.594654960157442,0.15776791403107113,0.190124043977991,0.9685897688605755,1
29.49063306656764,282.6969374115906,1,170.9845475986537,0.3645925582947722,0.6020543677181365,0.3461679500964694,1
34.13791670804879,167.61606671982707,1,18.39871108276182,0.4237452976091369,0.4878645686984723,0.7386561257702948,1
32.17982568673152,63.735264541967894,2,7.573166132614291,0.5814773933111108,0.7555951851794792,0.08378610317480639,1
19.684204603094404,1571.1824105416974,2,311.5215182401767,0.5176546368870006,0.39780336422310103,0.7834406665551472,1
28.03592598595578,913.0393683444726,1,38.36198649539307,0.18151184142737098,0.597050449283497,0.6516902862510041,1
29.26945961188996,612.5989561470839,2,5.680680904014131,0.1562458167598531,0.1641909920092565,0.8861798185411099,1
20.04681570519781,562.6838973756331,1,188.83009954858647,0.6030705217139689,0.47620251412557035,0.9542183049222809,1
19.117480631565673,1469.1520019670343,2,76.18465093383907,0.408570281133825,0.6465350612309881,0.8114862733318018,1
32.59302836560655,1027.9879405386937,1,79.98174126237687,0.8848799249304757,0.8446951878557661,0.05396833729309847,1
27.3241946668229,1224.3511688500455,2,72.10442278338846,0.3614981506151127,0.8473791931908512,0.5746789212171999,1
10.646007610812056,1579.064794315816,1,164.30524650430343,0.8502023830921606,0.32186347515646485,0.755514820275817,1
22.82270549806515,1299.0984654139518,2,143.67355103045298,0.31887583149745924,0.2463902754247311,0.08384808046143533,1
19.036718465229953,1514.8154977654508,3,36.4100894004285,0.18344457023999305,0.40060313235829237,0.8668414152342376,1
18.258464506154787,103.98299145943908,2,21.45074390049419,0.6573885142591006,0.5011889813844467,0.7271816592438141,1
37.3120156878078,276.33801131024893,2,8.063075785085102,0.8596863769657999,0.43189468398612874,0.023942510102080483,1
17.213356861685188,502.58036046129786,1,135.12882260025117,0.6354274342860888,0.8197061108481567,0.8985552002028311,1
28.954669992905632,144.77624936419312,3,38.6556461202803,0.4728657965266292,0.751967464309363,0.6763952376467763,1
29.461597314437544,397.74798859014703,1,120.22157192168632,0.6343697451860439,0.15721420105247078,0.3922994867483962,1
27.417572001763023,460.6436687505038,1,23.295794642239013,0.25857869238703235,0.17069435604408403,0.11432500596511952,1
33.30275343804543,1145.8443940658951,2,142.97111951777245,0.07845179714219318,0.19085757459227448,0.5042158454879259,1
17.296915440160635,1456.5009004837284,1,19.48854205762346,0.3401576712070644,0.25435373730229593,0.37530235429388514,1
21.12600126450615,1580.0316814760613,2,119.94069180741107,0.18991408359211306,0.23808085984508134,0.8968097224967149,1
19.391984024116233,556.994173565717,2,243.54030033680897,0.19143289918420603,0.7219995357849629,0.2232798987111012,1
25.212411586596573,1520.0598665782843,1,89.03399390629605,0.5911465803029041,0.28940235075449894,0.25553652665666127,1
40.40849548425459,1336.798579784128,1,19.671627999445526,0.47780352241324625,0.701653177170752,0.764915099926533,1
15.060015901443652,259.11171162793204,3,30.630543050565652,0.36062106134432953,0.2886783320986521,0.9306286933546078,1
9.661848650544833,1113.9182251206678,1,75.61752518750352,0.7698486918392965,0.782194392482063,0.5406557049743742,1
42.78871747732802,617.2092215535132,1,20.246600763939608,0.5733367402527134,0.694191185371547,0.8871656182887537,1
6.902690271402208,1223.8040103905635,1,5.3483037968802964,0.2745287339397235,0.8861107534601642,0.8575476834329813,1
28.528408420094287,1319.2491256742937,2,34.7193453181309,0.8071349816824137,0.8952349150350827,0.32379290595058563,1
8.914864872382774,1434.099680009802,1,231.76363848941847,0.6627714372339591,0.5196600117434615,0.9142066889106605,1
25.622249502215006,551.5684024530403,1,90.09399971398486,0.6290268874004605,0.11165835113910588,0.5146498833024674,1
15.744639308265887,795.2451012598124,2,5.502688672310778,0.29979033373931124,0.6345350433578684,0.5948555514220207,0
29.341730498161628,897.1418148449197,2,451.483865045588,0.714949735924651,0.4178705265125421,0.5532475688872569,1
32.16338445452183,79.7827709801255,1,31.95374335480195,0.618200477235916,0.4615046502311658,0.1326664611338526,1
8.82195666158708,1288.5491035232756,1,111.27570408007747,0.5666333091749551,0.6943772168765674,0.936440195570897,1
6.77465467321746,722.7832154732716,2,209.38389010251493,0.4355728884855479,0.1345811550076996,0.10562419632474074,1
29.52808625082607,736.0302540367755,1,27.312199469651787,0.3664469990160915,0.6439734596109412,0.988998290369856,1
37.47243840166218,820.4831454949049,2,65.4278110934895,0.7420533519449686,0.507919988913499,0.32280790379307156,1
36.113063950342884,1229.7027310494566,2,62.83288695676267,0.4218841515303566,0.4827024511742539,0.031826037819744024,1
39.67320916882382,484.1901264070476,2,77.7616447161195,0.9451380142698612,0.8470725223086191,0.6044380158484062,1
23.061690861850035,1426.9108923774816,2,197.44767564424086,0.5395989049968029,0.5221613176625802,0.26859346013649166,1
28.552322359633916,919.9396588585442,1,74.2308308932623,0.10367595520222508,0.1519073520631099,0.9585572726492477,1
31.525555001793705,694.8781819185223,2,100.07806718164558,0.12738743300119348,0.1887977742575128,0.2964216888537916,1
18.665372255588235,1510.0675029437007,2,159.9383552296843,0.647262193439967,0.4432691013200981,0.9667956575367179,1
27.59163980981148,1206.5859186203618,1,104.57882160420402,0.7243384711823904,0.7117636104926878,0.027221147355491304,1
30.436387429101124,1380.833672515274,2,48.56176113250935,0.3481418912006433,0.6393943917689898,0.6921185489813337,1
6.898870213145591,249.68368750924046,1,375.69261356447083,0.40480309684410865,0.5677295765604367,0.7548803712033159,1
33.503856951555875,636.2455739931934,2,344.6812458604546,0.32572042624009057,0.753215653591341,0.5452018492098768,1
23.39493128397342,1503.5351621018262,2,40.34148558749248,0.23786544737887266,0.4822206503396472,0.32275442805937926,0
9.480100464580504,629.0148624221436,2,65.44892870678103,0.6309062709859258,0.20281399368480885,0.6155013822926899,1
31.07803455648529,1153.517272940074,2,198.76537429507988,0.6529593464168522,0.26284993352467867,0.8835806438617133,1
26.121960631723283,925.6245851471832,3,126.88301925340366,0.4663715315593713,0.6833126638055868,0.32385630196453585,1
28.312413777441467,1249.7483376761008,1,42.795283080728076,0.1549624074135693,0.364995638057241,0.1194952721482534,1
29.180924078971593,839.2520227843863,2,11.247655979765808,0.7346486687695772,0.7694844759084384,0.19249623150611628,1
14.603639862929153,925.9889963506295,1,46.28202821788083,0.5435409219635481,0.8942542826817657,0.9229014577207278,1
11.06993753317022,1040.4773954223929,1,824.6598718702668,0.4673158979313692,0.7220477220813599,0.8839530099394861,1
22.561157742763346,164.15582005614255,1,152.9224237511793,0.6349858830005273,0.6661299148989597,0.7668304411040168,1
27.923367375278648,489.2689745512734,1,276.50183808803195,0.7064821705364441,0.6755478513591407,0.7136960710194122,1
25.974857819777405,1433.1713440592916,2,50.94181906582691,0.2216431734617168,0.5568881609000994,0.7331035587512205,1
13.894721190044153,737.6796538788976,1,40.505234317616235,0.4588249362363202,0.7900581241577264,0.9669119749631344,1
11.304097437029332,1265.72703870215,2,34.73797506492401,0.3568591260387354,0.15834459039262605,0.6333839691936881,1
15.005037919019637,900.940527212797,1,45.56176427763245,0.9016921984875771,0.4085859258073081,0.6935302487814682,1
33.471854345461885,1559.9642552893367,1,172.11765810965358,0.5525308659429373,0.5471775064373701,0.7643474993231756,1
25.154273896468062,1005.2067496938779,1,48.35375077278169,0.5061696295649007,0.2737972714121524,0.606777309986552,1
29.952743343028867,1546.5330869079946,2,7.010512784878176,0.6368085508565337,0.5953757445965459,0.4444712934674988,1
36.04118478325517,815.2122225205651,3,36.308154660491816,0.3809044088973487,0.8198931535741962,0.013555920006670164,1
44.495572544845956,639.0365346796559,1,11.16337277262796,0.538536186984034,0.4466503883987516,0.6611241092005549,1
19.411611367980548,930.1865687281502,1,44.7221243245468,0.32745346629367206,0.5990652402516747,0.46063056840962024,1
25.098898710818123,191.65773708507913,3,75.44051877645437,0.5991856801186591,0.5582143007752131,0.8140663303843506,1
41.93030353056799,950.8518743020744,1,100.13345652807207,0.5902070127874932,0.7766628720100409,0.04244526881512822,1
7.3277098270657115,1045.617885491767,2,45.73059490843367,0.5333430739819548,0.3692732451651649,0.998790021291254,0
24.254385766312204,735.5801874961713,2,14.615790400820227,0.8152916793151204,0.589581631433457,0.5782783416590069,1
29.83245540613837,398.4290984142307,2,322.8965221609593,0.29770667058715905,0.7120507893662165,0.28270592508478054,1
5.287008280082715,941.4443613844859,2,162.44470353973625,0.4601077831052554,0.43249423563950407,0.3616098040076565,1
37.11449017580386,1117.9497067029638,2,266.4623724985074,0.6125607266206334,0.5827482484906058,0.3480198652590749,1
11.502906543517783,297.59161836640294,1,10.13283591854134,0.4918326450498271,0.20477541905785357,0.8885621920877115,1
14.037958409731488,1562.7363837671114,2,6.328680234540869,0.5467706601609361,0.3587273201451816,0.2807053731936213,1
26.783676389287756,767.5477435865184,2,20.824956640782542,0.4414431099307379,0.1600453803783511,0.6505401679879256,1
23.567908819265973,608.1869902290963,1,448.1833949772717,0.12182316754172873,0.42199903319489307,0.04864472269947706,1
36.21379189795813,81.2295657629077,1,83.69266646271969,0.9553211612113023,0.6505798806779469,0.3958629845470003,1
8.902921541590434,266.05485781125935,2,15.241339041075168,0.5984893444110224,0.22519977093514687,0.6715798563260084,0
26.602435408623677,519.048223735178,2,14.75807750558523,0.1332771759309663,0.5338119811038564,0.148133184699752,1
24.622652898075476,1424.271690503133,1,145.76838102001622,0.3821568972246267,0.4779951866044131,0.19187903519272387,1
15.548337165858394,865.6029001644449,1,8.171258641930455,0.3194512679057152,0.6328490957696474,0.08210162839402757,1
13.033089116697415,166.17351050689427,3,436.2769247626375,0.39526038144097153,0.4256006138150926,0.579837447257407,1
35.41356315427955,1056.3863522369788,2,217.91782355145142,0.2025235550840348,0.3362010783950935,0.16156684383150688,1
3.60043792200857,659.23043716398,2,80.81202680185625,0.49499861514956794,0.4310050256587191,0.05430414691562213,1
40.253763855607986,953.0159441054919,1,61.38006769210003,0.4779030604681462,0.4027076588401156,0.7707795392900135,1
6.949461887207289,1217.1654002759158,1,93.53062661401064,0.684795733875884,0.24676165847922507,0.9291152428344032,1
21.436555810247,74.66200867543648,1,17.59215705004625,0.44900859494412804,0.8771696454762202,0.5858017907337415,1
25.106631758323893,1209.7117180173775,3,23.609334565429613,0.16074421094978772,0.3970618830043168,0.3011778145767545,1
33.23972130700464,408.7255341356854,2,216.88002113674295,0.2488259571254712,0.26329637169216524,0.9139038850106785,1
33.432975707728644,885.0951073009674,2,180.22891713234176,0.8205210217518867,0.3058701622739679,0.10205596054895161,1
17.288374927038433,1203.3205303981945,1,26.550654307465145,0.6671423857435415,0.7778967841166279,0.36125573400187727,1
12.64726544376117,772.7504651970809,2,23.33462503261094,0.8065543334462385,0.5017967832341129,0.5725050056383157,0
3.4788313071005117,296.7937496747189,2,99.47880605339284,0.8400143777755695,0.5666177576053064,0.6689007419723371,1
30.54587354014926,879.6730110773481,1,114.71513167875858,0.7368930978514636,0.4128859558728565,0.329385296368345,1
26.108257521951682,506.37012807208043,3,93.02405506058943,0.7115666694972991,0.16335840682294195,0.28631819771841827,1
9.272378931580823,242.009872596066,1,437.8724262919981,0.3347755488990679,0.26069114923034525,0.32165928340789995,1
29.042966061355163,650.6740938206314,2,500.6106004129307,0.8584297102108048,0.21347185414202335,0.7451601725587843,1
34.12995163396707,811.1347223266713,1,0.9686704104200202,0.6314121784957931,0.7366210577236103,0.46842669589946995,1
34.29037149771353,1497.0558176938187,1,134.84700265374943,0.43751672100418726,0.6412715554314989,0.2396968513453207,1
26.203333551976606,558.1936595534023,2,22.883243170839513,0.5599048267147702,0.8764332285153904,0.8649978698391131,1
24.015400957841788,938.0403647828538,1,98.81212465988285,0.5859429180269852,0.485659193052305,0.6008932115612949,1
27.0746458964947,1289.1545849008096,3,180.34312707972026,0.760429580147676,0.2307061107110082,0.10303535029260824,1
14.617190690493254,1179.4139333129012,1,97.1579707012962,0.7533535144694635,0.19986568347611594,0.8547675725260291,1
37.378153772334784,958.7431935103755,2,58.480222046696085,0.3904177929270207,0.32745563642835473,0.12883431317010818,1
31.632351896437275,370.3481289570753,2,14.4466540377928,0.5075119265421054,0.3398332460177734,0.39141211652279606,1
30.223114984569992,360.89870123746783,2,144.09997529100903,0.6021809597847487,0.44280841283032024,0.8169652672911175,1
23.978352349369633,1445.1943903238796,2,262.76338671290796,0.2861942373027754,0.4295736502284825,0.09468922107957567,1
22.914472119604284,1088.2428143061197,1,109.09154087546509,0.0888876042635807,0.8088834683994375,0.6552464857918477,1
24.704581331071825,1307.3633625165949,3,191.25045690813693,0.737052468127446,0.49818697035532755,0.9809219414925097,1
43.89916943131398,1374.6522044919227,1,180.8662278381929,0.6127690294543334,0.3443035128993821,0.4807556617950367,1
18.05213314300473,527.480614120756,2,20.749996853224292,0.2753712595713503,0.28156136813192045,0.497629443448407,1
15.55864799956486,760.5363129025906,1,28.169277091146437,0.7319306025453538,0.20725746279549995,0.649459658653193,1
31.496249843561287,639.7919917757653,1,165.75872306056084,0.14671264632080044,0.19271445855726457,0.9271636927111976,1
29.905729418857966,1489.0033575118566,3,122.42270269019953,0.28552940933937415,0.17009979591257532,0.5461340345977913,1
18.218136477083554,686.0590139225172,1,335.3502789648545,0.446756076784288,0.8695252745641543,0.5909769509230233,1
29.69201870705458,1097.284701499567,1,66.15705967381398,0.44305037234384304,0.5264372667139309,0.1046818513043477,1
13.857954884051411,241.49920952528402,2,172.54976108435102,0.554477610536596,0.8943990413927686,0.27194698038851695,1
12.910316559807809,1397.600087668922,1,107.84869547521821,0.778350780147787,0.836727099112619,0.36399668332542523,1
23.644840943494465,204.35021187850217,3,126.84317993749454,0.29102036844827606,0.29887669942273376,0.2709487310120161,1
43.97325120040175,570.9007941239356,1,8.410827500803196,0.08819401980041829,0.4967660928362648,0.24088324812791495,1
13.184938873608175,1006.4526014061082,1,59.67724646378767,0.9528511094091013,0.37468881936949316,0.8882334968767129,1
24.512238057249604,735.2160370791706,2,179.7052597043977,0.595459697299047,0.5295115183208142,0.6562199556478331,1
24.98440341920218,205.62811397998516,2,27.748349253615963,0.06498234955485907,0.22603826887460443,0.6687485239905389,1
44.454769757617235,1127.685469880683,1,264.1206511964384,0.9404258735655662,0.37337634696399447,0.45990938596526043,1
28.90345096042198,986.0503584361045,3,51.946714825619416,0.49813342998407584,0.4451372487798675,0.4100813450868982,1
28.29202887424516,1019.5506481995807,1,103.26948887492193,0.6005943424749419,0.7880632446925221,0.23847685702121535,1
29.804211319707093,188.16904525789832,2,101.09167128360295,0.231820989389492,0.11372522286260099,0.4034801667378054,1
35.89195319678667,1147.952351814468,2,162.4116847343385,0.13220253029852053,0.7550943636601889,0.15831789543025743,0
35.030389064655566,675.8859182995385,1,393.7664354773269,0.39354980410157236,0.8879139768345466,0.6122106476218789,1
30.846193908929653,331.0714483781547,1,294.8523718263833,0.07765614505707934,0.34167621751639377,0.7695346248969437,1
38.528572009824195,793.4807584728784,1,481.26296696547263,0.019035662490416338,0.6062175820426752,0.6399812177566621,1
25.183644395745567,1402.5997340225867,1,66.39203437299504,0.2846388087023282,0.3115966595335965,0.6486889241274351,1
36.68836099392323,621.7234795717129,2,239.46939830898918,0.28505033617057013,0.2325082606409148,0.7209167323825819,1
20.482956356824157,397.2227059773594,1,55.57239721270182,0.24098527373496914,0.5807745032922171,0.09910746003882653,1
28.583768976988075,1337.7787243192267,1,65.49456332848409,0.13044520535367074,0.8179845546903545,0.41965393202298273,1
17.571490423034028,1576.1869746745242,2,95.40910846985426,0.23279985104635867,0.615716012810988,0.5991271153622855,1
8.998894389651262,1526.136119991047,2,191.92167647561993,0.31573682692006844,0.4045896472759669,0.6784282792301054,1
23.44833162467628,725.5876788530627,1,152.1040721283653,0.7088338034928444,0.17600235702199962,0.922188551055358,1
11.886893015588884,375.39353771709943,2,51.269313193737915,0.5330728048948762,0.776669745008746,0.35175138649032,1
32.330425724589475,1065.6473438386654,1,55.88240531040933,0.3795282237029564,0.3507817333128367,0.5369228823835804,1
42.43843917463464,563.3412764855005,2,54.43562050974606,0.7714553142558574,0.29970150328635503,0.07149556934822221,1
30.815066363346922,958.9696909831321,1,66.00253066646445,0.6656297978460094,0.2214467555694932,0.815466510540825,1
31.648401166029974,1227.8346594771367,1,107.65098161607467,0.41243747646476514,0.6198035856061124,0.19469448816049728,1
20.159023627644338,258.9915099186503,1,15.452438184652767,0.7708569488295135,0.23562087029065382,0.1372534908137084,1
14.199959427117273,572.4886682965277,3,106.35810727292227,0.5422898533829306,0.7737089896037684,0.22552079377534662,1
20.657283531177686,1068.942290120719,3,87.63264141240596,0.12209297380661452,0.8092305323242902,0.6370581933999712,1
12.301470487649928,1435.4634245169414,2,213.1625613604772,0.4331107631419273,0.3858405371584265,0.8737580833776356,1
42.949797400557436,645.838744356739,2,27.21431752545539,0.35863038370609696,0.2841252511874214,0.030748191457148688,1
7.957281705560851,903.1376395568583,2,14.129667064171164,0.663810527989148,0.26232076421881645,0.926874903524195,0
40.29539556540022,1194.9615645528343,1,146.36893820635996,0.6041358850090004,0.5355387938282115,0.9871863407585645,1
31.617079492266814,919.4247609105133,2,146.62810950869948,0.41668317707229446,0.16718761126195858,0.06873524566283118,1
31.561675752985263,318.373443047582,1,11.538806883684378,0.08884803618817075,0.6463305616650883,0.446494820916695,1
25.915846258331015,1255.5964273341754,2,79.75884185519071,0.5240173851881772,0.6263574867899142,0.3258712664900695,1
30.6043447521886,587.1499536913586,2,79.33884763516544,0.5585790894543736,0.8624169357168489,0.7657153407481178,1
24.303647749598667,1346.0613875925967,2,25.346216146363304,0.8309247461506419,0.28691927722883054,0.4829566139893101,1
19.824778446738307,1264.4110005661296,1,221.08583050067878,0.36519480677097155,0.5289530532791326,0.19659562088056515,1
17.437250268776577,160.79261256304454,2,88.08743600298213,0.28742626858317727,0.4929916743536964,0.8504307946638804,1
27.614813161492556,1109.3215509634022,3,152.22574159998513,0.17555847877514252,0.6556563196825616,0.6141745974189207,1
26.03441463121695,794.5142919852108,2,179.21505108835441,0.7459838704441669,0.36546553887705213,0.9247002402960339,1
30.894941964853746,92.95198001639689,2,17.144682345614225,0.15864365278946252,0.7670041134823022,0.20530824249388502,1
8.977075141536503,761.3616752479455,2,185.70651941001543,0.21361977713561894,0.7240816582311573,0.3327957489040281,1
25.997948205516032,604.4218570088316,1,396.8287734555444,0.7577283019763548,0.47472570748852827,0.43391993838704646,1
24.789947483402415,399.2565825733779,1,73.7401810003141,0.526856977378212,0.7087475653326105,0.8446739082296817,1
36.72764949837499,1404.5796935895728,1,30.936575689078005,0.6032652378256864,0.8747545981668557,0.9334684400891877,1
19.178153908611947,834.4529692140893,3,22.244877460230292,0.31188298947459503,0.7181928574167079,0.36904704545507894,1
42.14469535528433,1023.8552381066822,2,170.83701199388483,0.5116987213436642,0.6211678354395914,0.13942083351190693,1
32.5101787010564,291.46937082206034,2,254.5725999523623,0.5861589345472343,0.5731294885316847,0.47771223267664165,1
13.470314299818034,1563.620083411704,3,56.23501876769489,0.5837343927602584,0.4985919760923133,0.6371982354035786,0
12.45285286043681,1560.0180081828867,2,205.5165051912858,0.9116935457181735,0.4217780291778882,0.04426393761497527,1
22.39092631823733,138.39778782693168,3,66.77755612383366,0.8540016275669386,0.38308679125845857,0.16787200113384704,1
32.41128739348095,1102.0648125675107,1,10.763421714836314,0.7879931929156101,0.7514086450202608,0.3506654728024763,1
28.214607499768196,1386.4803581044962,1,114.9359165658547,0.18525777436653207,0.34719855168415137,0.26063826210133134,1
23.96744636084964,577.0895234112171,1,78.51506301559054,0.6097086619006625,0.884526293185429,0.7697458363740934,1
32.098733114041046,231.94204727346775,1,166.27153252885347,0.24608098346732216,0.3852680404422941,0.46003672799184725,1
10.658750793505517,597.5798266479657,2,62.10825175445574,0.34518878355126,0.8664801364679481,0.5887559702687944,1
14.174572730347954,1227.5973437052915,2,16.7995042292937,0.2512762738228134,0.7979609300290721,0.39181565596148116,0
7.133033415886395,865.2752518026646,3,191.73056422417466,0.038731847587153014,0.26893275989387533,0.12803607882526424,1
22.452344935779667,629.0683881416063,2,2.016653042856141,0.6585193827942807,0.8256360195544664,0.4038865567546486,1
10.811882778094501,676.2366338949068,3,19.83044536704779,0.8193468172946093,0.8462700906223207,0.623472494096445,1
13.048052344307301,493.46294818606856,1,10.31290126002341,0.9122735272940465,0.4288004106735419,0.21993385394684106,1
43.83218721035855,1353.8144622541395,2,98.04035930830804,0.49011614656411356,0.3500804930016206,0.562722666424903,1
28.143160700945568,417.75131560843056,1,68.27492602928741,0.2438038164596076,0.6235235614478205,0.16055679961142932,1
12.638943867593593,206.58335861785557,3,213.9449715211855,0.4273460094993659,0.18391748045731404,0.40097958062375083,1
35.78317938051322,1518.3099022810652,1,232.82606491784728,0.19809169744857738,0.6278504654493574,0.16599237578389558,1
24.712310290859556,683.2520137214254,1,80.00612164829845,0.6005439207559059,0.6433201833960854,0.2512986205016843,1
27.932937647284326,1344.9271216171996,2,174.12343837987783,0.5629535584881271,0.7426364551756411,0.14246973412350372,1
18.375258925711467,888.4986294411434,1,0.47744922915162846,0.6045620585576535,0.2325227591805426,0.09216088384718157,1
20.48875699686876,1288.619214162114,2,451.6932510388824,0.6358792509517841,0.7674321264216508,0.6847783338583714,1
12.782630074871525,657.4808558917229,2,0.239020050678426,0.8786539292705493,0.1551595418596098,0.6586510772864302,1
29.94395855260038,566.7670972163621,2,195.71748855214855,0.13538580611732626,0.15934072060766333,0.7063047454079987,1
24.692049001088293,668.6253474790858,1,96.08342153018651,0.5204117811762508,0.11861314331672324,0.9452777358821478,1
32.71626622268148,443.3737142458881,1,135.3158416572915,0.4168350713965627,0.7372575470845614,0.394578714045022,1
33.53521182156469,446.68557212778603,2,191.79971614965785,0.5902001929528932,0.5862588043953488,0.3381138907907316,1
24.187277962900605,831.2732608560183,2,85.96604365977609,0.4227172447754492,0.5264479078371903,0.0587969843509939,1
36.74178116106194,377.07398247562884,1,135.9941803234132,0.5022837885881023,0.5983866793778837,0.5996129253677367,1
6.022808073605763,1393.6327780173722,2,25.378291338122587,0.34866208993437553,0.5885689788096893,0.5228294198957311,1
12.853894688944663,789.7826896539456,3,109.33963690238795,0.10012306538286075,0.561354901647482,0.7669176865652301,1
27.991274324442347,413.21521591782243,3,130.41297552388443,0.24240985495678075,0.3773161416258769,0.5030480979814038,1
1.8089774120023434,250.11867061711462,1,71.80009246237961,0.717008723612015,0.7898822832185489,0.5882379075449853,1
23.39619755340193,663.1472030110469,1,23.18365613674391,0.2797326653777812,0.3168109163996283,0.09518461552878899,1
10.715605656779315,966.4084018910036,1,486.9146373685404,0.772966175056894,0.2156164152576416,0.4387496436669319,1
21.869319362034517,655.3085112674461,2,51.756418790454525,0.44656645231653996,0.5444199127030906,0.03565131111875608,1
11.647372830235206,1307.3891929474087,1,112.23526179614086,0.3129654235055173,0.630691069566272,0.1230893510137292,1
30.977083496688607,1131.68341725969,1,383.4917488720721,0.5394138098653988,0.19509160409438506,0.45932883761657717,1
27.531584251027,493.4053121528644,2,15.88805169761748,0.5162079275734165,0.7018982084323676,0.3736263663360675,1
34.20869740967298,464.99727772913513,3,158.6076971205153,0.3271993075815374,0.8955555460724846,0.03058669021057614,1
28.82208698827227,178.05657427429173,1,112.71652614198484,0.6307866741192937,0.6351242630442038,0.44140458702766794,1
30.33822602959927,1493.3875816202062,1,88.84181082879422,0.6012388715484536,0.29288786051043136,0.8759415762091303,1
32.72683510415903,390.3382470628828,3,108.43743288078342,0.6318931675490661,0.30652282138276066,0.6257315289817084,1
20.753708743751186,1023.0679814333048,2,252.5943599202102,0.7167661132828193,0.777004809544,0.2253871098982385,1
27.515121096741648,1021.7722551338087,2,145.8675169133395,0.5085870849580724,0.5639856936753355,0.34877840804701254,1
7.743782880651594,1208.1219349977484,1,62.25238978738489,0.23177799907310953,0.6711548586432545,0.3379284609296721,0
24.60945151710155,1372.8073202613937,1,236.36930144507326,0.655535458374111,0.6342559572319514,0.9406194713565975,1
25.22398207330216,1324.31104555555,2,112.92994702097081,0.4256275385070141,0.8763638777807032,0.918811621343431,1
31.91804007059551,1062.6908670028668,2,303.8092132243809,0.18199794895586602,0.415348429841746,0.7243822229371113,1
24.21007727269402,1250.024713249308,3,210.40596426505044,0.018642190095496496,0.8892418923116495,0.9524587733283602,1
27.42028473644305,162.63597870889566,1,18.118638409821784,0.35005417871451566,0.5519063520030921,0.18369972118962707,1
13.557486756847394,455.3877573095276,2,150.9402033777031,0.522753319750982,0.8535156826240956,0.9469307750331295,1
11.077269490905497,858.6294120374645,1,47.85019092468646,0.7709303265566733,0.10915383146087701,0.4997477393969807,1
14.323230906615198,1183.59857882065,2,81.49570279157705,0.8212926718274565,0.8329387747859471,0.7016745929025037,1
5.38288679205032,954.9142340093232,1,23.619193676736714,0.5927332677284717,0.7287671789050255,0.9257918689072575,1
32.7100336258639,93.42695174325758,2,189.2312173909167,0.7377137555136248,0.22709684035528596,0.7766399287937843,1
32.29389118263898,334.829860137617,2,123.10966215912973,0.3065827651941483,0.8697185433193032,0.24418561860069132,1
11.911107657442434,1285.074639113766,2,116.41726878520068,0.6574396056812669,0.42739733858045514,0.8169910965622811,1
33.80409033327704,690.2733180128763,3,6.84070653435076,0.5984549377897102,0.6931814123846358,0.4937534160742113,1
31.064835311549686,669.2316029608357,2,160.71616839353152,0.2397840738599676,0.24782134310337237,0.5325002333084277,1
27.964877529222452,1398.3461954328302,3,21.13813830813331,0.8329029842635821,0.19916209020794345,0.7108688121653737,1
19.397324976464436,628.7874657283224,1,5.3782331594659665,0.646755448082233,0.2805287773966579,0.48629532109088414,1
9.867241679806085,184.86699980892044,2,22.53218752629255,0.6826773473663343,0.5015176691815078,0.7633641654218731,1
11.340444283122975,960.2223505447764,2,30.565836782938966,0.6717956676183996,0.40446888360895294,0.8338357213994956,1
32.24388509336863,331.46542317176096,2,227.58554624069703,0.6010614955731356,0.2854700416786651,0.5154294086353783,1
30.73348387611156,369.57624534388,3,12.981125590096108,0.5862474074276012,0.6006769485223131,0.16621703152127687,1
29.306887950465647,824.1868243289674,1,92.45848993214518,0.1893106029645482,0.6471877652697605,0.34992789835150595,1
29.949624376424804,1423.6907227030729,1,222.43361295373708,0.20840041620127916,0.4764885555341749,0.624025698931024,1
37.65829363642403,995.8080376498119,2,45.88381675789227,0.5093392923068368,0.10709966941272571,0.016609979993326363,1
20.51380114097274,323.86174153055657,1,341.6512521486999,0.9306862389684847,0.3185146123253333,0.6167147245599863,1
27.170439819492156,773.8810832215421,2,158.86443260276752,0.6765322165216543,0.8112612694399011,0.7772140285005649,1
20.691987564570642,1005.4544751827996,2,166.34254253756706,0.6432391881015052,0.537330061793837,0.7500416933747319,1
23.32429622225809,1347.497870716738,2,12.61623002708105,0.5314737768307823,0.6686033505150446,0.8426682496516891,1
20.69634220854011,1398.0600460022245,2,169.03494730686162,0.5873835867573562,0.7866228707769568,0.22281526635100146,1
30.108235871439874,805.407629779376,2,42.460000004012535,0.627129328128633,0.7808104470086386,0.28522223815353553,1
32.11315306831622,1196.5465654204504,2,78.05557527329655,0.9542346994991049,0.3422288626681256,0.9368277053900192,1
26.59388940463233,1303.945571968576,1,330.843432299665,0.5146779075063372,0.2627176621982581,0.6732503200487272,1
27.36933716651849,868.6537516670346,1,193.70524470631605,0.5778048938355088,0.25280512994557136,0.6790062834210338,1
38.58857412876201,1169.2831123335018,2,1.9667366015583982,0.35561760820802757,0.6225204291394315,0.04092326949710201,1
12.030763152957308,877.4014940829235,1,142.1711135326045,0.5269620002837915,0.6612801566328532,0.6185135462408384,1
40.012280827092226,618.5521607847754,3,297.7586009502124,0.8485925420356903,0.8210441938183276,0.07287064585447312,1
17.745372964880236,1471.1879705961762,2,96.09807681953478,0.5229941821803588,0.27705255331706247,0.0676537293207442,1
16.55871813626584,193.25370575388166,2,36.94544319766843,0.45070597867603374,0.7429466024812249,0.6348909522989583,0
38.427095369246466,1576.0401335258723,2,25.546245531765265,0.8271096048829877,0.5896443623981436,0.7319089526856712,1
32.328228507118226,685.56711489737,2,7.240017422971505,0.49795284781637006,0.3374282413699856,0.6683118209707765,1
34.66571025593659,1047.8383850883115,2,496.52867879011933,0.37476061553094897,0.5523908828626133,0.2544443583051278,1
8.967303964052993,1218.8558361003127,2,30.703248302078322,0.48994037711706173,0.2221532881139927,0.32023727328018914,0
12.79457902920597,1593.8351084599803,1,23.76769573490963,0.4541362785991657,0.1712838916479848,0.550134222034053,1
24.354143002807525,744.0378284023571,2,272.75097401111066,0.35447687709500725,0.747278733771786,0.8808152074466352,1
24.528465914926784,1410.9061577610155,2,63.166914794938386,0.8377793123916051,0.24139957766358622,0.4244783214744636,1
18.614471718031773,914.608309347748,3,106.94442831871672,0.6144024041525137,0.7958669881486016,0.5406403278356411,1
32.9336297019621,621.8902603316509,3,260.7352000019335,0.7588110273317576,0.2802614339720193,0.33655928560746073,1
21.795073482290192,1015.0003446337334,1,226.23225138417948,0.2071487221686527,0.2206623050416977,0.9123090678118203,1
23.592264304602946,709.5799634867752,2,234.42597214558785,0.3001421585770537,0.7929479668401912,0.4828679200903969,0
27.523695050107516,244.03393523224443,1,44.44110663187559,0.6740043825471252,0.34059565650504364,0.3226832537462193,1
28.262347709731298,1020.9415545700441,2,13.592992330547496,0.6199138603055171,0.4879050548898394,0.31302116948287917,0
26.072122634723527,682.2553820883653,3,160.56860457454675,0.3253818567741244,0.7581875758759963,0.5975655420350975,1
23.89971520045685,1127.1464811231624,3,22.05813047640216,0.7313771469660717,0.1755142379317289,0.794736635496373,1
33.311790322570886,1098.8178703017293,2,118.10725167946083,0.18981041267343207,0.286899281706099,0.8888616205557809,1
27.585495622609987,1457.9499995298597,2,352.72203955981155,0.3555079447604752,0.2498964246967332,0.7848852033848963,1
37.244431348787316,951.2800682099422,2,48.48949854833686,0.5005591291849811,0.5646854047031706,0.7586504740262406,0
31.585729189608156,914.6934005795788,3,73.96335996429328,0.6856928154688795,0.6908914750603938,0.0670817624534682,1
26.729037256772596,722.5502184709684,2,16.46233174547043,0.746087085351723,0.23130029691193832,0.18163727159588183,1
32.3260466095978,851.5739870314545,2,86.74519828180048,0.1363200545454539,0.2923112327103341,0.4366720612373707,1
20.780424454596393,682.9469896211498,1,14.149660581561957,0.43522745176333,0.29928358659418697,0.15933938127823144,1
32.36803723609863,538.3765190482113,1,24.261070476672256,0.6368115307388296,0.8779543677646175,0.28715209446149237,1
15.027644372975379,107.74305404317906,1,33.98524778477285,0.4244333513097778,0.701710901471258,0.5415083987124187,1
33.44678437741952,867.3330403524579,1,279.58872002669256,0.616899912169271,0.7653044322728494,0.7100730947458425,1
10.850697486487418,1500.8576032670544,3,75.1151211523351,0.5469923950057031,0.7800126902226984,0.8863230113016326,0
0.8295992014404299,619.2227048381056,1,247.2613274967914,0.33890763789556366,0.8644109801145001,0.9735539325198721,1
4.791946549366841,1271.6905111055878,2,97.41090862219117,0.36728566673941343,0.4942295831680682,0.7846083572258101,0
25.288082742268763,451.456650798645,1,39.33979787681022,0.5773706844387402,0.3726645160760701,0.8109309183395225,1
28.03546734475506,362.941346959882,2,209.1253068586849,0.19860308254642448,0.6385305357142129,0.2753136488935797,1
23.5249127836292,93.05050635588469,1,0.47624089313928053,0.45219537762911755,0.3981076937828586,0.24614977849833786,1
31.020461100727474,445.28187566487793,1,213.2085153717866,0.447606537875415,0.30405054492751193,0.42238614140997244,1
35.346327232041745,516.3705624335546,1,8.702034980036926,0.4184407769073854,0.12227253312550124,0.7449005539017475,1
26.119688686654438,248.22844360191408,1,45.748019396136115,0.5180834757670667,0.40093455689446045,0.2260291023415949,1
43.073776583997656,1582.0639972693268,1,143.9546706683293,0.27261390247309897,0.3560301238268214,0.8820437649335261,1
28.860726527359777,1447.9839307875936,2,137.3429978963947,0.894280653618341,0.11839327029050734,0.8755268599407512,1
27.84140978909983,1090.008119412902,1,14.58468503688692,0.6673353992537346,0.8796655614249319,0.7624792622186807,1
2.8918707498500753,586.1215275410235,2,153.3525409675346,0.6252092306941136,0.7362038181384175,0.5956874659709286,0
31.742759862830635,1117.9067055053933,2,57.6947098914619,0.5117512071092893,0.5330229578883086,0.9559027822419511,1
33.439445656385104,1462.5807166451082,2,59.31299970370942,0.6465772946460558,0.18779204600982136,0.5475269069941804,1
33.87003941592083,1206.418956571816,3,64.34830671416509,0.5583077033481478,0.1727199522267422,0.18050461815198326,1
18.262100316802393,692.5636162663889,1,127.6905736827075,0.38168842303896283,0.5984464025524677,0.011157819997151375,1
43.812481735801164,296.47083538296795,1,35.28401623424001,0.16691552481548186,0.8711203113734282,0.061730629953280824,1
31.9659500180851,793.3037643163761,2,232.0494792573656,0.22487588937719316,0.4038933495518958,0.6679824849481015,1
36.63118816220258,1585.959105857319,1,142.14799300259543,0.820946847048802,0.27965761141629325,0.07262918197575474,1
30.2087936933886,1252.9208639282617,2,1.6308334120267114,0.8058438080383586,0.5844080014325206,0.07009201100473184,1
41.183539765701006,1091.8989632670066,2,200.4048488215431,0.9548618272726166,0.3404505737948027,0.4624057915247588,1
6.9566788174506495,483.83610890915736,2,81.23856431175956,0.2164239144061663,0.3859243911771437,0.5569699250014911,1
33.48313883446733,639.1640018799517,1,25.30486667922376,0.8500926581437561,0.30009153226254726,0.4789587700137259,1
33.92275456368462,1157.4069315021222,1,175.10315091753904,0.5486924190785732,0.7162686824364594,0.29675399829735183,1
14.630244924133816,1165.4156634857654,3,543.4527410521357,0.2633015451752454,0.20997679935715904,0.3328469474275938,1
19.101873912646468,975.6961494398677,2,61.66371186211063,0.7279427113852289,0.8620841937673954,0.668765420270066,0
29.258487592160385,1325.6466728555931,2,76.40798694562494,0.952045056087568,0.4474545893869265,0.09777638708814496,1
38.58358306697717,1585.393563868014,1,88.26017719936391,0.4308214108976674,0.4688330874431793,0.4053582294964837,1
30.12512499174013,1467.8915533152008,1,92.80350133192684,0.6339724052055182,0.817802085622345,0.18709104396875553,1
31.21764909745396,1523.2587797640767,1,12.27992099996594,0.5769373698549906,0.6414991156887826,0.46552751474137855,1
42.43465407997952,1150.788321247344,2,100.72191335869991,0.2848375921625526,0.5851158205758583,0.8982822604830648,0
10.903101883245217,1560.8147910152652,1,11.95330432376925,0.7188432113933154,0.2993473563392808,0.6916564128032672,1
7.5684735712298234,103.42007491634827,1,29.867859187669257,0.5916474513775875,0.6592230650524777,0.40759932510466923,1
7.208376794366581,82.2414384835443,2,31.262236947653154,0.0884857134311761,0.7215564540947141,0.793430792674645,1
24.82838388078912,88.85305996069319,1,157.74015980957807,0.7490442089214765,0.2021096708882829,0.2558749057662979,1
32.60740958846529,437.31120589619854,2,56.21153118475976,0.4562053691865275,0.7599055082296594,0.5442521963678341,1
30.92644940633208,1301.3906310880375,1,35.70972391606318,0.5932238462203845,0.6527650779727112,0.044243137836599056,1
8.1374552933874,1033.990027849438,2,264.04723671000005,0.6390319754443955,0.651234714765719,0.5611406298826822,1
32.60326904932631,1057.9915208911975,2,65.86736423234606,0.2732212371911324,0.8483552925936029,0.7704036100178079,1
17.672420672615402,359.64236654784514,2,182.34860066456662,0.4741385576274053,0.6211851260054984,0.7677169305735689,1
34.70256881378201,1474.2133622787758,3,85.39733687744724,0.8553067517174174,0.7156989980563675,0.7717509551105338,1
40.63541236895019,313.30628525566186,3,74.3328932304297,0.6285504278781193,0.7488509162536878,0.727339315539069,1
6.357583646380548,909.3386065865078,1,47.97793550639562,0.3614106397679532,0.3246281784844308,0.05051634756977463,1
10.332157080080432,1521.5996767652866,2,167.71601952800955,0.1502044770360876,0.19364820698250115,0.529271646314796,1
27.005739021741974,1014.9390213633187,2,306.8692350096789,0.5590613672720426,0.6373787681949723,0.9301317739846795,1
28.75769088851353,558.6596065801132,2,81.33151805583589,0.9114523471826077,0.5221704964324254,0.7811371657250559,1
22.96688681159496,279.62835402617793,1,273.6715770374098,0.16631644059154524,0.6303334426606856,0.4540788735506458,1
33.13511620201017,1121.5491003585576,2,75.43314745902865,0.5235005984919208,0.8930995789178386,0.16292259979017454,1
29.25600329397747,931.5866376676954,2,33.66924509150607,0.6509012717447638,0.828890725419309,0.7550834006213343,1
36.56482505135188,1473.717462203094,2,33.39277381406527,0.8389273197247773,0.6441393597302901,0.35884711723455354,1
25.404637166204505,631.718615430193,2,349.21771842534656,0.516489884691296,0.8702004015521977,0.16124710398189457,1
16.63311202362806,678.7523845053481,3,236.61480499130755,0.40589581101355715,0.44356860482267446,0.7382304725613031,1
31.62762839855415,1043.0058525769352,1,59.074688444439225,0.442263926136217,0.12498189433543515,0.7698158953053365,1
23.121088912808496,960.0444025588081,2,86.53136226754529,0.19612239000230192,0.8656500771820475,0.6741814350632042,1
25.120267839530023,1122.8798207648836,2,37.376408526248824,0.3813789714846112,0.3578439906558699,0.24541600008263442,1
22.562653752343266,88.13993117895832,2,239.2303149036351,0.35688982058808794,0.7393000840335658,0.7051867855868941,1
11.706900173068801,495.42475193534125,1,81.05469172513396,0.4158345299378025,0.5122590422291883,0.06687756610537487,0
28.113530605833482,389.58439317513245,1,3.0323005484691645,0.7573534551962836,0.23786240555554575,0.1923191782147281,1
29.61645676636562,1471.1475573200971,1,92.36893317686531,0.6290895530299705,0.6886002818573229,0.9935457429786512,1
30.15918693350097,586.3084532510297,2,1.3980270394457517,0.6025678158352338,0.8493114960616602,0.9643545305715459,0
15.820151878730993,1366.137532887033,2,332.0571339587397,0.8176639684269711,0.24589558987554724,0.8822079349145114,1
34.77030756009422,1427.0337875440155,1,8.09201079161933,0.6700610704774262,0.7645797495985877,0.747927455580935,1
19.311442927525857,924.8880824016495,1,49.79246345377197,0.7283503032683181,0.7388849994679106,0.30504740282136045,1
44.1694517889295,853.2737410190938,2,78.95334179637366,0.43119159765090864,0.49838480436970733,0.5538441148995515,1
29.60275279270159,1344.3949487707575,1,80.63585757802933,0.4735171497367107,0.7546678211033541,0.4728343299314305,1
13.879652302035995,1129.2708967436595,1,32.446078429314014,0.6555414473942031,0.11421814277953156,0.784176955476585,1
32.66447903214254,757.4546945319369,1,304.99261117601867,0.27026309768543944,0.8683087364896546,0.9392629717980627,1
36.87032080535015,784.2195186631625,1,263.9242810380128,0.6787009673420441,0.727123947045089,0.08156085553207726,1
42.05126237702494,1112.7159740733694,3,129.67274597519133,0.33692497139193833,0.7668301974832188,0.929379430625928,1
23.375428724862477,1581.105974015631,1,109.59953776605875,0.7519180284272808,0.6568662147748813,0.7677720612278516,1
35.749079647148506,686.7015550782683,1,253.27980572365786,0.2480984683068348,0.3473798477402837,0.5626406938380704,1
16.157985714277967,777.5883131630377,1,149.86230152981204,0.490183121494223,0.5762050174131835,0.3505985775535505,1
7.2833800216938425,1176.4014778093044,2,73.68443979033204,0.5351770848559697,0.3122187124020357,0.1989896042774939,0
7.4066061057263965,1007.1121154206214,1,6.720360649995375,0.8372116658952581,0.8564588667410733,0.9047190190941311,1
15.966603081222125,247.6551631405976,1,34.52789520812906,0.38249573153903027,0.17482592313951734,0.5560386254452216,1
8.669805146179023,975.4632923858575,1,55.32815854879759,0.6809743569316203,0.3611741881587712,0.32964982044013014,1
43.47973396596816,1189.3638477291422,3,76.0035772338295,0.3395698126171089,0.7372499591565481,0.1828199635395974,1
21.169033950035434,506.06298509182767,3,62.44608836200362,0.7654314433719968,0.3574248600805803,0.9717503348131518,1
20.97151046330415,1063.0108518932848,2,9.519049836657128,0.6687959838989986,0.7848355257254438,0.7653782299078157,1
40.92855298528455,1094.15294650267,2,78.25989226066174,0.6371163411357875,0.12661970686449717,0.21373981802601905,1
14.94478494871393,669.4985679551834,1,55.52677634928217,0.39883903648131813,0.36565529040710254,0.27042975977287254,1
10.458463643778256,436.16263547710344,1,92.01942035239672,0.2680521233437761,0.7477861014612158,0.06537937034106311,1
20.23604846202763,1192.662763072556,3,105.906913433349,0.21128804616820948,0.464653141290732,0.17366496129742415,0
15.474326154742874,646.9239359542947,2,101.96371570556931,0.6094393365290742,0.22226149990037236,0.3210810779979403,1
35.11247079290504,446.9669877104529,3,50.36640177235917,0.3995830672127409,0.6132964454113735,0.10410997216913931,1
33.91131163616891,1031.1335559460222,1,189.41985032288304,0.6787373897642427,0.6870515425867045,0.5318490332287672,1
4.002810300805447,686.7208526714069,3,55.875758653846205,0.7691965925061272,0.4869381484712031,0.6999144635717006,0
3.3205972156661137,1151.350427036251,2,279.80749618419503,0.22655769623357166,0.14535517407101725,0.6384607611659885,1
40.37501916970655,1029.3865345835907,2,450.9514179079384,0.07985782929126928,0.8657493849012368,0.5334709513857879,1
16.95504037872497,150.71569886810266,1,137.4083375531491,0.2805987354712104,0.25780513060579696,0.9077780506229597,1
24.88147961652019,383.93745648507354,1,80.52837970778722,0.18404101090834304,0.79115345776981,0.48308799765705035,1
37.85986702262399,636.0790092826268,2,124.67810328953496,0.6910687856984177,0.7910402622693221,0.4310982108837713,1
18.055664031363744,97.46644029379566,2,80.06336827436984,0.5694482053954145,0.15718831653384663,0.3660277821826351,1
21.464244154807815,1115.1980889724289,3,54.93625103118762,0.270252368169158,0.8627179183476639,0.6000427570236728,1
28.967624811987633,984.40932190484,1,119.50176329122385,0.6777811900944528,0.42216679858178796,0.4674813783157147,1
26.10616243786721,1172.396654794181,1,35.61772343958282,0.27777389343881354,0.6976999588757244,0.7630267168436656,1
29.899847213958896,1132.5368120337598,1,82.87045152035365,0.6485411259481607,0.46871704146694615,0.24895568149821634,1
11.75933583465453,722.2207447165306,2,113.89079889872082,0.44962719096658116,0.45308143894104946,0.558648249780655,1
32.524181350702776,207.28771242877244,1,41.58381097550258,0.6276122791246236,0.2078581254223904,0.5397317173886306,1
21.654216196083517,1030.6112956694324,2,109.87881755079343,0.41817280307419846,0.8272985687810357,0.2734430608342392,1
30.651245862381064,658.2873503067323,1,145.0646140855548,0.9311351093213447,0.11747301308244583,0.9871117794423986,1
25.76523288868197,448.76777457656937,2,225.76695933135724,0.3982813382250923,0.16851160594928638,0.5598395662925254,1
16.525105510795225,1191.8170937963291,1,34.51619929683028,0.8759774751314627,0.7885354744900515,0.11012141789841179,1
37.36457916021819,326.674830745809,3,24.301094428744737,0.13310780522126078,0.8407338021947962,0.9362213038124942,0
20.441054048066313,1581.172435192757,2,28.86041891459285,0.20548685478320758,0.7853144858936457,0.957988651113474,0
25.556718387986017,1552.2963732241478,2,116.04788161289784,0.7313135726764568,0.8744373322413506,0.46350775330475114,1
38.944172440530785,435.2888301237704,3,276.45925553174845,0.6588565091540478,0.7308033076604794,0.3375611546290569,1
25.08582509820999,554.0647387198462,1,346.13615918393134,0.4536319583008698,0.4395399921890516,0.6135948424108145,1
8.914731675142432,372.827133311044,1,89.99444147650736,0.06609755885684891,0.1049545581738566,0.6308475486688746,1
32.437761558680855,1102.1398538127398,2,19.636371987900933,0.6037771230868897,0.341354937300926,0.7539210598549172,1
29.878172224726878,1464.005113886005,3,46.92170105696711,0.4985150167472363,0.4087174210916057,0.8466608890040516,1
8.52469276742772,1349.2135866620285,1,362.36208284529465,0.1100497504449989,0.20699819599991143,0.3717991485043185,1
25.116181164039794,1177.9018804339828,2,212.87408839905635,0.6854543059556403,0.39385033154569926,0.3952648519769887,1
9.845094479608678,417.4026437949076,3,345.1621814681875,0.40567371371949357,0.25284331300990026,0.8760407032786224,1
34.237798082929245,660.7813336442395,1,63.71877794322556,0.7041575814246542,0.4309487253055102,0.5741158942245725,1
20.7668415531309,258.53378783325127,2,263.3783371149362,0.6260791006826434,0.5556361608405243,0.20855485826547726,1
24.212305974751928,1062.9060373871184,1,20.980376485733807,0.19821857541942284,0.4255323578079965,0.9220308587873915,1
11.850406762396464,958.8007478088891,1,29.2819287656345,0.40950266088299164,0.7168255529197376,0.8281020131387147,1
26.021181936592903,1259.3769826488267,2,176.58459347678425,0.43694470959510984,0.7420901077080324,0.6134712529815443,1
26.812082074654835,389.36753428739183,1,23.240687167759223,0.037860081890959206,0.6685471421543884,0.917537351529195,1
45.86856928414481,459.09657582517065,2,73.26285239013285,0.22788775590274962,0.11920972838750554,0.5449567019862401,1
17.3076986494335,186.86635383671964,2,55.86199499193262,0.4131713884580065,0.4689191293338154,0.6130242132837502,1
8.063827452492374,981.8612662020619,1,30.078867729410298,0.8851793223371449,0.8837837344090916,0.8419679441392296,1
25.45704021555281,608.3707810273813,1,77.41248230877525,0.6739004157392068,0.7923815140235452,0.4473534689635845,1
18.294424435953548,97.70844817360859,1,494.3661555822127,0.5991719807026925,0.723895788417609,0.0671486621525813,1
10.342012631481238,240.75825132768517,1,50.02407433165698,0.3040088678598881,0.46685307372349716,0.35003199343137037,1
29.246229146900458,259.49873853633187,2,43.89307923312845,0.5124035760607665,0.5429927497132598,0.76497689205531,1
29.520859109898648,1506.28727007828,2,28.57163318212822,0.576316019515615,0.1444518342270314,0.7785479627989836,1
23.053346503103135,232.83520849262405,1,98.54632761349544,0.6981451735415866,0.17165402021562548,0.15982803147921243,1
28.962106984717565,877.7930514733794,3,53.214534251364256,0.6411058012275972,0.38418284873209296,0.09638215488845514,1
18.732520614887743,969.3496531871308,2,331.8363727721461,0.8220593839727569,0.2163226035914062,0.3500770842278894,1
25.22715039456904,806.8320086064529,2,337.28946105370306,0.4335005983174345,0.65640519729841,0.1621838064988368,1
26.1287292512986,435.11672410150607,1,682.7135318037994,0.3753223550743371,0.11770286803062043,0.5205677779305364,1
27.210712043524254,1309.5850228737988,3,250.9546856902725,0.5539145670549195,0.8812016650902396,0.6098371821632786,1
20.333381730516493,1453.0811506658488,3,113.6606386358745,0.7978651529856788,0.31946554106602965,0.05049136654792652,1
15.264557282538656,279.6375168906786,1,72.47173512946028,0.8336460125995706,0.6363581440369783,0.18650611970509456,1
25.728874363644636,519.2854192739485,2,37.32333514173363,0.6996774197185416,0.553273605884588,0.8556033110375473,1
25.979006098538164,1220.639569927062,2,91.92848344559378,0.2741685496981062,0.7152275207077489,0.6985724095975219,0
20.851789337513168,1216.1351403611627,1,8.449718733841298,0.7408850761409764,0.4253760825254804,0.04690196961646409,1
18.487097613422897,1180.3995944150174,1,29.358466305676554,0.6131708968442526,0.6039193413047527,0.9290496086166795,1
27.404044226973564,144.46333848013995,1,111.1552923522459,0.7761832289233588,0.6175373908888572,0.5157737137140472,1
21.778901696222746,1158.4402414232616,1,527.4156177181922,0.6167713349608136,0.5278534977955958,0.8219943053321056,1
21.99258786001265,1598.2394534897685,1,197.45398549089452,0.4500147428574932,0.7081396729518841,0.5828971921988856,1
13.330556285020625,1088.7309730115317,1,348.60955602118366,0.30074405952916233,0.8117664973755325,0.9613453631654862,1
28.791425779133586,727.5925606059398,1,52.53656455691948,0.6864453636582644,0.42420327190432516,0.5593038292356471,1
37.78469927635615,965.6167121343645,3,42.015287690295025,0.7474337336804178,0.1758206355684374,0.9525348947546864,1
28.591954622620595,671.8523785767668,1,77.23872253789442,0.8321578169481715,0.8309684348484033,0.10302552411477006,1
27.41056510422212,970.4667354724081,1,92.71498486095356,0.6603100553714979,0.1283753353599737,0.5250164177494707,1
28.941829041360258,1309.5135237430416,1,103.11514119372629,0.2197584875186532,0.6804446750762645,0.7570498529641231,1
42.95794627858785,111.92637064141701,1,226.3728951207404,0.6145523503697812,0.41968551158225365,0.39528113772245177,1
24.437210453493634,72.19873469611458,1,294.98110675008786,0.12515466402220213,0.7073563686640654,0.4130421283420931,1
26.703322969454085,980.6585123497374,1,377.72155935627654,0.5517040183448049,0.16128166935068056,0.8732985363430771,1
27.78811837955598,580.8312970365337,2,143.77142477265988,0.22124718050639766,0.2427347304001855,0.2664547039274965,1
9.337893882773814,1057.9741082389469,1,160.31346026845117,0.7663247727946363,0.1297753087701704,0.1106077448964149,1
37.66449987771025,68.1431712230218,1,151.8649539836723,0.4523995511841513,0.2976658605687007,0.463811554559989,1
11.84829258372302,349.44286122671224,1,71.7420628201715,0.9232179986061693,0.6034752287665068,0.5745629384910566,1
27.273643385035538,474.1130393579396,1,55.99190826550467,0.9293136532973842,0.13242349535727815,0.7292749266473801,1
20.20445488854305,762.478050233283,3,110.63316010691192,0.7796257107390667,0.8969589788512707,0.49991414040809734,1
38.80991747393551,802.8118648408174,1,123.01569978339617,0.9567796528454885,0.4491072623506953,0.4711041398272957,1
39.958265426771604,118.61870247050435,1,21.369123298303986,0.8652070024877785,0.10438633258930229,0.7443960162209775,1
22.694350708939304,1445.8038480307407,1,53.965540769209106,0.9349885330370553,0.12627300056810117,0.3401199103329061,1
34.394277665838636,1306.3117711402713,2,308.37657932752694,0.6709601929742512,0.4651775070856974,0.5760808703644676,1
34.227827262308836,1438.2288586579718,1,94.82495588083397,0.40473071910113917,0.4982779492411753,0.8531003529706574,1
9.96085232034683,204.58283576828535,1,400.56335836980963,0.7422698805907078,0.7909156849810138,0.29411767451743653,1
24.604365797169958,1257.9229853561415,1,1.9344745757925232,0.37662417758933087,0.6136500854678895,0.7183845860448546,1
15.42282731765402,879.7053029398902,1,240.994148651989,0.6706524552942581,0.5697220559230691,0.3503950452323846,1
15.25548289899327,752.4477008746833,1,118.86116189364971,0.5258120196505188,0.29293715143508764,0.23331863832546307,1
25.55340929243016,308.84923542997234,2,138.60137825162948,0.2297895172570319,0.5745725572922352,0.92936385640302,1
24.311855771660387,70.60616079982796,2,42.44655686592529,0.30680495879480496,0.40765398240578554,0.7261268156974515,1
23.024480937172584,230.89306756839284,2,67.74474273143994,0.9283855733350183,0.20562369164073388,0.6985388516033013,1
24.849847926911316,683.2295085777021,1,23.677742055307572,0.422129889200441,0.12591514344530952,0.6556042191914198,1
21.96482309645604,988.148585122922,2,230.54577550089599,0.6292037440723443,0.83893707709394,0.034500788124035564,1
34.87471471520507,585.4718951621703,3,284.67120323090444,0.7615818091094333,0.23071996181378074,0.9804293151083125,1
29.47977387949985,420.70294340219056,3,23.12753132801045,0.38540459743383143,0.4416052589758528,0.5290048184198811,1
23.769886410664398,196.26583245687596,1,159.95430148116202,0.5113673444912368,0.2360087721148898,0.9942113571862611,1
31.327451347331284,1479.4867415500682,2,5.2762089499939835,0.6768303460916558,0.22000605348917174,0.4006433368501896,1
25.855978626097198,444.711929669653,2,189.9819665725709,0.4206651285222309,0.3986515982036354,0.5184396778657311,1
15.173658582543728,1408.0357529426392,1,421.18357357298726,0.29178208117468124,0.6168454325598904,0.6294433945838749,1
24.74855335877835,1474.8365011076953,1,335.0247791669497,0.5024147497881641,0.6116638690236778,0.9234571270522054,1
22.81378651630078,1404.9992113633675,1,6.275746068785891,0.5159292914233723,0.3717727417172959,0.012441748281335707,1
18.32551726405791,963.5663316171646,2,83.31265960382885,0.43630276125201994,0.5464251210096525,0.37604802539493654,1
29.188987116397094,1374.6822399762889,1,50.80142705517575,0.22222562309983815,0.3752743819824521,0.32402648238781595,1
20.97979385354097,823.2095914975757,1,289.43556219909607,0.7553820108321126,0.10987972012403616,0.6627654981431013,1
16.949655187947936,304.6445553430174,2,21.54715727759084,0.3304510878951067,0.8067090773790675,0.5004339318921435,1
27.983438885872562,487.76176933295034,2,164.5246624559428,0.6624753431674592,0.5451681867336028,0.8486978402971384,1
25.531905481571552,530.2085727035177,1,172.7781851076177,0.6444430823138734,0.3952863292254257,0.7960154607475778,1
29.524769175964042,141.10787762861736,1,187.6237620041406,0.7414303683844712,0.621519937414588,0.2787082208805969,1
9.691498421038697,1276.328157303455,1,248.4078043721686,0.4534888558836977,0.3234465926055565,0.6078016306076965,1
6.61805652145271,1175.6088243993029,2,12.822235909032509,0.7855043785638619,0.7225871890208577,0.646089389674665,0
28.842630172524256,1229.1408967148836,1,101.12180810715711,0.4478735068781701,0.6043556050156242,0.9092121314539157,1
36.65120561923201,1295.0691288122132,1,199.86819284652475,0.4222002424794771,0.23313361089507634,0.5376427586368805,1
20.281467936165107,1425.4489983494968,2,287.8814632011895,0.24495212717741296,0.3658045312276855,0.46084720993300565,1
20.215304069543098,79.56187946500158,1,61.318237667198204,0.26908713711248605,0.13397252987458874,0.29112602159477774,1
38.75754726839748,110.64060255887394,1,91.01396023683056,0.16818394673671358,0.3428331942424375,0.07855813081468344,1
27.653475344847177,1050.6282670814062,2,33.015691262194004,0.5872228436785344,0.2928486269823097,0.34212498396140245,1
33.88045994077859,1362.4934988307718,1,159.73212777318253,0.7435630451998315,0.27769265943185806,0.2898182774750294,1
35.40484070737553,713.9342141120027,1,26.688038851352236,0.3446604552563139,0.8700986847567378,0.4068974044930421,1
18.37038785984455,1090.705873857947,1,251.7954621416736,0.8278964552062245,0.10677635089594287,0.6268320318097002,1
18.68472494388712,1277.652699405748,2,213.40544088093282,0.2840036964252927,0.4807776115676099,0.07701221876560682,1
31.835499951898854,1388.8456201713595,2,71.59034038899061,0.7291242166320041,0.8430787426675848,0.7040771938326875,1
10.631956841818031,1104.5117221134458,1,36.509341725046546,0.6872047230559796,0.5785266530843077,0.40025777199364376,1
33.280063579701505,310.0673951397859,1,275.1498038206284,0.40695365080066037,0.6719903500326626,0.7670056200062636,1
26.51154579049679,707.5436786989159,1,9.914238264613502,0.3369407688779208,0.20793509720592748,0.9338328880878743,1
27.868297530939465,77.0988476799487,1,78.40944353032852,0.3010367750290723,0.4745742223543853,0.4925035344732638,1
35.5195170645827,521.0007709233089,2,19.767374422199207,0.3186641419073852,0.8427169130680756,0.15467147566589445,1
15.849945357126536,1506.1864421147068,1,135.37256751916664,0.6475443460624375,0.1953598260914216,0.7218540747047881,1
4.706311377492222,402.56751862860574,2,125.94281866033629,0.4564194090212057,0.3175730231020456,0.7761017052885274,1
16.550443444521573,832.6753924768412,1,151.6911261633694,0.757095858906852,0.5843130921264289,0.579177327224279,1
24.282483844519952,329.52774551477927,2,60.063822319550056,0.4737549779460302,0.595426032994911,0.30486245440591153,0
28.530549169119688,1088.2522077818603,2,121.42206859256886,0.8234906669947463,0.35364431249883876,0.846714432636533,1
32.25657026337581,222.12507925418768,1,448.5519964397291,0.652842118615868,0.5193637904112245,0.7680482879258915,1
31.13294207205843,758.7408435795282,3,79.89866370824228,0.7230056579117861,0.3762242361147623,0.46451352137773316,1
35.51575356067836,994.8486515635244,1,179.09495278924442,0.387389553877073,0.2849252789173711,0.5718556196045509,1
22.75090908816621,549.2188612953486,2,262.1873160362031,0.5209797492816786,0.5451581181972475,0.3602969041016102,1
36.719111518256256,822.8773508029901,1,58.7517909982522,0.3632048772434945,0.1202688034095285,0.5875938069847242,1
16.76756445599333,871.6794938097364,1,289.57635289934984,0.8101040583673026,0.2624075414269651,0.9740150930551512,1
21.087497545356293,1024.2296016256573,3,39.454428869685835,0.4080670512853434,0.17863930744300482,0.31735637117971094,1
36.75970831686831,1335.8904816429697,3,331.3360898516689,0.24290298485245254,0.8225803902548113,0.13330931236707833,1
38.26065515438067,1243.025892096953,2,104.52618810191298,0.3509787173990173,0.2211536919728012,0.12049177156519231,1
24.811022237833214,812.4392780913278,1,53.61254533786654,0.3698820128383206,0.5916980285638216,0.6009574002114303,1
18.630549010891283,1422.0785557023585,2,141.9068471084458,0.2851649391942359,0.785406141883393,0.7845956184452757,1
24.423563884769813,830.8457975500787,1,118.54880526101834,0.460647538754737,0.3157258807961316,0.3118998042149965,1
29.567401951238075,732.5965322748327,2,20.04359152525316,0.753094290920695,0.21001851992492604,0.12270924082989099,0
22.466314123703636,1067.4085264854461,2,122.60502481918101,0.7674079911043763,0.11590727175586793,0.05640672239912681,1
39.020227746177255,635.0853819540195,1,213.8124154963644,0.8022562082888433,0.47613834750595185,0.9099518896615347,1
26.778993300932715,1049.4169652349174,2,29.10040158158382,0.3367540738203586,0.7259546594643526,0.31197664488799737,0
21.64907503068771,764.9139230335539,2,109.1414137979586,0.16713179205786585,0.6506565517002365,0.2507520754270255,1
25.222048416242117,325.7635297849907,1,14.04038086037436,0.9036163192936938,0.8353832836584021,0.20766965127229298,1
17.03359551126308,1108.3483644857217,1,158.77129862099454,0.8758281471492311,0.6384942284015379,0.09860260495823825,1
21.949120644849028,1469.3798544077413,3,120.07230491674244,0.8088148044737578,0.6105012933392469,0.577470923136656,1
37.59442877687288,1203.1215645610864,1,24.896800149011682,0.7582246592254044,0.7415341065466385,0.7452874527530104,1
26.266484219672744,378.5000479427075,1,182.90268772988344,0.37661337306342096,0.4471879838190669,0.9799789366214551,1
12.805960303193238,145.11250209727956,3,53.24959977298554,0.5421910099386502,0.7395117109108565,0.7591736686106446,1
39.048359151614406,1286.260998584564,1,43.390204425738226,0.4548537972162671,0.898620098778235,0.7122867902488021,1
17.445917135545155,364.7454118998004,2,166.62162235622267,0.2630508432056061,0.21293531015828462,0.7618950794271717,1
25.497860936335105,434.2184883511035,1,60.148094268088734,0.3104641400259424,0.8777639679069223,0.5357367959901569,1
30.489893193707772,1476.1330123587513,1,99.8730482019868,0.7075698669345799,0.5496631432638849,0.40328790584174756,1
9.496910727743007,1505.5389620263345,3,35.43086417813843,0.4917182721552046,0.4694660590760513,0.03132254781266841,1
6.739792214361352,1442.9829971961917,1,203.61418323342266,0.34933070326165344,0.3892757502857038,0.34020261341975644,1
27.058226499205105,863.4690661528109,1,15.07182069752663,0.3143405678526017,0.6115359430662568,0.5514486064029406,1
36.903667725630164,80.46325981299701,1,146.02478392583697,0.15526127051466931,0.2849931096507521,0.8491753488520482,1
23.67793419785694,1118.1716360397713,2,155.59438710293946,0.2649806030536554,0.6247659837822377,0.49021919850826856,1
15.062119795256994,1524.032096455001,2,81.93137595175007,0.659283828456728,0.27738621147639686,0.055630695675931596,1
28.1749969804841,177.00833088035932,1,191.56689244653717,0.45800558549484427,0.495843735554655,0.4550980754780549,1
40.83912205048368,1399.7238163961822,1,29.4289690611691,0.4994715312004355,0.34525370886338946,0.2664998511737926,1
4.486148238586095,1024.2217862596717,2,23.46831422296227,0.6428589283140622,0.8376385386342479,0.5551048409882389,0
28.795092373699227,564.906545138277,1,313.163401267123,0.6351152500355907,0.3669038344289264,0.4981020969925677,1
16.988096015944183,886.7054739017775,1,136.628923179071,0.24182699332381788,0.6838675291826074,0.8353259035189383,1
32.059145126910884,260.9476175157929,3,12.430465435513995,0.27824087973598693,0.31177283333699934,0.9612678574570507,1
29.844567408176644,632.6567895528651,1,271.8093938591467,0.896726547720897,0.5351314033598971,0.21963054737707388,1
36.617341366997955,1239.884978840764,2,100.19514750649893,0.7613463529175907,0.23946684111997218,0.6594463616200456,1
33.49875907378809,311.43869870751274,2,27.122713099607292,0.8611708980733349,0.7212892202412982,0.010846758595339123,1
33.756002817517455,1388.2690795785525,1,180.89186107210392,0.5553815434034194,0.1377757293771131,0.3568672936008551,1
41.56824306878322,450.7406581653748,2,103.4738887536419,0.3451883898937398,0.5533706082343005,0.9309440333167173,1
15.270070511510221,601.9694527351453,1,156.34325800823856,0.7769093451951148,0.5560311580309141,0.24371327200965587,1
35.99343144704792,447.1843538581577,2,55.981890240874264,0.7813246774632012,0.45067672593695995,0.14681542836948103,1
30.152490604222553,80.55334576067392,2,75.78470373469264,0.41096462257508354,0.17812164829045063,0.7688423495023212,1
18.706534907891747,898.1009691131027,3,155.4786795500959,0.3347546084840502,0.14274609005951905,0.6930589912941866,1
34.694902246276285,1289.763389288232,2,0.0806815956303614,0.44205227519694484,0.6611470290625744,0.4958236806548538,1
22.472217881723953,900.0055564770629,2,318.6917043711835,0.18280666696005796,0.6686538000004774,0.9421190738678527,1
14.2738976252062,510.2916840467764,1,3.5514987272196112,0.15232061699389646,0.19123665980004312,0.6637353762022519,0
22.68892159002367,726.021731013618,1,14.941155107683851,0.4396504934399433,0.6989028560953204,0.6948896529680231,1
22.207469431993676,1306.2450941545872,2,7.532465030610178,0.47637246237666114,0.3246985376016517,0.08470892061977964,1
41.792392815365766,524.4702551159003,1,168.05288445349433,0.7362064336592383,0.521986898627997,0.4773874263343224,1
21.936573189227325,781.5485488245881,1,78.60106786038304,0.6884202632648461,0.7504536637056349,0.8886844941919243,1
23.577463181797203,1046.4698014200005,3,23.291444417673805,0.7874313160267058,0.8218442235922615,0.874964307572536,1
6.111985998463272,964.8310515680191,2,55.214467034242055,0.9304365549579745,0.5268321873395475,0.6390901224409231,1
33.5583649501635,1396.4678990367686,2,10.10452279042862,0.6660654574611695,0.48626817124799093,0.5888282367306725,1
38.104457110377716,466.99571789505546,1,62.72313675596369,0.44206115520892697,0.4050848672127667,0.1493476396097546,1
1.296964875812926,1455.7210755887093,1,110.54787008102109,0.46473213996076695,0.5492551813285441,0.8504483595463744,0
44.617279507439406,1335.6390124610339,1,51.32814825042255,0.4808631892112211,0.8788184203221288,0.6162842649276619,1
21.97859298648397,633.6592216459104,1,92.38775732618227,0.35202000927930716,0.26270725315168697,0.25063359011104747,1
14.61080539771656,356.3031535152923,1,42.038179201094515,0.10880166724696406,0.22871253576191253,0.32989819463452763,1
33.43443043017921,1554.0259054436083,1,177.28272784558004,0.5745851157686235,0.5947776290629259,0.16255649834556307,1
11.474924590324097,650.1660983553219,1,273.84059387201376,0.6327609812068178,0.7354036813292503,0.7706885032995052,1
40.629717634102406,79.01552509273947,1,51.50807425905077,0.41344487897541077,0.29834430145042856,0.08458160863920328,1
33.75891249453059,1294.8140536011572,2,1.5875460765646578,0.7424573805204663,0.5455642729745411,0.64839347027234,1
37.063684395809574,745.6639355615861,2,48.14645725850915,0.605100336265431,0.6121802100334546,0.5641159538631247,1
40.83140147517849,563.8256775895426,1,87.95171649113448,0.6526314682885562,0.7242392789172352,0.8173685968395,1
15.900287745814452,1575.065600266082,2,279.48978246149915,0.7672755624893189,0.6383202873403263,0.21353369629123609,1
23.311474399801305,1269.816598117692,2,162.83646798824316,0.09333506467696548,0.661302559507981,0.045030831583413033,1
40.558888448355276,340.11150931846396,3,24.44300772823881,0.8898184894296215,0.83296227800428,0.9592717471033539,1
11.571725633677561,444.98529757999535,2,32.13060821435981,0.732507221832923,0.2946453563914491,0.10620618267902693,1
29.71237350045064,1498.3379301741174,1,37.30426862299634,0.38866573759042433,0.2915511966867106,0.6552077306790616,1
23.835522184833852,1014.6640088961132,2,677.5518319059502,0.8412654314862382,0.15388699518740118,0.3742034165490855,1
33.21294605694944,1100.885117894701,3,106.80587072715558,0.3595272005177177,0.11057706827051135,0.2891726703387182,1
4.662232790101979,72.85633053897257,1,169.37227138528385,0.70884405678973,0.5959354153552149,0.5777719849702867,1
42.12576856265878,55.121512777477776,3,303.4219162405258,0.44704024031039163,0.4390322721705985,0.39314995519593177,1
27.298302120538825,453.3531289175301,3,106.74042144541357,0.1909145615239425,0.8547600664018308,0.4534947661033446,1
35.34574283909426,73.63898725660401,2,96.0913831801964,0.6175786607955437,0.583281400631821,0.3041312241931501,1
30.9739070987478,450.7803948979994,1,112.7281790229925,0.562260248688155,0.6987241173384126,0.22644064311128687,1
28.317373262479062,102.389000094599,2,86.98894054194074,0.41737199100350664,0.2266926647381661,0.48766693688564566,1
33.73373394789188,1025.5168653765095,1,50.8383250836867,0.35087240488137483,0.7951775948063675,0.5327695954357019,1
20.313967663497486,280.85541253109125,1,228.03175400602348,0.1405648936109971,0.18424052043325753,0.2338921915269293,1
35.170322354035164,984.5677859066828,3,211.73310540176806,0.8992744166694051,0.6726431416848968,0.12810869641348066,1
15.876212782978723,494.2798640045932,1,6.003345935064613,0.6758557184905266,0.628900981879625,0.8718885903731665,1
39.03574845485473,392.58250792392494,1,27.6369588967264,0.48132498735394236,0.2917616614624544,0.14459900358860756,1
18.46341043333747,462.2687354243896,3,56.48587286135724,0.1777253863398191,0.7047076526332433,0.26013401525325386,1
29.910339038643475,160.84589867493514,1,470.0417716198887,0.8092359303206044,0.3515692749597432,0.5037013618044305,1
17.342699388656865,788.5949003169887,1,34.138745992454844,0.6316361973597006,0.6722783004105704,0.2933777817221942,1
31.086775393795666,874.452775020623,2,101.71037757737454,0.6690157135522746,0.3513968886551956,0.7093976087748751,1
14.396626223688752,298.3258128946467,1,71.69459937631106,0.4396043216756799,0.8970921815699221,0.3660349117254519,1
10.844635124681725,73.95166472585805,3,127.17353284833425,0.59155717752615,0.7760393450441727,0.6998418098875856,1
33.21055583891298,546.7133334846338,2,28.367324113037995,0.2148792177469482,0.777548877655595,0.16135764330593827,1
31.349677794091146,756.2211388965587,1,368.37290899860454,0.7364467256539733,0.6179067415370251,0.28318038132272005,1
29.892840322616994,487.0730004431659,1,94.7352992576306,0.6828214423712083,0.3450893511329694,0.9667244698056144,1
24.944254480851065,464.99042625904895,2,137.31188626700026,0.41645434701999723,0.14355291052182287,0.7574112950804975,1
26.49223738377956,214.82308339193037,2,48.24534190639879,0.9098718886145327,0.2267245074656395,0.6381660438740732,1
27.379576883513955,547.7577232884104,2,218.14655482909166,0.7536336111362558,0.6745295980082516,0.06935549034963318,1
35.43400684981949,1105.8639282281727,2,60.23845402073589,0.6900726079530273,0.3536756040869937,0.4929822932948702,1
30.51058670392827,971.9486289955707,2,178.0076842618742,0.5432858917573893,0.43767927489589675,0.0505998671668364,1
25.92550362097115,1398.7290410854275,1,84.97502000709014,0.666121688486166,0.4182823080847512,0.5982155749047381,1
28.04922348717028,796.7656264319463,1,78.03947070147987,0.1872145301994748,0.25227341512251167,0.09502769227822971,1
27.961366535530644,80.02442033395748,2,110.26774588573367,0.5797821553732628,0.22788742636961104,0.6012267981366064,1
36.028862793933,235.8150495813015,2,200.01129576380995,0.4952357328822817,0.3511370167315825,0.28319473905932047,1
22.41894850720576,85.95983751212296,3,97.52743752198987,0.6565224215159269,0.7799126718461923,0.15858747623142344,1
24.04596643109464,939.9181634071464,1,163.28773130167332,0.20245686575962615,0.26756745634646295,0.18748124298780955,1
21.436846140271083,1140.405630940444,1,43.55549612380448,0.9430247119003742,0.8957915473349528,0.26982948928575456,1
20.255419679494985,1013.0585570166564,2,30.278161132268735,0.13912305173950867,0.7703875490309846,0.8999214853387536,0
8.730795736260834,672.3711957262667,3,37.72465320532868,0.5696386347054883,0.7528379928894938,0.5284927355046817,1
30.25862765975732,128.70167665043823,1,142.9561908122721,0.7988499005405877,0.4630773460027816,0.2966144107816663,1
23.41849824942615,271.96569685344275,1,31.190318019535102,0.45906333489006496,0.5798286034045186,0.9984852598445082,1
12.42829509244469,983.7149091432091,1,118.6361296029822,0.6771249101199865,0.27911049675194494,0.1017137599635084,1
26.326242074842423,650.442711834151,1,184.06981428430123,0.3353803338673918,0.878186326500572,0.24929407075287446,1
27.947370220692694,1433.5138272020884,1,89.55802733821847,0.8892839511964077,0.7624425321918415,0.48625755524821734,1
14.284685472012185,929.0645271864145,2,254.50967350260436,0.6493425858187124,0.1804842803705011,0.31741391741813596,1
39.11882188653907,1458.6562784404878,1,76.07480913515249,0.19388042444893833,0.8339710031934,0.5871710475098124,1
21.07046596126805,191.476929384091,1,253.95660667258042,0.8223354352829179,0.7840451075441934,0.43391873858707675,1
35.785927009934646,397.23788483034974,1,1.3638276319423592,0.521845901050975,0.1049010513700778,0.2721250453128745,1
37.24117686107866,884.2329552341432,2,256.1396303233285,0.16395976029085574,0.44418308429126274,0.3312666363251575,1
38.8851087318362,646.9957502213088,1,182.62246784641485,0.1939827589146256,0.4364817040964505,0.8040485543486138,1
39.81804839729023,1466.68596064513,1,31.544458528098552,0.6114338777109782,0.7925371171513385,0.07425305279939198,1
8.738041913076504,1413.226252935291,1,44.69409587816621,0.3155085803170168,0.3048293664808708,0.33906525160987255,1
43.62528755322893,769.7419449261629,2,409.86903565598277,0.8546416648603402,0.6235591093415933,0.007602659544981849,1
35.759424123694615,739.4457398243724,1,222.74798037697593,0.4495352363371101,0.8952225525987537,0.3189946126352813,1
18.406512388313335,1170.6453102692485,1,56.486584611324076,0.7203873690980109,0.7164463227253649,0.9370191796819437,1
21.782644811007863,147.76378910174446,3,213.21929262087104,0.14742895752067425,0.8145487346703982,0.3475586380802588,1
32.82381640654313,297.69939904033765,1,18.899279895933255,0.7596910173944513,0.8638456534851352,0.3879447209764332,1
29.92455653371696,855.5056743527999,2,39.53503913723306,0.4347912762604951,0.6232504598473497,0.913631264020067,1
36.95068253288703,362.40220278700116,2,31.312030983038483,0.5883072706733874,0.8322057316338567,0.18333184768635957,1
15.864618262992124,1318.6961754389772,2,91.79351346919098,0.2232130714570292,0.5342240245753243,0.8448434057363858,1
29.036481428270616,1528.4277223959639,1,41.64671715766745,0.6281303015901795,0.2476290463654725,0.6028352526654793,1
30.26197638350641,757.8891676837776,1,187.93943769168075,0.6827623599664531,0.44565693763214587,0.3697144895147134,1
29.86747619646126,590.037012068924,2,77.88100472712668,0.5969235988618897,0.5658267353720644,0.688117969688319,1
28.65101658112562,1028.9364225020581,1,15.35536662945458,0.9661508233248038,0.169833135296785,0.03174389422272894,1
19.682925727682317,1308.7691563528772,1,58.02873681661633,0.6819461073248241,0.7279104555915075,0.481841316270759,1
25.924391189188018,1209.5788616602429,2,72.78806241828055,0.8429150540384056,0.6177062068903901,0.44872350514102044,1
26.06110954864832,1056.738059187068,1,68.47839686317506,0.5449327354253227,0.5524117372137596,0.03875351415983963,1
27.2570705445944,904.0849049478544,1,0.6776346390377385,0.5503721740887739,0.5087821823821613,0.13100223866368566,1
34.94216474612596,1305.835762479581,1,50.72594454864053,0.7024461010453229,0.30690938857733363,0.9637382427062297,1
28.951808390958806,851.4996479346959,2,29.203249407638296,0.7435208966754667,0.17393687281267667,0.04313233210212253,1
21.42162130570301,1466.9493139062915,2,28.719620849696305,0.32707483690042943,0.30254141620584296,0.09814593756395773,1
12.186563520027772,1496.9706409002379,3,11.724511819033584,0.6881375224753065,0.8167040547358675,0.6421796477374065,1
45.3540574488693,262.33747676758674,1,55.631518784003696,0.6002491732583103,0.3622084782468762,0.8382582508801321,1
25.144493887630645,1498.8931025316526,3,108.17578599084473,0.9849233161965432,0.28809123483816335,0.6649435225439562,1
38.450091616422284,563.142896313408,1,1.9670217475930882,0.5272187138592637,0.5251662231748084,0.10950673532343613,1
19.702799756118797,383.4347867643881,1,203.85863721952057,0.8686654010134996,0.12621241285900808,0.8793627849550715,1
25.29331771879605,294.68198439853256,2,49.13797895407218,0.21168715803700297,0.20618503416922052,0.445584807270751,1
27.440705903333,1144.8823476175082,3,263.27249456871016,0.4119797225574999,0.7572889842478558,0.6148538809486253,1
27.076846149448347,997.2617739376681,1,521.7707591746635,0.31341736684889515,0.7910899495841736,0.6143575266533451,1
36.263244093771036,1333.7569982288167,1,42.41395192907526,0.3561341993401753,0.33348956023877446,0.5771420364963157,1
16.703276657061565,679.2128081614449,3,121.61693830939667,0.26924986671343254,0.5997081568613575,0.6969266238506077,1
25.117399202305844,1064.4676489954911,2,123.75424264516532,0.5274079603446536,0.4151315805021555,0.1481593759220503,1
21.224043366254733,1120.962245650005,2,85.6266556021479,0.7675732669640646,0.8327348860164506,0.28108409371269516,1
15.833619587387018,262.14428964448285,2,122.33434122485735,0.7776710501114772,0.7342052213497369,0.4163959993958024,1
33.56068124991993,1045.3170940820528,1,49.25808058081628,0.09317141327900984,0.30036836847711845,0.9130698835274882,1
16.23938205659974,756.3460645176584,1,66.93864024026351,0.523499668783373,0.236642420041881,0.3644622026293084,1
17.21560037130261,1129.736916432029,1,216.36037195221766,0.517986376381612,0.8720258946264936,0.05654097578563244,1
29.75213884478671,478.90359486162146,1,99.29780109706262,0.5668006827305645,0.3670010087666066,0.45119598259524696,1
26.13833167756475,911.4318606188809,1,5.457366345456974,0.9092844540880972,0.6520954138120996,0.42758705391228,1
21.962911559431422,291.5700440867919,1,340.68427050289125,0.4814512902332418,0.49590579723171024,0.03777825117358469,1
35.65499408764887,609.6773571537233,2,21.755422970724293,0.19588773589176336,0.655875721929783,0.07571644411232414,1
30.818403691632383,1431.0543934105513,2,61.09439250775337,0.3349216784062619,0.8665049578708723,0.4574304759849048,1
27.463370929043368,248.09505407774066,2,21.64560400727123,0.944636565797591,0.22046769749471162,0.5118906980539131,1
14.781499091844069,1169.1464958863826,2,35.83849411111,0.5600906715694122,0.6296387537535036,0.894892318112482,0
14.365715850999036,409.89942629338145,2,316.93745580777073,0.850766343235354,0.6296576382785196,0.42175609877255416,1
26.237354860868102,1448.4212266357536,3,21.079221056632207,0.6247980618735943,0.7859992218311332,0.6913501991392841,1
37.91562570464218,967.3968995617563,3,34.73780435301133,0.19604066828127473,0.5578737247357503,0.9760385771422354,1
27.40725595671003,465.62915086414137,1,45.270628797704575,0.36096659483585525,0.13085486804017368,0.8203046960126779,1
41.18515683804145,817.2407154297114,1,240.58361419493525,0.43020374651252946,0.49715905628144474,0.4532129212910534,1
32.65953883359863,71.388435833941,1,35.22800140686316,0.5745010419797894,0.11860405192947132,0.8103403851849919,1
3.1991547174990327,1378.1459814830298,3,44.639035049649515,0.5456397013958119,0.3448953806157843,0.33026083819720364,1
40.656159190330754,647.4184286507469,1,239.48500478518974,0.2769211923648624,0.6608990979155348,0.8022868131153541,1
36.989000959477714,380.27842014246323,1,133.61922089572494,0.10691573902198619,0.40989685561331435,0.3030823251782587,1
27.144730004848366,1127.0152688750188,2,635.0640140836025,0.40581117739051803,0.11618412210277321,0.9260427914888651,1
25.852184632884118,303.87702528097714,2,33.58777857771778,0.7214779838921358,0.6792926226811853,0.5680048185197643,1
17.731614477575953,91.98338213845554,3,108.34399526099891,0.8044298454911359,0.37352989625694677,0.49623654722003974,1
43.08898987822651,1377.7791432964566,1,27.94643652059156,0.4347112083781068,0.339225546328513,0.11390093972429416,1
21.486887906429008,619.2686101977613,1,194.443458387603,0.2822966534041221,0.19212597288512098,0.16928516377608993,1
12.979524238026796,1573.095428530745,2,81.52614227166234,0.5463442034925559,0.8878221855546248,0.6400627282832468,1
34.273936786915,734.9301792308903,1,102.38679565064042,0.3393606864353914,0.7325015747737077,0.3031272714487019,1
31.528799199973506,658.2680580725702,2,451.858817949162,0.6694446078305937,0.2845561980683369,0.9799676150540942,1
5.103113689258651,1499.1947982490915,1,6.425405290389101,0.8263345667024727,0.14179113212142377,0.08019889307568295,1
23.262819837097158,1288.5269692722165,1,117.74667669668474,0.2867573829292326,0.46240866547816717,0.517734200979806,1
4.9018319080763355,195.5364336051091,3,211.30819393103772,0.47975819440429224,0.7543337634602174,0.169505769656211,1
27.878533424269605,1575.2172712361123,1,16.469129339828175,0.2843404602810696,0.5051243944005754,0.38198154396369044,1
16.952546941786085,257.2728971573586,2,8.147905067830346,0.82061361932741,0.5266354362210152,0.4002127109474609,1
29.144421533441285,113.33126221668888,1,123.35586812273351,0.39563759180070157,0.7022476145557542,0.909675383325052,1
37.64959926546152,1323.0409400244364,1,51.279288441350104,0.5515533512168358,0.4264164108119365,0.8821860575201348,1
18.340106867668503,1021.0533779857385,2,178.44438049398826,0.4511554309525278,0.828182596719459,0.5921055615433878,0
25.445368287879635,593.6026427762636,1,64.63264150356171,0.45572613964526343,0.5834671957992817,0.40518221665403387,1
41.04993566770934,1164.9992429772624,2,50.24940220031338,0.5016960661627452,0.715420374221785,0.38018247797885807,1
23.148227347246763,199.03323220663395,1,55.615538270556684,0.4695860900199485,0.7399130344997538,0.12512186932602642,1
26.792667002493616,1141.4424477518385,3,164.67799541062675,0.8702208261803235,0.7843249894686525,0.5427902730957839,1
9.475386968347358,1419.7777267116937,1,260.995395688789,0.2326692184874481,0.633416889118437,0.41475640759480104,1
25.741095921972505,932.7728686815236,1,47.90365106547078,0.85482407890625,0.22410610244152576,0.9548148133160642,1
33.18203853735331,1362.5540658769792,3,48.02983495336492,0.5973864670689353,0.13823551112305907,0.28438915075939275,1
35.09026714543194,321.80356188168787,1,304.3932789548577,0.8915253743072313,0.879175560342515,0.9024356391117199,1
23.633416256662677,884.2827311100923,1,32.966100635631186,0.4180968087146233,0.2746020008647528,0.2543461798482701,1
30.34320958657756,1036.7065691629373,1,339.3158853782053,0.3125344628109195,0.26032722252400975,0.9533593160435826,1
28.026569509947414,1520.0302972104048,1,166.2892517116574,0.16690945972699875,0.8167265096623456,0.19369624058808532,1
22.965086676628367,851.8620724841595,1,142.5656972918838,0.5156003612877198,0.2888444250211476,0.16207450599531414,1
29.27430718942601,680.7236479695862,3,3.8738240000462385,0.3217190454809637,0.7048642379270497,0.6508912931289057,1
3.7234282653172643,876.5655861304766,1,490.1472328334001,0.7438313119800886,0.5370919301226643,0.15178416780824755,1
7.830403508350804,1205.9597656681694,2,198.672477430582,0.7782348788098699,0.456764561020511,0.43550413520581,1
33.91244155240272,732.8461115101528,1,517.3073518847073,0.5593276466775832,0.6659023097127479,0.3512818195225408,1
4.946583445984576,965.8964114055933,1,291.48154470495916,0.7606334319977611,0.20550581293060333,0.6647099110214908,1
27.274783542418454,165.1711977985151,1,21.25350624897923,0.8630418256278298,0.49165348742466,0.8299164200635555,1
21.327551854997104,1599.1547389969253,1,137.45117819508744,0.3332076951046336,0.30805125347852985,0.7241728527523231,1
27.611746083645635,185.10662865944198,3,19.890931040262444,0.7443991939644792,0.4572051632494576,0.9377926888242356,1
26.960551609692796,649.6149469293335,2,160.60211340969877,0.5208078089098449,0.8709080967083244,0.528075727335552,1
7.823502268538448,602.7440911318521,1,230.82581613787983,0.7916917033356501,0.8200737505335444,0.08690708731648955,1
42.48087995699454,1003.9985480182354,2,255.21026310360162,0.3265035223395432,0.7487983874088561,0.29899844307388723,1
21.162751069106534,249.71888245488194,1,469.4959480157184,0.2973415386020172,0.2912086712130103,0.4573567479262616,1
15.513093006585004,1529.3337043484107,2,330.12506682795197,0.19812979732386116,0.24304399404592694,0.9363911914998138,1
5.597026918913023,1412.3142014584084,1,8.890961942069612,0.3064619912967288,0.561538234596179,0.3892385138825576,1
26.874131979594345,295.5106770494165,2,269.940009312913,0.7387792559477934,0.7845601999461449,0.03987306612101049,1
39.82531078394317,290.1262737844047,2,137.91829782294474,0.6751793904443886,0.6859094013553786,0.1555086319140242,1
17.923221140265426,151.766306954278,2,42.01159662913411,0.7233282545625729,0.4017723860506103,0.17578500628848448,1
16.96720817066007,598.4148056377804,2,8.492287775931537,0.8697371000457944,0.3766301985504291,0.559084270718149,1
33.76246215467935,300.4269227918073,1,91.70602512374388,0.656699457983806,0.5286447761331681,0.8992928789662747,1
28.16456599990124,210.17912886912646,1,89.75559087114864,0.7102311733759226,0.6593862938814574,0.27714740791310444,1
31.40819998841666,1541.1210646618115,2,46.88422339913026,0.582317405032258,0.6487605448597811,0.4543679986097835,1
25.378257961368984,744.1853998438643,2,208.92930156935728,0.8088423209018482,0.1409875851594058,0.2767473952201278,1
15.231852505308215,464.95429122931745,1,5.786055584104392,0.5367383332624108,0.7541664754871052,0.4546937384355675,1
15.349449866227635,1142.4921579889701,1,161.83160683220615,0.963731106069215,0.28207990948781436,0.7050573984413271,1
15.795340873544864,1190.733983146832,1,264.0457753633206,0.8471196984024698,0.6367423573656327,0.37383273542201345,1
41.681279008938475,1516.6764275839723,2,227.43246881179664,0.4503563936956064,0.10139888182105468,0.4057187956766858,1
29.196875695987,575.7952172707696,1,56.66378853862035,0.669894067930274,0.5481229237066466,0.061890619776657996,1
25.97141132969083,1175.1279682029055,3,166.3092602144373,0.2209934307998198,0.7921894479848378,0.6294116832548644,1
16.319783921988854,369.71484176332467,3,275.4255098100103,0.18898220206811187,0.659009093593264,0.11246427813366355,1
19.300470702099908,862.6533757883369,2,148.26987501246182,0.6363620422963936,0.19018965940204052,0.46598836753202033,1
30.196678767843604,694.9288989190433,2,38.01054833723376,0.3031898516001206,0.65545768313722,0.8838618041426501,1
34.060284324485025,797.4603938312388,1,9.70012513323282,0.6204775911584259,0.8896964045863374,0.3027459971419376,1
29.825502480286488,536.4614897336809,2,74.58105492509637,0.5659684587747176,0.7381154731840304,0.9656377703441551,1
14.852371061758987,557.823688409813,2,34.910659286970485,0.6032054633938401,0.13695430499229877,0.44324823879308395,1
26.442192065578386,727.3554629221316,1,37.73299762166579,0.43932651294340674,0.2938375788699526,0.6211545714964195,1
38.02553598011193,1480.7227856874676,3,12.284676807582803,0.34365594149689627,0.7080437464381816,0.3130194474676482,1
30.648638434793067,613.3417561452295,2,62.808223235090914,0.2760335280276237,0.6513761071064708,0.905292572185381,1
38.907119114104546,1250.086797510491,1,179.77804120343438,0.5122981590904769,0.24787494166804588,0.6612020798426146,1
9.94629260230798,1176.9127609669565,2,42.272968812494526,0.8805995754156651,0.5996315622678212,0.3049690884612054,0
22.521482864639463,487.345691415602,3,200.697747907973,0.23569345498362437,0.658608880196315,0.834389812679585,1
30.213230726579496,1416.2747519945492,1,53.0453829956383,0.23902806590144285,0.30225221443348327,0.674322627549244,1
41.23585453418991,924.4127536765499,2,84.97772445288624,0.9145440308562359,0.3700843544791177,0.5533731178257332,1
32.89253532204717,1494.4501138397754,1,253.8675550397295,0.6820695963445045,0.5461966986842016,0.47053749813330614,1
15.52592785201666,154.5890550535449,1,123.00585073810238,0.44503116899163925,0.25336281198629096,0.22382920261235184,1
31.75474467637082,990.9909155992056,2,90.4340806390016,0.1766119790097555,0.25951758324213137,0.8994997975127869,1
11.32235407363645,105.16747421135506,2,80.58640951311543,0.4848441515296935,0.8101560104526094,0.23631529287422337,1
23.921909480196433,1321.5522983017693,2,30.78248287297685,0.8311076506577395,0.49157188403538266,0.16361220770199592,1
29.549007698298954,1285.2468858755012,2,59.9939369667945,0.6688216053334998,0.4587049402395573,0.22096543653624434,1
14.928534208345818,1504.7028281086625,1,0.6568348880690075,0.1728676679473338,0.756844784818444,0.8568514975027488,1
12.021130968600332,190.8363318364181,3,27.215339669036883,0.5147161535166019,0.23308108365062472,0.9851274486659973,1
38.67155096440852,376.87299410080834,1,23.796684374315095,0.36892832563821226,0.12266108161380229,0.14353902310838307,1
18.13620300087386,1053.86769321035,2,55.48804795725993,0.31875606847080645,0.3340142769357751,0.309119987061517,1
10.92404296478732,1028.8488280553124,1,31.222138691366517,0.332196789363864,0.6761570508318765,0.07019436703503412,1
11.408665848717675,891.7968105084321,2,83.62261744771234,0.5558307269311387,0.7713439357198705,0.30001305356276087,1
37.1930202176375,1315.8391200610477,2,19.343355994358387,0.6297036589192102,0.3078135545074182,0.777123608536871,1
20.165734586814363,1085.8875731400115,1,191.72761315102235,0.7233576081320984,0.6895299959484171,0.0946660237395337,1
20.069300374643703,500.95141999565345,1,90.16167164682767,0.5416518852220047,0.19361307469714797,0.812827088453935,1
23.537745729237596,885.9382557148305,1,165.26098218658032,0.7499590628167073,0.8533740464786898,0.8501505557056217,1
21.820987031233262,249.72893603318857,2,327.97242978484,0.8550395689935161,0.5865314190290342,0.6871435156488408,1
15.720276874868643,335.1042040820988,2,234.73792237565212,0.6628312903695974,0.8941158074731029,0.6475196009943324,1
28.316506269707034,147.08161463903645,1,239.89054170294207,0.6852317137958758,0.8231106202489847,0.4786872532738715,1
33.20301997455743,961.7843446822282,1,263.2433132979582,0.24557219734736693,0.560964462129976,0.9629497433406841,1
12.615159418612631,1266.6155015466795,1,316.4144836610357,0.29797287534741446,0.7350818231900585,0.8937148131765447,1
7.187012286025202,87.93675174136824,1,64.67382232865845,0.6919161805609791,0.4531486442717557,0.755509037921813,1
39.25878988576023,748.7592749329601,1,23.92557844407456,0.3112556104230602,0.46987192131404576,0.4653524836157784,1
34.174033819459474,405.0186120319871,2,78.24997626671987,0.2256974410604766,0.22334954771727997,0.10837560630991938,1
23.370663620911877,1338.4209384263988,1,26.630799073366283,0.30248149725897316,0.8532997879330155,0.7586216872201871,0
22.212806338015323,463.058999381543,3,91.32225153337197,0.7516848145689928,0.6543131614175247,0.42627322136545454,1
38.99514305311602,938.7299667139304,1,117.73868106804004,0.48629446083956884,0.8909648337873165,0.7208042154283714,1
27.015847215210798,1441.894656456874,1,267.0740236316887,0.6577217535163135,0.1252977722754235,0.7738589438180821,1
47.50523554652409,801.1327311312498,3,89.5291493726681,0.4032984064385331,0.3319021033077064,0.5753405699747982,1
17.76649961900366,1089.2642910405787,3,30.396537147102773,0.40629264437061957,0.7294721468221653,0.8740248593742936,1
29.066214881231478,1055.4972572143724,2,141.46023867226708,0.8636120559251673,0.2736105806934015,0.259639273172629,1
13.621018478952115,766.8598418420884,1,83.74207376918412,0.6539800832619697,0.5423213675128863,0.568959678912734,1
26.26028806250107,188.54606854585475,2,23.91293710700485,0.7878231531888055,0.36195074261940074,0.5259393024428191,1
7.612781249801003,332.2828636078252,1,66.61439044671602,0.2095994500791437,0.30085222133309386,0.8962614861411533,1
32.52151082536554,293.0837254941903,1,144.1875921439843,0.8417882420399924,0.2826638796341241,0.9120848882617074,1
25.51156175405617,1255.958559506058,2,387.22916521355415,0.2960598540628289,0.7705202265823343,0.9778953773811366,1
19.15880483855386,139.68844580643093,1,2.0933547847027896,0.507143786924433,0.8306508409316109,0.3595215418206731,1
14.420335774443473,486.24768884113985,1,238.94179860566766,0.29498070648147057,0.7762682900358556,0.4116857267731656,1
37.2030678006266,1077.9871907332406,1,48.21448346409221,0.3066575137049898,0.5871633248780508,0.6376764497422646,1
35.22638534558557,689.2511546203905,2,434.57349150777907,0.8935050489619465,0.8093571149203356,0.7840869745032866,1
23.83110611849161,690.1315612676715,3,259.3680198821718,0.5997381512114839,0.37566336442563064,0.6147667467759882,1
34.57050816892645,51.7560827234627,1,18.086368900076152,0.2872574690883933,0.7438581666158904,0.6666502914714082,1
36.759790630482634,1434.0961863702396,2,57.73824475612447,0.3165392145747303,0.2948948212328839,0.9408127054910445,1
12.18407217589062,692.4553204977814,3,9.74094155261002,0.25513144231938445,0.6323738405301277,0.6240006329770693,0
41.95745296984773,1210.027565158989,1,29.457835499439724,0.29775209491349236,0.4480484469009317,0.5263803467021088,1
15.320401528212296,351.3797050114725,2,218.88418668836863,0.6232190410607459,0.6033212550162399,0.5510344582112993,1
10.432061291830372,936.1064193028093,2,51.79342434854741,0.7088873399248854,0.8675282175939617,0.796153466705002,1
39.23257551206307,1283.0249144392556,3,64.69907968037205,0.4050836184164483,0.7061263042861151,0.0497142512632498,1
18.991803500403314,890.5248236177931,1,192.84830843750572,0.27737569775499593,0.8717890684137372,0.5136315117103125,1
30.415594079021915,1325.313966970887,2,20.290594450774698,0.23922368268585784,0.4746389479218629,0.8937471225841674,1
29.024160934139925,711.2525219838795,2,3.9461309427518025,0.6259598917877476,0.5254593131163786,0.3049657484203151,1
15.001815223006375,1516.0389226870282,2,82.6709334042211,0.39235582344804265,0.4321412732103552,0.9135966029259044,1
15.517425372796122,170.49071842013404,1,306.2965331638962,0.2262225674057143,0.21390344856133325,0.5776340567736454,1
26.107833348007727,1222.5726585689245,1,71.00420129136364,0.7741787339634614,0.37379010262857937,0.46019682684005403,1
34.32964883748071,1462.657139404917,3,144.68087163188324,0.3683118645452494,0.3568737977074834,0.7015894009077261,1
25.862984394369594,620.1423670696616,2,320.08410735802477,0.42264081248311247,0.25331615900858157,0.662142383652758,1
33.28424233435574,1363.4611382180278,1,129.0489923876272,0.4908044058153727,0.3655237291589202,0.8295067109865774,1
31.791207253776843,1108.5708098253767,1,153.71729136599416,0.859485572612411,0.7040796721433114,0.18306985108968732,1
30.478938131638596,1227.0077574585434,2,53.64595392065672,0.3662347802836518,0.48463954779843665,0.11482299905121574,1
12.659401704116815,929.3720732155604,2,96.85852688894971,0.9514399019033324,0.8340186430401236,0.06670729388004182,1
36.937994820327845,374.0429380618428,2,326.5044427796495,0.5576996295453166,0.1183653760029138,0.4398289795945377,1
11.58012253384434,1386.312636021102,1,36.8645673903079,0.7723664654068284,0.24467400543322715,0.5776835246111894,1
12.515869216310746,169.2868582062785,1,85.61520219608674,0.5045217932874052,0.3960667689684255,0.1305566385333009,1
38.92813708034321,683.0751145867308,2,125.0288404512317,0.15747688403888357,0.14251410681411852,0.8865629877559273,1
17.321079664831604,251.61889868777308,3,77.42637283577321,0.1894882493700734,0.32485645687511494,0.7996876314772673,1
33.17504774683579,1381.5907301410914,1,157.36192338195897,0.4333090149569279,0.3428973662605359,0.4719151940145254,1
16.05249718364981,1143.8099920030807,2,168.70608885721737,0.810834671924555,0.499340564107876,0.3580827907073958,1
29.008392243017784,643.4515538865629,1,144.7406869730626,0.7217339542821524,0.19654881719335401,0.7757792333841305,1
12.039985415289253,86.06046007305126,1,61.82184995041527,0.18284423427991497,0.8519204622923214,0.8542579862026293,1
32.81075849067714,1544.3288308089193,2,189.68832617990117,0.4389165544557541,0.3676412978380188,0.38509676286978434,0
24.919209523211517,1437.9270637515847,1,30.260831535068093,0.7991575015594907,0.25898035340668435,0.3075463594813257,1
30.34698929017957,1450.4289760038819,3,45.024422107514916,0.4101833197660337,0.8709366839409661,0.8011413438383889,1
10.974439808980808,193.50185382826504,3,185.23216114705957,0.6431661629725579,0.7565039805952661,0.1426835542165079,1
26.03869671249614,1592.0047214028712,2,120.37316405338498,0.2300454409319003,0.16927038721310306,0.12093372028743365,1
22.063442649741926,1082.6104243853724,1,140.23472993164202,0.8016778705642067,0.19758035249208908,0.41728601405937493,1
29.376089382300982,1115.8984061730177,2,4.736903181131726,0.9034904093250999,0.7438922400271081,0.9826401132307555,1
20.0850677802563,783.3638564563623,1,24.626726717961535,0.36370194093389135,0.27355659888986006,0.5974416965625022,1
24.392186948226605,488.57335371306647,2,62.443799592187,0.541988564480732,0.6684273606382114,0.8604237151235063,1
29.37418359084271,1501.2283791240584,2,22.041998996362555,0.03778081879684559,0.7181143828308357,0.8876239488304385,0
18.071136288855147,684.6972229978932,2,50.11640712943364,0.5765205159917901,0.8969951630819056,0.39186347161058344,1
35.699256761443394,1293.427290222907,1,128.35563885015463,0.23935592986560197,0.41602263441579923,0.44575972667860975,1
30.85471500487211,518.5001866314009,1,32.75558504727069,0.4524752559136848,0.20297265090083574,0.504814259971124,1
17.79817355098445,1232.2139106685222,1,22.247554678607717,0.5233657403762602,0.7943484031007858,0.8245756253835047,1
9.552236246205268,64.27729174594393,2,17.247520095319675,0.6605439965739526,0.7659699467896489,0.8515735728011159,1
30.308172071155717,1532.6847149305377,2,21.901985581633795,0.37859076717410334,0.17974917134878465,0.09469514098424137,1
36.77087864107022,237.61728815948624,1,31.49715384929713,0.4301348558171541,0.8202520929383298,0.9427379971800409,1
23.074590269536426,1160.728317359997,2,122.06040829703423,0.680246216326857,0.4627046390128784,0.5489400955291156,1
26.07575633997707,677.5850595324616,2,57.500636493799114,0.30013099455991565,0.5836538611533593,0.5807628261087383,1
42.634957222853785,371.93684932750784,2,47.75964809056826,0.7619969443323975,0.38967246166300107,0.5985311127171836,1
10.03933842868527,131.29338925025314,1,115.7083253979224,0.7009105605806137,0.3197633983384252,0.646682616992701,1
9.483837729084723,787.0486850084392,3,176.59504246530375,0.35680971158260216,0.4957837108064763,0.26561649148631516,1
25.911419495275407,941.0463660582083,2,29.957813027108024,0.4424913530181026,0.2743734646337811,0.11657010799712986,1
34.73774301038768,1255.5399850469641,1,145.08084573779368,0.7372789765185186,0.7480009144939012,0.3493819404814532,1
33.215509996922115,253.5806320290208,2,20.844682245222067,0.3168871404428916,0.3234866298834873,0.8338335963267763,1
13.394138896578998,1581.7048056436638,2,147.84776650582097,0.36815703961923135,0.48933346350021967,0.393034007400333,0
20.64778915277435,549.4493745780687,1,32.91596892415638,0.7295639021600526,0.3048259720095504,0.38079319804317113,1
25.276815264477904,1241.3803647929908,1,122.11579470237244,0.6365011910999389,0.22879281064052812,0.2889256942854024,1
37.05804628352314,1432.4394650482875,1,94.50661795069283,0.37518488907855096,0.29931481816568717,0.26458862941399264,1
33.29622235258951,387.86717784605884,3,42.64988885512928,0.5875043859193501,0.7457736822288081,0.6194472626265564,1
19.671558027493536,1413.6275392682664,1,72.49870876014624,0.08005382190962447,0.21317053482746973,0.5238988566204473,1
33.64456935881759,984.2763564571678,3,194.06449506658777,0.713091562299674,0.4315505329111955,0.025194627479191434,1
28.444053147674406,104.68033418470719,2,216.56228514790442,0.8350834246743016,0.8630195507461721,0.726760564557643,1
37.11238786443855,453.6870867478549,1,17.282139580351792,0.5404874028882749,0.5843842542998877,0.38309940065728876,1
13.41823632269914,1121.8830946710477,1,115.68680266995173,0.40602115646729275,0.3658905396450839,0.1483292502950393,1
20.113610847803425,186.62168819337685,1,213.08348801940284,0.11423278680637257,0.1236166674584549,0.6643863494720436,1
5.041561729483484,1264.8305254693025,1,50.554575386966704,0.6421920223094204,0.1526856127397931,0.47359701917919594,1
33.91531346639745,450.2567076455477,1,269.29980572923847,0.5703183582285427,0.6663601924483443,0.6475528170562269,1
14.529471718654378,525.5774279963623,1,160.901568732943,0.4405143289446157,0.14929712442162046,0.8290101964200921,1
35.577970382685095,1302.745877264777,1,179.00528323328402,0.6259225165989339,0.3431088861204489,0.38195990354697285,1
32.366403656010945,358.16151706524244,2,129.89704412391123,0.6926596988708578,0.23407325480404317,0.26754059890024806,1
24.089126573245412,83.92243783061673,1,111.80885429876497,0.6421316069979887,0.47188437059959554,0.723557150190286,1
22.7679209283657,1544.85213401471,2,647.3425825993539,0.5830436147789723,0.4361396876037701,0.7923006940505766,1
30.76170064942785,170.23636880149814,1,45.52472394630905,0.2201437554067915,0.3717176673712367,0.03308151105314894,1
29.134201703397814,266.36410385849814,2,704.1845943444928,0.4495038980243961,0.1569314455321572,0.8450512416500411,1
24.7413265046692,153.22726820508134,1,18.036886806010255,0.47730682640407707,0.8179691759919682,0.8566602817123553,1
1.6950604741089377,953.2192786436941,3,93.63996354286053,0.6918788628747812,0.6770927932265441,0.7734265064282114,0
35.72940711520684,1507.3693229445958,1,289.1656254021112,0.5277373281995726,0.18423975021501687,0.5392201481175863,1
9.678747745957413,1065.982276011768,1,168.81004586986612,0.39026253458703564,0.42730883843736733,0.34977010215625715,1
25.733038960932333,654.024059464923,1,320.06724939829905,0.2691559514527472,0.24789166136161703,0.6359931144478805,1
34.4502903685053,130.77769398712124,1,27.51253179631596,0.7724581529750288,0.8531233432149598,0.01707747652588265,1
15.121429283748999,622.8518709132316,2,139.07500585675075,0.5963405021346837,0.11462369859881082,0.9619171363348135,1
29.586314833565208,807.902142638236,1,66.41504577660396,0.5037605690233098,0.12511200808931244,0.1777680896001369,1
14.10218053758324,977.2436249972901,1,573.5302696738241,0.6522286673647295,0.5313689610358548,0.848742588739192,1
36.89455782650977,1490.0628301387262,2,95.29197960036788,0.5378106062565501,0.43091398956508686,0.6173065515848153,1
19.35366956611706,918.0109469704439,2,144.31883622419167,0.6150672544534836,0.7638181157594739,0.72174000515298,1
17.833519767780512,1423.6473063891337,1,102.5495329764339,0.7835358064248111,0.3068188433878306,0.6508701101007245,1
32.07057587490907,179.78236525850542,2,4.293021779428032,0.14737511315300644,0.1914851515637336,0.9777402865707021,1
36.05651464583392,1318.530816927135,2,36.04513881647352,0.7112621503316637,0.5573876750441454,0.3113942948129701,1
39.21709736039762,551.1348846153503,2,25.360870858670975,0.4144214466280762,0.14507521324919168,0.9830353448036211,1
36.845393497390305,1146.1400361492465,1,59.52112459794884,0.6623857603798078,0.20735050453486698,0.41555412552572024,1
25.534580799640796,494.22941014176234,2,34.16713286026431,0.07527883300219963,0.8548398223876111,0.13656334227064182,1
30.85117420783247,1406.7928807335807,1,31.056329369460776,0.1430464084360875,0.6233985390898251,0.5769575580056712,1
31.000434447731,1462.0395379759834,2,74.6142942553339,0.7480914086440262,0.30715356241773534,0.6777549490135939,1
12.985531278155856,1166.7308830416691,2,14.416865875233997,0.8330697555860681,0.3405139431586666,0.6032753666770554,1
23.09583030452228,1446.3062280297422,2,58.27606396039348,0.18579797911578433,0.11866523458999226,0.039832790678885455,1
27.276880300411424,560.8382210459232,1,40.267725611872244,0.5557109699022169,0.7918813149867022,0.267065971517661,1
22.829965896389524,1240.1180941772438,2,505.5071274680795,0.47943186217883865,0.26934754802367045,0.07388581608290723,1
31.959022466199517,249.08385761845062,2,60.447050592888395,0.2363037849107223,0.32866558499835286,0.24672675385102305,1
21.40953870758692,1587.3579673260451,2,105.61518618215023,0.8316982210270544,0.5823290456439218,0.08107678808374053,1
8.697269441027013,1357.4338915607648,2,293.46878693617464,0.894181192612063,0.8115790393895463,0.5478687530158278,1
14.098023862132985,1481.5193531675743,1,43.02635189834854,0.18499157621317183,0.4879187479548194,0.43192394725297445,1
17.982520710021905,395.10452190651864,3,26.708744687619742,0.44886406561193865,0.6822457318748495,0.2583413083432681,1
31.463232435846557,1470.7249892880118,2,8.908099963791186,0.27823723316286253,0.8095572754951538,0.5445048206740636,1
20.780222443890676,1454.3128056487537,2,4.478188067691817,0.683916851772406,0.6972578053996873,0.17721307806161113,0
39.38464419169403,615.1164314715278,2,118.04790055506189,0.5444186964534675,0.1964531304738885,0.3308399388554317,1
32.25194749805839,94.66780207543789,1,96.61766532932229,0.22765965112670486,0.8803552595633345,0.6007580206865097,1
13.669871751620965,456.39389163447373,1,48.898714751116124,0.06889181757613348,0.8147730097489597,0.8075600573272964,1
26.42641378832474,1103.8464460327193,1,129.45766489712977,0.36852659001245025,0.40553044719683773,0.7917228799605012,1
26.53174516909598,256.3787284226868,1,33.96516871279581,0.8044869290555955,0.7335432725226263,0.8347365777644116,1
35.23079907538941,1488.3756602457868,3,202.39199183522152,0.5073657824493427,0.8900823626974735,0.5031577268213978,1
11.449193308548496,1111.5925333253401,1,33.983194606874996,0.4603110983832088,0.725236148809471,0.5960953502687121,1
24.82446717774305,277.97353075537,2,29.20932267459356,0.6818322527279957,0.6620978024352384,0.6851328815146847,1
35.20377001977314,532.7838253764983,1,49.18373300522691,0.41791705766902604,0.4671744899124891,0.7659254320475601,1
34.26538409556393,1379.9214213119153,2,184.97433110875357,0.3885481711983614,0.5659597026567836,0.8731266713383304,1
28.325552197548703,1171.056531004965,1,27.950820574706718,0.3958488995077387,0.24437468236490753,0.19844742319182263,1
22.02520493270667,1015.9671444877669,2,185.23742210215187,0.524867928335453,0.8350901955884571,0.3681691586822845,1
32.53641994380398,289.8794009838709,2,48.71122974249495,0.3094262628783316,0.11496741033719654,0.683374956161159,1
30.439772551649835,1487.5223116547631,2,22.773370423714784,0.3005423459115329,0.21184489023063932,0.17505191352369842,1
14.350925857048635,818.0557196604981,1,67.20475861718114,0.44731580467304277,0.6726053917931061,0.3550063907811397,1
28.6490509762053,1068.0297965214331,1,112.53775131644741,0.26707981606775405,0.16199501677813474,0.7228574998016939,1
40.645420849197436,68.57406846396995,2,141.17406022787884,0.6200824167644496,0.486912444945112,0.6301542275871992,1
27.81924849696423,1592.6826703394358,2,353.7111969503202,0.6367383245192627,0.1510537039020827,0.268585257238667,1
41.527500182665676,1103.43636974564,2,54.00871553265611,0.521099142533488,0.14184663279073187,0.07764021822377665,1
29.130797824468544,1266.5303506702596,1,61.70526180004585,0.3742718069904751,0.5425600600894724,0.4260182617206013,1
12.390949277050932,1547.1890821009704,1,83.89446594903772,0.7319686204589559,0.5695858887718621,0.26213539656275064,1
15.82634122162189,1496.0438030876126,2,208.5825814426982,0.5885134724068819,0.26392654569415475,0.9363117987574425,1
27.7840764626326,500.69508563544167,1,92.71691254647445,0.7599970889904555,0.16007090908533403,0.9216710277297517,1
27.24398765693139,1436.994694237284,2,126.48036006027763,0.7521999083929342,0.32722782788225696,0.21408417190216789,1
15.434313736209678,929.5787470953892,1,26.15869913763272,0.32434729567940235,0.8428644237444681,0.7688705516434505,1
20.83952500751428,356.99845122335336,2,8.189573790509929,0.7245659019392098,0.5082342423615448,0.773668078657776,1
26.068758901033444,282.4574254418173,3,118.99302604158162,0.278665889620591,0.7987097096484973,0.47333636646236044,1
28.050280360921793,509.11473770370156,1,140.4342153930675,0.23561064210485652,0.5571574386162734,0.3246964730296914,1
7.306648283629297,1221.984773159959,3,39.40773121161147,0.34799054588498507,0.48509582368317117,0.049865575595168354,1
34.04148139454908,745.3369110793806,2,142.05060557422294,0.23288718116863139,0.7082349610214403,0.1233404748552619,1
19.143716967819227,502.13180102692974,1,82.73679751760059,0.12096057006779773,0.8377963637805544,0.5861109817995112,1
24.501048919634847,1345.9583565467572,3,99.2416805158405,0.5729426719437494,0.17171214207664845,0.8693722397186591,1
14.2258857682142,801.6551718034347,1,29.490746563067944,0.23459249081243155,0.7441787318028882,0.4441793917739235,1
38.29400670941915,1113.7765697053935,1,569.7904899638658,0.4709523362914484,0.5858760651927405,0.9665291980004387,1
26.087941915736685,1426.3096668099288,3,843.7769667781868,0.6885871759387199,0.7691078566422718,0.28809725201138303,1
28.543203538527347,447.521587992003,2,130.22249735801245,0.332916519351067,0.3996289200692321,0.16017614730822605,1
32.78437520664289,1486.0115666103354,1,62.78114440276154,0.6018455550580997,0.8487762055056971,0.19238724788500705,1
30.581559481510485,866.8695142594906,2,140.69324645539982,0.29300564208582575,0.3263509322819961,0.833125339429965,1
39.01429211918499,655.7801910192189,1,18.609526577059075,0.6528854935158763,0.5130139908963484,0.5945573510354214,1
31.09854696248872,650.0836970817578,2,99.55692416836767,0.26620314620606855,0.7392015105765902,0.5122309489848893,1
23.246688857343177,1580.3479017880777,1,135.3402897006594,0.5375067590921512,0.762801423726515,0.6682334030459406,1
35.193192694203645,1033.3351288099996,1,51.20343531287913,0.6451505107264816,0.7308837580930543,0.81098778076097,1
28.519086185019354,525.0920818428808,1,239.45439195274835,0.27394133798182596,0.5324706761171591,0.8336605887336964,1
26.060866214943196,1104.8615575620497,2,67.02302346400408,0.8518135867979235,0.8702044855069914,0.7947065029625102,1
13.22933585886895,570.2480610561222,2,51.23092680403584,0.31919314089961387,0.5515268685740479,0.8935242829060009,1
22.77877513646635,338.60314132205826,1,309.6067092202021,0.37096603658691496,0.4704006387086753,0.9926325778038626,1
17.465021079487272,424.26422772952486,1,55.648381826278225,0.5491260441999446,0.7703229592042643,0.8763010957914208,1
46.300498282941405,1475.1434751595123,1,54.372207896310954,0.5769058671682938,0.14805132259649226,0.6855154951750861,1
35.732263438231435,307.8885003826752,1,470.6010075385367,0.4154681886685105,0.14288650430371874,0.535872158035548,1
25.63220817529764,198.40267927882695,3,972.4851618584692,0.5929206045592211,0.32307398000555043,0.706080282012916,1
45.94952195061256,615.4157831530481,2,183.99771423748817,0.6387886532861246,0.8816748833416708,0.18751250509236428,1
18.76567487447043,1355.1576385484746,2,47.40054529075005,0.28727918557362475,0.6018472077467207,0.6371903392601084,1
28.25680354527616,823.9365971020206,1,271.42315411114345,0.4966499874505074,0.14006542042087436,0.6654020733819507,1
19.9287652515878,755.6323338472973,1,228.31055055112802,0.6014105258746816,0.8823916128257626,0.42823227368215966,1
29.365298119572667,619.5144987130449,1,183.62413706933867,0.47040507020055694,0.7265054834747343,0.7073695736699589,1
15.625400345332832,1581.5661272564662,3,124.1689260254047,0.48209955545077415,0.5089642550015993,0.8090973211122352,1
18.68095642795337,403.561592881498,1,195.10164631838444,0.2526175740044484,0.8480564409405796,0.40467679796092937,1
23.10342170989228,321.6962292704416,1,561.8639153279616,0.42739083607616896,0.5587492739836478,0.37380475328662577,1
11.689502331018257,481.68411858780917,2,41.57870290241696,0.5269390089355651,0.10154055988139482,0.2058273334871007,1
23.716608860292755,561.0867438234459,2,213.50230029539327,0.6320773821182424,0.3559214432698251,0.1862141237739834,1
29.533629757388262,1135.7377681705848,3,84.58319715823468,0.7779143989532066,0.6257776626489427,0.668972901337908,1
12.898265813714263,995.266205016128,1,138.0086490930113,0.6601005878343443,0.7430825103345502,0.03582834480137864,1
28.315453557398722,652.4132985541369,1,85.35863400921401,0.5277388123746184,0.13645613785986177,0.4800987375717237,1
40.0669058512219,1099.3207198515886,2,2.549867331798153,0.6706376655951979,0.8955631837580846,0.4551104774591781,1
25.782689592385406,376.88495627548923,1,83.99819628710932,0.5056847125610959,0.45825468192252794,0.7873258782063639,1
29.512949091077605,287.9227528423547,1,97.99928015123899,0.7338487546352834,0.273654448142467,0.3204005217445751,1
21.407391322533826,1261.3775305463646,2,2.316768916924969,0.5027464324957345,0.2607718859640926,0.9984279453839294,1
23.400533214998774,1085.5779418110153,3,18.100154175151232,0.2860692676942314,0.14589107814070656,0.6595311442448085,0
36.0298150959632,1071.9241560327869,1,12.717840686071117,0.5636134997251462,0.4534139390544223,0.354850736548447,1
25.262477938047816,899.02207984813,2,13.550203525576483,0.7813780562925146,0.3286972066019076,0.36907542473707977,1
14.924647235200002,53.560335347101514,2,311.2421072944417,0.6835611025187942,0.5380977912516082,0.09748718379536903,1
29.07160283565006,1390.803696030303,2,130.76296263214215,0.4816514536599794,0.6909655458304951,0.21715950270904394,1
12.23286245838743,1563.9014308776414,2,34.084103921864454,0.6435995287665108,0.5933850389650861,0.9296528531582192,0
24.98947223204581,824.3583227049567,1,36.671953056819895,0.4469311042631887,0.1938164931955865,0.11773230607457197,1
44.02282885705871,285.7376298288191,2,420.77940424233236,0.64463629904022,0.6867713224604673,0.303819909004725,1
26.693030962486294,623.7473633535311,2,92.88052785799454,0.748378756287083,0.5343409079180188,0.8389189626953788,1
22.62796344763527,326.2319757304008,1,91.93344034651386,0.8229416668667202,0.3679846775653214,0.85519981381675,1
34.756598746642396,360.44268144023886,1,192.73710572105765,0.9267292909909729,0.3762324910728094,0.5380423577876121,1
27.71614168041967,652.2729336900576,1,135.26981729659886,0.3356981878531779,0.6163701674890807,0.27884276200131275,1
3.643836123803137,991.5136004331854,3,38.53706801591978,0.5554676032246755,0.7230182405175218,0.13610529595706933,0
40.15502504277219,283.47140983185454,2,5.091208085993468,0.8363120830484589,0.28932190375370237,0.7018933665189935,1
44.01743841149046,836.625274322941,2,43.130617701535215,0.09560053233501573,0.5210528333205738,0.9355699692285722,1
14.342325125993336,1278.6411886922476,2,89.59216233165722,0.22540571702064838,0.18292124241723454,0.09195023378252531,1
23.982132190670345,1382.9267031207314,1,63.914961195021675,0.16501215146554535,0.17195525546121776,0.8236784226695119,1
13.918086739225897,1211.5929829154857,1,63.439996212036235,0.11924955310964891,0.7374324083944995,0.29911406592031897,1
10.709110949483875,492.2905646733094,1,199.66143669422593,0.8236288310030592,0.39891436745735187,0.5653656286347583,1
22.3073968684691,224.84581348492446,2,132.2931632502883,0.7836325926662076,0.8466733912481562,0.3915427101999155,1
25.09974145735218,1398.309223611451,1,76.50450879818668,0.33770737672295303,0.5603662587994065,0.9186627253610304,1
21.882783357072135,98.2246338719732,2,15.860165677120847,0.6305786239951829,0.5774670822271724,0.14023265371537685,1
18.28087546048798,1059.9877570219555,1,101.3291845367843,0.636361687585469,0.3781652805946102,0.9249189502743854,1
22.15272036282381,1046.4137101056135,1,537.5143937456994,0.38032829079772185,0.6164065563600105,0.84103695720443,1
26.123487752677214,180.52706982516696,1,171.63269041164773,0.7026189107323385,0.1840216907638003,0.8809267646771801,1
41.41719348297319,1213.905559650204,1,350.28437730536723,0.5902122357294054,0.11157246471876299,0.13756503565320466,1
14.804075287461815,339.43872330279544,3,390.92492370711955,0.6543862419969906,0.6586261245098257,0.9882555150603631,1
18.931135729323916,141.42716918107095,1,258.7391761230392,0.4105520066293441,0.6753014051947457,0.31007882852153335,1
19.965097146998556,823.2408043606503,1,62.181243147887095,0.1327582243975158,0.22439965758423108,0.4868883248745368,1
26.32354007769572,855.9048215798987,2,64.87802669423019,0.42061844725539843,0.7289200936804817,0.5084042351573035,1
27.9237530239345,1545.2967385831446,2,32.24800148439705,0.4234637140587561,0.6845709190231339,0.22055654902446675,0
35.40996574149324,766.0639536101778,1,61.343697434798216,0.29575525859111035,0.27647761847937363,0.48176919912939276,1
29.80730346921296,1010.2284359835846,1,155.767857858882,0.5073274382101495,0.17924432848534835,0.6652799602569214,1
41.08942290744595,1558.0732585579367,3,75.34721492218357,0.6806926365043111,0.7699274548961994,0.2753988739419121,1
34.979223213714555,816.9947789823518,2,96.45641949494733,0.5333864555601114,0.16451928825683942,0.7913177916910771,1
7.441451235796856,1322.6814229261824,1,89.35901759974155,0.765824406006089,0.8358882924102204,0.9545055473745654,1
17.654938789653734,515.7374448128569,1,220.49314031347993,0.3267704609116694,0.17967459553846155,0.5865449010708111,1
33.230042010936245,1355.487041631844,2,7.290556460607383,0.3098373814104835,0.6536068501591369,0.3652806452594384,1
20.011444363009836,726.7994179386548,3,191.65440130274993,0.4446576761376851,0.4758898750535011,0.6475274776385599,1
32.09192545305238,1283.5844722229417,1,204.9237825995092,0.6677589198288681,0.7949892347323818,0.47994583323668394,1
39.4249180440754,277.47636087971165,3,244.23565620043453,0.3587162664538087,0.5794111217564252,0.23433934994784444,1
32.669762486689365,661.0686015783706,1,89.92597680889105,0.6532782660499475,0.3919071243148817,0.7547426893427029,1
29.663170456827235,1174.5394883858232,2,155.59506615506587,0.5463905852181385,0.898856977434938,0.475661892191541,0
25.74970494499306,682.0131318454575,2,41.52664271953981,0.31326047773455695,0.5143526604151799,0.9786532542085827,0
19.830191391602884,1266.812146074268,2,86.93446935163131,0.759215766765065,0.7779050487881226,0.35942585924135373,1
9.591765967728373,431.98289980775587,2,64.01091625370292,0.7151208539537169,0.1356223361335398,0.5559094751663919,1
42.66848397866172,275.80794282647514,1,93.90870119674238,0.11342245860066935,0.6289157642669957,0.5381387737711637,1
26.355331460648255,1021.2387523758308,2,33.737523243317206,0.2438847134924122,0.8272397472325111,0.7742313217426191,0
26.84058467729268,677.1328411258637,2,44.016218996191085,0.1110120841244324,0.47828483377207565,0.9651308718148024,0
11.70287700552445,244.92765351041706,2,176.9318002520027,0.707033991555637,0.36534189443803955,0.6914206303788343,1
31.418697951214046,693.6308982871018,1,48.91581371439311,0.4257349911099873,0.7691439979326568,0.1524640942793164,1
30.04878240699673,1328.7245426740571,1,80.33838569832001,0.799063167095084,0.22999278434789555,0.6499118190202159,1
24.478817525261796,346.83254946326787,1,80.44533808411396,0.606003792467922,0.5505416476513357,0.6374488816172248,1
5.4162188689751405,417.75420685368647,1,107.03526524119573,0.31806791949427937,0.20252659835456355,0.8193205547133577,1
6.784022358136191,945.3676155546909,1,99.87812634201546,0.3450209188146713,0.40204277506314046,0.6353781175643011,1
14.652013777152495,920.6022341266702,2,114.49241926401022,0.5830541193562597,0.8039653656184897,0.36694626902640115,1
30.42919828472145,1132.3576642056146,1,321.66893916096586,0.24267810746535382,0.7631267945292549,0.020497782766734085,1
13.498080566819862,761.2431791848911,1,57.339027255941495,0.43066131358715615,0.6121380574749256,0.465101864325869,1
0.8905262196390202,174.18541918080257,1,102.9449713326417,0.2557140227986708,0.49724522550331596,0.5644814310822887,1
45.014323444557995,166.8624448323598,1,7.903620378040003,0.27552537560607504,0.3326742255530151,0.06263109437526337,1
31.68969151677756,653.941099917396,2,63.69840027315916,0.11401307490758295,0.40853098159691437,0.2100719741820818,1
11.718967073729557,1101.5485186887,1,23.186901776628673,0.49140400680667895,0.5188803936653323,0.31395160152146984,1
14.49495504563263,699.8908744599503,2,389.9557342245199,0.6581993503960943,0.3724903113440797,0.903172140484832,1
19.803653707894682,1041.630967982756,2,468.82379538678805,0.5492515425425726,0.6684690049967691,0.019852399213692973,1
35.996143500734405,260.9716641549553,1,61.19080496928009,0.6336121951858877,0.31626399967305074,0.9018266780930934,1
19.793451092358332,315.62462191777814,1,47.152390008853004,0.3838052631932341,0.45534582968704995,0.6644775196378798,1
13.920242450860208,536.6099121791635,3,206.18922183387977,0.5680457535740211,0.11168487174250591,0.06107179453523226,1
20.15587611835546,317.31903226421724,1,29.385874846698226,0.8340650179731909,0.5779189353450381,0.6617367570019763,1
23.20489502765883,1537.7934287006694,1,120.98235483328789,0.21325279373225545,0.7467205438693527,0.05873586016001964,1
26.521909058221283,1297.9743568509703,1,65.0019688512923,0.8232633661071372,0.6773045950283774,0.09336694771322718,1
40.38128968883218,1412.798673685081,1,15.499537494133863,0.9399126179284654,0.39041492908556974,0.641288962255976,1
35.94781476257828,1143.1883369397335,1,114.92844446461484,0.44934151257394567,0.40741937692708974,0.9848211243238775,1
13.488665148008078,327.6294521754789,3,40.65787919966874,0.916215853835833,0.645266749355827,0.15315549844767606,0
2.7382729771181658,89.07426105410048,2,11.247539880439927,0.28249265942762686,0.4955677469220706,0.9676767051421375,0
12.783030925810642,1023.9365305986022,1,225.28241667678432,0.7053917449246654,0.54393885852823,0.8908445377037169,1
25.643236586634217,1559.9270007850068,2,345.910328646045,0.3427503326629219,0.7619264222204164,0.1994967707436488,1
25.740475519486207,1368.1433104569155,2,15.1818434521739,0.41268521241047823,0.7640669786004047,0.999752927581893,1
32.4494853356624,665.1545511218397,1,114.39052462856026,0.17437536336645132,0.2696460136631861,0.8225774603379763,1
28.35950323811647,276.10139399896536,1,269.5416307586964,0.24331316639342124,0.7885692067775815,0.5215730193752357,1
25.782122180743823,791.9835635724097,2,60.95561597711399,0.32849492086469284,0.2507281346994997,0.08438769023616755,1
28.200943378198687,647.9120081732201,1,23.08144821090321,0.43988987490439374,0.5877805253432266,0.9445358927947825,1
14.279242993665486,629.3477280649132,2,59.936980978387375,0.10913906359447922,0.693331549585453,0.06552664046653178,0
27.712303977381232,1367.5364062364918,2,121.54750917708749,0.4671672148000324,0.31005253654977305,0.20643814607296096,1
26.46212943918743,1541.9231557028613,2,50.73896872832181,0.3539059101738547,0.588587258431939,0.7137734331918048,0
19.42258387830388,890.5296847335711,2,23.861821856736494,0.05966574798208723,0.29962521232341743,0.24649033124076625,0
29.13869496227253,918.2090981331926,1,46.423627860731465,0.6052275210141176,0.31491619006190796,0.7802155329724653,1
10.052179292838751,1525.7757213513257,1,142.7719448489892,0.6247717426289974,0.4022648630443001,0.2132238067853538,1
36.225098356980006,241.1740594241898,2,0.9833652434088082,0.2686480326450425,0.7388360999643371,0.08470318871883475,1
10.766779423634274,543.3949622096193,2,13.187914548753788,0.3358057352367879,0.13391407920396592,0.7741494882306527,0
17.375556373031454,316.20418444495124,1,78.43487424242036,0.20251929812781969,0.5445492386171423,0.3619947895765564,1
27.806649248383263,409.40695412294684,2,235.04919870229404,0.6099523302401699,0.5144739885389529,0.9876404756363332,1
30.263792320362676,1044.0980068603358,3,10.790447661140838,0.8090945119786436,0.7447869310492248,0.058676835179297115,1
33.81327043572805,673.3435200356912,1,65.94705087163067,0.45501835989408407,0.8483991228802715,0.4813433124898887,1
28.055100969349972,631.0413950336823,1,3.9881040803666132,0.9031926214593431,0.8981973939657787,0.22346063606788147,1
30.33110759894189,1518.0073208438441,2,198.9814373119037,0.4410495482523051,0.7846221394253552,0.06170296923648222,1
18.462850396708653,666.2420162289242,1,193.5485396219675,0.4917037493195627,0.4025569582768761,0.558066530468426,1
15.111842436435234,1287.8312797576323,1,83.9580364242824,0.6995584113369423,0.8194492791860251,0.814885455851326,1
14.090957560744801,1201.6326089535592,1,180.61320014240778,0.42189436231468314,0.15707485425579595,0.8375412946475007,1
25.40808795197315,1512.4523698425971,2,80.23188578965178,0.8362392226339558,0.18755912421933305,0.27918457232924165,1
28.052084168623498,1167.69347171383,2,52.9282589402938,0.3243231272671932,0.786025648980174,0.8342618630292803,1
39.36753898617613,708.059582967233,1,1.6636476406369232,0.7158510244145356,0.14230510661208431,0.6239996345070564,1
24.916168039339123,1536.2927809603696,3,4.926018873775568,0.8090457284744866,0.6361469381208499,0.45814188566984304,1
29.883438733274936,1019.844066996666,3,15.621290117526222,0.6289000974470692,0.17837814183769254,0.0920808262931927,1
31.553807156424163,1536.5899731354718,1,10.504735906120596,0.3270449352745847,0.7744311468941845,0.9902769172180649,1
24.321550118647735,992.3293077568213,1,64.56565091173866,0.25755884005490487,0.31546711805459743,0.7362045276609315,1
18.85319170391296,173.898023845871,2,117.41030956685478,0.48456875104445213,0.8453257878047147,0.7836251545340733,1
30.13159670625167,1097.9347491579317,3,56.48293140952434,0.10352652486565782,0.771223626160228,0.3633717621869136,1
31.70798737456014,1171.5190097304258,1,112.69416529991842,0.12982450430437,0.6872526102425154,0.8491497427749696,1
15.806798376961343,641.550876347573,3,129.67061969015955,0.6953927786347284,0.27073256782948163,0.1459928550033588,1
21.593143987256035,439.6272837024213,3,174.59702568501118,0.18616616721981,0.7052575283452661,0.03811078086713582,1
43.44649818386979,1513.9569691643128,3,192.91265871294425,0.16596198454094738,0.1103681370129296,0.8502850063293579,1
21.707252773197713,356.0046513290438,1,134.5933979304083,0.42934369466816136,0.809789398596275,0.08815874377442223,1
8.27064002182296,157.72253038696462,2,14.54274962988003,0.7887903158082877,0.7957790971059159,0.7857732425939695,1
28.589909550800076,1403.0319795207427,1,25.429647104992263,0.3243927579371255,0.47315245518521043,0.5562874717607827,1
25.46943932336683,1190.215263413048,2,339.85851716431847,0.7675078022223432,0.7519352817049809,0.5902616841614559,1
2.4648977938197536,1401.6785441184577,1,272.56771570773384,0.6787623741102079,0.42478988146829544,0.7579026065892087,1
22.074342219313596,985.9816624671674,1,51.1775476676816,0.8228266133267351,0.13985867530956597,0.4492945280888482,1
21.44967179913127,529.9317798570132,2,18.452412599980356,0.09182462851936771,0.5224339325089298,0.5956702380022456,1
21.321924651069075,981.0053969037309,1,209.23308782847826,0.04623962865051595,0.1882989577485132,0.40175397407694735,1
31.752574761224373,1540.991850600761,1,111.75199017147389,0.6164235062300814,0.8578580239643151,0.08679173558192965,1
5.484566598230223,865.3604484461614,2,7.747647029845398,0.5407594930536184,0.2112958815427006,0.2676618969687443,0
41.565262314924915,1307.3267729798392,2,219.17776004611258,0.4098711850205719,0.5844062336238804,0.19797335986312548,1
22.663910446827057,391.7025879707006,3,13.05854670202836,0.12379930252970064,0.33004819078277403,0.7640930594744666,1
18.66435099191691,1011.3937060144756,2,59.30418104599436,0.6527803428952434,0.6958820282534816,0.6283000707127875,1
24.363375435755177,323.0488950938371,1,114.3744806057114,0.8369245200268203,0.5532390296888086,0.6646661945398827,1
12.628312255379537,76.89716798163501,2,82.42486710535962,0.3752476067408963,0.49466796117163714,0.98561999905008,1
23.131781688894822,740.1897911379373,1,6.688280764394534,0.4472403121819196,0.8510544087239172,0.06717132349411592,1
30.20718819595649,610.6838065866004,2,24.357339576429524,0.8044281381339858,0.3964954834678246,0.8707418971667878,1
30.812008361723027,979.1676029963123,1,23.32285458509057,0.416776541149465,0.3353111817519491,0.6706437098029444,1
20.86899371517672,312.83239466895526,3,369.7213349122882,0.8848599434331595,0.5815774127088964,0.4385599298082625,1
12.36934695306965,1229.474722156838,1,498.1637676630441,0.5131884178077473,0.3989573321007185,0.5864988649308877,1
32.46406516524689,1197.7157304480256,1,111.98760587069134,0.5071669653648121,0.7153225761690651,0.8522025785047365,1
45.72353902067132,213.5008151909603,1,63.43486185529663,0.5164175705021237,0.4357249532001728,0.4828278862616959,1
5.9037265079483605,1149.663805145067,1,206.0963575253282,0.23233642470277827,0.35150856833434185,0.72053153736971,1
38.202394556005075,813.3700358092633,1,319.3712366954926,0.43464035262526635,0.2995442139609046,0.0033883191646172373,1
43.65755149004788,1169.4841032611907,2,18.279606814764804,0.602793628511627,0.7331684426901611,0.3190189509445295,1
13.07282065954196,1416.0414252052087,1,48.80087869662293,0.6261561472441064,0.32828170771077075,0.653184335412595,1
31.542007591465698,212.0129835275899,2,34.743851470738235,0.524698155884013,0.7980577212203802,0.8831029090254563,1
30.41693434229405,1196.763590019188,1,41.49987324292995,0.057989995511653056,0.8041862948151254,0.5840996617056766,1
31.211648442677834,894.5264212184904,1,38.640443840840845,0.3451996545722599,0.5100714455313299,0.21976431748433356,1
22.603172638693458,937.4327081408104,3,43.48919129493551,0.5509599944567929,0.7544337898594903,0.043837578608263095,1
28.81099670000788,1029.456649830026,2,147.15291894995494,0.4714479035904395,0.4856504463253074,0.02000924970457396,1
27.322751978127357,189.37089890971146,1,199.42045464672535,0.452307652538625,0.34575711899194195,0.908404790883307,1
21.039751379450664,143.7120017157525,1,331.74586229913865,0.1619699489155009,0.8620239478882565,0.42899552228923843,1
28.430304599468702,1394.856760977005,1,15.47450235659041,0.7759823199177914,0.13350092792612847,0.7370107034960243,1
41.26377674839756,400.30805825205874,2,27.66086836957847,0.3780760561617742,0.3064983246124887,0.5896462944000453,1
30.275086171696124,655.380250956533,2,167.97149400224336,0.7756369818033202,0.10713344055962333,0.2765826785577883,1
36.407578093948615,716.3383376444834,2,203.5056323673258,0.598143517744797,0.5314665970813697,0.04341938549309099,1
30.958325859310442,921.5324967828274,2,17.792944305516695,0.49140389037776616,0.6435147144128149,0.7354568393047943,1
36.124272610026175,1033.8133798298297,3,57.29586474200269,0.5823927965148766,0.5716025436454707,0.24038957590869758,1
15.114349026514475,1379.8217662519437,2,114.27819610521408,0.4993576911659089,0.27484813336290903,0.37959535248777665,1
20.620155406321345,847.6619191560167,1,342.79590325962,0.10833745143338167,0.5426129215871788,0.6197626038203178,1
25.35575320738734,581.1494504267532,3,122.09716938352045,0.676557299723953,0.8292633523803897,0.2072030848561488,1
39.59740015006666,510.00731848840195,1,39.59001427391388,0.37430627543053424,0.5199224309670436,0.5843771925116288,1
33.83049403604082,255.34453067343694,2,198.06099437319736,0.9182334817935576,0.5492852159176539,0.1572406702074971,1
14.161242289697475,872.6798479005141,1,151.45766552563254,0.5772630350947119,0.26637504542901064,0.044312340110258974,1
23.35073411916498,172.23979690611552,2,140.0858273317859,0.5346167904596411,0.772268504989796,0.2593280337841106,1
29.361734716527614,1488.3812541632042,3,56.97488765713858,0.7914585456712343,0.29743849048837473,0.05191417102356455,1
26.821651408170734,1021.8084082502503,1,123.264690448662,0.4274010791143064,0.20566056437171387,0.6697154508125295,1
23.406562939339764,1285.0468632376685,2,3.58683988466293,0.16920506648852696,0.4183465247706133,0.5437345089552932,0
44.92566463700661,1077.9857327395137,2,31.18579187848955,0.7712883376915898,0.38524643907999057,0.22440003639099737,1
7.23767768432505,1480.3334430186171,1,143.20836011952983,0.8064597517522447,0.5660124970962722,0.17214737968173432,1
20.804668717001526,399.1175207653629,2,85.2545761755817,0.7639089007289909,0.3621380441705342,0.16523494621072388,1
46.098455155575394,705.3322822933186,2,38.295858672974845,0.4558583065195972,0.773593301997963,0.2569414366181497,1
15.486783588735255,1418.3976701477036,2,3.0845790856688042,0.7962506935344449,0.577248143489376,0.6198234372622077,1
23.871090703363006,454.38586758214035,2,8.138371624219895,0.1955198198545425,0.6021141570439771,0.2798457850731444,0
3.093976729523338,1360.0997782520938,2,91.86682664074017,0.3023775166022918,0.5456303073863161,0.5299784930720544,0
25.32809399564287,1281.6277706891428,3,4.869063209882782,0.6562368609357445,0.598463531996166,0.9093256301927929,1
37.99223823090513,1057.6240315184418,1,128.7521480751678,0.2967526251668054,0.7367382490309102,0.03026772122469734,1
13.076698892692496,1163.5320355444608,2,108.84472489957551,0.33739988057704345,0.16504264008439212,0.3708921790898536,1
22.835519287475698,361.70675315895835,1,110.90121569189044,0.18038379684244582,0.6721692636135448,0.9886488655031759,1
32.95974520540235,1421.3687848566817,1,473.73115690950544,0.584202162528678,0.21855073394122143,0.07356285850177546,1
12.19105630322668,368.9563626088663,2,33.53997322593723,0.21336540564808998,0.7536378466638708,0.06507697588148043,0
17.590542970755028,671.1278127090203,1,72.35888049831193,0.04404937556573689,0.42933074242723135,0.38125887341930453,1
9.10128743580052,1335.7375816380945,2,119.99101068140928,0.6397382058211537,0.5301793957319288,0.46320154884986475,1
42.429321575377614,1061.0348511674129,2,189.26728727847808,0.8244264502409444,0.863795679134378,0.1557828377267293,1
41.47194893642082,798.6038348361631,1,186.15729054850138,0.8892745307785528,0.37475501032357217,0.20882920007055394,1
27.55152840381477,892.0369271964319,3,244.18667135809997,0.634857627283291,0.24105752461516447,0.8655874109234716,1
36.04826897903079,761.2863210680681,3,4.351742363552898,0.2555533020303973,0.7643820433097372,0.871361577636823,1
21.473069344838233,1588.214256909647,1,110.42914107512031,0.2611608408333304,0.7543165363168314,0.07064322740375772,1
2.9008517785314383,1217.7333617939341,3,47.24693148604048,0.289511479947775,0.8779150777707273,0.58282177110418,0
31.675457193726967,1588.6848761216872,3,149.00878517708912,0.6333367302948264,0.8183560539711968,0.7874534319441978,1
39.07359998523008,678.9932491734943,2,7.640789014590894,0.8650541562433959,0.8552323313143709,0.5702516594192283,1
24.531033289570658,747.3341480046302,1,118.15463824869826,0.44832603374294827,0.20093803240437635,0.9174292283525697,1
17.10931843550096,949.6336630713896,1,43.06147046371713,0.7033878240063394,0.7057870034014944,0.20341183949845076,1
32.991350909857715,807.3307102311965,2,189.82969881778524,0.26337947679042223,0.8957658623800828,0.905269272758136,1
34.38654647932775,1149.5439427844256,1,23.50482243056847,0.4152401444104167,0.43378866748793354,0.33972309825293867,1
37.815642117497966,1111.391541764628,1,46.43878157108308,0.20061888466658637,0.409736937135765,0.7335911393445126,1
39.225670226735105,240.3487384227768,2,54.65267384052785,0.2964746361610635,0.10325446285662512,0.19495239417894417,1
9.973463331678943,943.0907862237616,1,306.4666921627976,0.33163692377226833,0.6357142552666434,0.35988740553700893,1
7.886038394788201,316.01985404708637,1,237.6211190363454,0.3957433014494872,0.3062996506717883,0.41295065323497726,1
12.059826337211671,974.7266033908239,1,83.31525680697787,0.6860847708632081,0.8955989571814236,0.16723774348598597,1
45.636868505533954,1342.9531003763052,3,57.16811681956206,0.297109422895298,0.3567541076972697,0.9057485435951975,1
14.57023468874323,858.9289457429365,2,270.1253048271733,0.787161958376018,0.3530950126120229,0.45183676207595536,1
35.55967992692788,1124.1292975150682,2,25.204924553575804,0.8005339940999666,0.4430446074324371,0.10630112012266912,1
21.18068050505883,1225.8397328260305,2,29.604933492747797,0.5789926012105785,0.3963639096893893,0.18846017409641536,1
35.91843445802119,534.1517406939536,2,24.70519928975119,0.3334197298477325,0.8857591126280372,0.5239884400852747,1
26.13901407739099,845.5040535676648,2,8.17280943893914,0.25271811300556507,0.8991157192022728,0.821842921410757,1
31.63573135928304,95.46324889572735,1,111.33117637360975,0.7545965966297709,0.30927228622377767,0.09182977597587239,1
20.688426992377334,1394.5194591938787,3,132.98190251514106,0.7239240846864621,0.7374367383043371,0.6753588743134148,1
34.088381417330126,1016.104658911052,2,27.975489035830105,0.4779201824586038,0.5804100766079514,0.6108010109383517,1
41.089133288616004,1066.6943150771467,3,18.63139959401545,0.5021356864580084,0.8094276929109052,0.4975756874002829,1
23.458210059159427,563.337747556322,2,6.889998907100112,0.8258093086980705,0.18640507595435132,0.6799359340570295,1
7.619404050390312,1154.2039552351207,1,117.62170401547023,0.44494703437366595,0.33071673930943735,0.5554383736370702,1
24.910351145008573,645.9763344302395,2,0.7575303040897469,0.789847377470726,0.18793032126909318,0.13694478682403455,1
26.743327177095743,1024.58594689338,1,15.647503627686103,0.41730966956198534,0.8749947601825052,0.4984498923985323,1
29.551407867981844,749.8277107306022,2,28.96763670125172,0.3262309389594212,0.2716765327202582,0.908953642809868,1
17.454367854791812,621.8431787398083,1,160.81699560363137,0.4755754671183438,0.7812514356898758,0.9006552578465294,1
30.281626535249433,268.1628200099966,2,15.298659421597158,0.6055695111658934,0.38605081739954383,0.6496426175817508,1
10.555041496007107,1179.6070923538548,2,98.10907271787657,0.7065576311710178,0.11380904977199915,0.18747582879004288,1
19.424160948709446,1106.8212488342147,3,144.15856854330914,0.2826508931036439,0.5015133941646486,0.32046416142412015,0
40.83419802737055,1310.9028281575556,2,211.73171209018886,0.8500082747123664,0.8328834023471899,0.8979588382356694,1
36.725454608082444,799.9156342509104,2,92.30210298604976,0.7115593331629589,0.8885803989906809,0.7669209636251919,1
12.60427743402626,156.88214743893258,2,50.903738438090585,0.5545923081953896,0.4194177186438952,0.42269535807470726,1
19.844969284306195,257.9346763005864,3,75.68026867394937,0.4277701005540589,0.8897788273814259,0.7453435134648584,1
23.318466819561912,1591.3883236443219,1,540.1178568095106,0.4220555891933615,0.8659721094421551,0.8065355933436129,1
36.65464021540443,99.49912462280648,1,129.028529458684,0.45791126979120017,0.6898300153113517,0.05885687908676174,1
27.329500401345083,1441.9462889131798,1,270.6285222039228,0.7269950476521191,0.8892200930291659,0.2394754957243148,1
31.838217532601384,940.9408233669565,2,88.74914537957459,0.8105472095697441,0.3859977088153721,0.7933782305383642,1
10.188463078107215,1576.8410047135978,2,187.25632512115513,0.06223700029288477,0.4931063595945592,0.472417854132569,1
19.568039307661248,851.4008470795861,2,235.8241576400291,0.4654198582583675,0.7000260838509582,0.34017446289510966,1
27.11191686082474,500.0210578430036,1,159.88740708465565,0.71267794328677,0.7205995954937776,0.39606931349782737,1
22.406598970053775,839.5637663147813,2,221.55185570952324,0.6729906210318819,0.3833765354265385,0.2825467527168971,1
47.055676413798096,132.48470184739182,2,256.6496875517975,0.5645754572415983,0.7609317251519299,0.12519732064305134,1
46.410906302984024,784.2754658981795,1,141.81672269975002,0.7439716549505235,0.7843459340278639,0.44442001589481306,1
26.922152948969888,632.1527096212337,2,54.960751823598265,0.6763706668798437,0.685435711727213,0.05645474022032804,1
21.272261292398444,1126.5890331132978,2,11.276557692651451,0.3870077706336439,0.5169243987854512,0.12827285713420655,1
18.29462241834774,1112.384486993926,3,182.06924009484857,0.6274590643296692,0.6065699951473172,0.35202902285147486,1
39.94563403973755,404.9717443631982,2,502.83145444487866,0.36660487319575086,0.2885439935184355,0.02214117109347491,1
32.93173833566279,417.15740459717335,2,26.684251968808248,0.9293010696839552,0.32152132691705104,0.5279414130034648,1
33.25675066318832,265.07455372961743,1,323.4331770853357,0.5997264012215492,0.22413130211015242,0.2769769526922825,1
33.79424386886252,944.400130613624,2,231.0765573421888,0.17594116757211892,0.7971733862212516,0.9969044352995416,1
22.03805875241087,225.22451886657103,1,55.88618119585638,0.9701186926860909,0.2244932178135172,0.9807139567537119,1
32.100395212004734,89.7854039179334,1,154.2899774784094,0.5233160052635663,0.6409682918024926,0.02928134840110097,1
10.685132779497474,941.0143124097691,2,104.28407673235064,0.6311870428412477,0.2225777935171582,0.2544234202900738,0
36.40054768349117,233.64929299408448,1,10.020564288480264,0.7213094674112986,0.18727964949108744,0.8819513199161334,1
30.07153853610235,968.28642226495,1,143.29727250114715,0.33804525485251036,0.7074993364100054,0.7060135087682033,1
33.36776657212117,717.5902681256538,3,56.10574960731864,0.530834406747766,0.578461299556998,0.382107642835824,1
31.777424550138516,732.5985268055964,2,226.63575808457443,0.46258948462285254,0.5039416283612133,0.14517910216404506,1
16.556766681821326,126.9042638152903,1,311.83276696727165,0.6309606712028122,0.24529172668227767,0.36222340785765306,1
28.65439049227602,650.5075777103895,1,343.9269417356205,0.6333551311256848,0.35155035312656746,0.7454570249668349,1
38.28127956105379,1367.2711121872267,2,78.26441094533263,0.2109690645333998,0.4935664587401051,0.3539064680754328,1
24.286100713775447,543.3540279100655,1,62.35238716576643,0.6570030137752879,0.5773995784843983,0.6780218119038375,1
24.913035309282524,1298.4640997086788,3,371.14435229079913,0.6807079025518871,0.12352679597365297,0.1724874849090502,1
21.484702908314325,603.8235609596101,1,68.50630576703307,0.8445496965760262,0.22849167485356292,0.27843235298062496,1
30.208989519958564,1551.1907346366675,2,414.06158578605545,0.4939253018532982,0.8660954526072977,0.2899086915487614,1
21.981091528662823,880.2675636716469,1,120.26621232605531,0.6032360970456179,0.46689915177940355,0.2885615156109057,1
19.78445654475442,1554.2234397434852,2,18.93550072632205,0.696951303050781,0.533391482692357,0.3367416666735218,1
36.92575835725182,389.82144134961425,3,2.8503684964169826,0.1995070348600736,0.3335806366239299,0.7034131105137276,1
25.813669013437423,449.0574938479761,1,65.07621101969681,0.3837529033670769,0.8342873720247189,0.8104792747418623,1
32.78418836452185,1390.769384540398,1,127.7133984649126,0.43343035548953085,0.39167880371409314,0.8588190181898129,1
18.09975180557556,788.7222176671838,1,67.88575310474168,0.16483072798126025,0.12408397682093134,0.3890017512731825,1
40.194326480309954,812.9364807058813,1,7.11905938200168,0.918271981741126,0.5634647415868744,0.9498514826886804,1
24.89978959641898,870.114711798262,2,25.72034507763799,0.2306140463294308,0.3745141683821497,0.627107024110937,1
33.50509281779961,539.3069336152071,1,243.03867024932535,0.768191763833508,0.34575952161080914,0.9999234614678846,1
8.387400062487437,548.035397738454,1,189.40798672032057,0.7312716355244632,0.40055441990390184,0.22954434431460746,1
22.45717742569891,993.3860457839305,1,4.889973885627685,0.40771482175621926,0.6875336876291682,0.255887567872649,1
28.625334692368114,140.69288133895222,3,59.89749386202753,0.17454740622242498,0.7728883963059326,0.5419299057078601,1
31.839510012809384,1104.0200432534032,3,282.0104132064866,0.15464085998745467,0.4536141131839678,0.7747548397010375,1
15.06070309272472,1280.6167573438588,3,193.35463468596734,0.28635337700159685,0.2977883116542762,0.4079083714480728,1
12.644163816218548,1273.5592757708075,2,58.20639675361342,0.6843982580624697,0.1916697139963146,0.4913056113791989,1
9.827028068461626,1068.229806520249,2,93.17103820329831,0.16258502534512165,0.16765246464408917,0.40616255592882156,0
17.855509101804603,124.05458863171984,1,75.07944310052677,0.8301210078331782,0.36975038510969205,0.23688837612928748,1
43.74673132115974,174.58092081301226,1,250.84722393734955,0.8466134094324416,0.4343112651104273,0.5543908045883337,1
28.172601090313602,348.15301335716185,1,339.9885156963461,0.26064310132385987,0.6188420605632234,0.2812756968062664,1
31.436053748578605,442.7466075008471,2,35.670168946037535,0.7750130287392504,0.387451079130966,0.7763402449819944,1
36.91813570726665,1462.881427271267,2,286.7694031885872,0.7434728469217406,0.2929315260335541,0.7755550710356482,1
39.971215721464894,825.8339769589757,1,110.96051166086312,0.07084974829846939,0.48985575011073823,0.10803564024814105,1
14.430163756343761,659.5561701488803,1,52.465404169007996,0.28826742540993333,0.8129928143618114,0.6429113972627097,1
26.13590039863752,439.8774256311692,1,59.949824963240786,0.43472075224842055,0.21339256845581467,0.03392124245461614,1
26.721247929671733,450.6915505361135,1,11.0063821057538,0.23497801901457846,0.740061502855011,0.025666074505280467,1
23.237969654868227,1529.233354401255,2,16.145583428432836,0.9092999132279252,0.7897040812828596,0.566717135435146,1
37.50915326305956,588.549323563671,3,440.6910742971999,0.9828156398241867,0.4754870273239006,0.3854169142953049,1
8.614049493793306,934.7949183987296,1,110.97548867620173,0.675824358317331,0.3580707038085784,0.5830916726524898,1
10.856448322593359,387.67794471352573,1,97.2657006147453,0.30255406158782816,0.5798519851311968,0.5466994785044538,1
19.72230672626605,1498.4467046229154,2,190.61111877749028,0.712678794563627,0.2500187611432472,0.029674829539042435,1
8.636162264983321,839.1668671308861,2,22.847701808629868,0.5538120513213759,0.4524963770909939,0.9501405120633152,1
46.98876540217443,608.9290447816884,2,82.62603196701001,0.7024756668073325,0.647549854228403,0.13202188537655446,1
31.452804303460542,167.27579390566336,1,139.55493177947054,0.9851363880871971,0.6911065086482099,0.7104529295185056,1
27.537759775199785,447.8427150753352,2,121.365713885329,0.8109536590164005,0.8242238860643512,0.8323619277179739,1
17.170950606619552,91.7736314328535,1,81.43027764335044,0.4808746753096458,0.40462668211110053,0.9661153793096761,1
9.025827835505337,226.47839365851365,1,71.1956848100781,0.27036028802979345,0.40617189067000714,0.13265438514012007,1
43.476737440154636,826.072494608099,1,416.5762970214514,0.5897020400672814,0.6471509315442416,0.013137231348676504,1
40.44547095857036,77.29235330710081,3,163.8693271226883,0.47341079782634377,0.3278917105985447,0.8923713842599948,1
41.27180083933164,340.4458789090691,1,103.61016096746533,0.41412198602387185,0.5073057844132611,0.7496478241925602,1
12.145711146664873,158.56696759764208,2,17.126937673063168,0.47277591527338536,0.3351275642381143,0.7897428275601223,1
22.467374527435222,840.8477093701564,2,60.18374928205304,0.8499406883203696,0.7765056153712501,0.359640405124812,1
40.50780350047151,421.6112483690687,2,229.7291322288867,0.6394777920931832,0.8838582712950153,0.8906792503045982,1
28.509941660127488,447.67704573332315,2,37.296692541634044,0.04256828445113946,0.4810173405830689,0.2157698551530548,1
34.70992581888512,661.9176479008092,1,533.5833184507093,0.2272415665898407,0.8726550513601027,0.9234738733450325,1
31.0079171389854,79.49835233294657,1,510.4589214748856,0.9372332279000878,0.8478589579499481,0.8392534589160765,1
24.936475203712376,959.903526719946,3,40.37922915936941,0.615791999623388,0.848029467634121,0.9462677592335461,1
20.138552328075605,1208.241050138434,2,0.3068035222290472,0.8794026242075168,0.7559251142002624,0.36065575914253367,1
14.382764362844393,1425.236244908681,1,162.3475460065302,0.5265615972751488,0.4662741256572783,0.3966969581648482,1
14.812155422673081,1556.3880551011725,1,105.33422822250526,0.44314181507985706,0.5001797339438724,0.04119217043892576,1
21.92376037305413,136.71600899462265,3,357.6467542330248,0.7708384641822021,0.7457582226444058,0.7963507997724097,1
27.457712867100767,1480.3154888760205,2,32.8807624873524,0.3732556315762798,0.7755236388364731,0.6676161443457075,1
6.66495127025552,151.49613584015702,3,7.4653664791845955,0.1868702511119757,0.1731429645602769,0.7320587004275667,0
22.71687586726735,1528.477786327997,1,34.81658651507591,0.5760617224111876,0.21665287850950943,0.6762657700003437,1
24.778441142246606,198.5821872239944,1,65.41184459317805,0.5376300965183972,0.8151424346113231,0.44710871459130797,1
28.421722345723218,729.9178196633009,2,145.63150733715494,0.496346199588167,0.1174004333154076,0.9996165898788085,1
35.11374033468596,139.48301859336655,1,24.070431842485217,0.5026330536730597,0.2996937410561713,0.33202903502175674,1
24.436046129770414,184.1760138189272,2,93.95443919374553,0.774132686250152,0.48920745283057787,0.9175772512062143,1
28.09972470822685,1148.3897295409604,1,45.1380562868398,0.5142391417433589,0.6385631932935247,0.5619688808888363,1
24.035327617817376,427.3917840137252,1,47.50856122715882,0.950353845347353,0.7992984984034041,0.11511204985015966,1
25.04501411973157,1349.8342236067065,1,432.73437591289473,0.5428220500941644,0.8300466605609315,0.3094495473693013,1
39.92596581021926,1242.5860252173818,1,123.88425052648617,0.2691382861133162,0.7195101185734768,0.22700733786150473,1
10.711650260720123,1513.7859669847967,2,25.462668046771043,0.3078719629522864,0.2777040186698705,0.22715402288666808,0
13.035709836607648,1430.307761328034,1,37.4389360528851,0.3058575046462929,0.2601649752560958,0.5640731764640453,1
26.72922036264013,1084.1378048164108,3,0.45033186368679357,0.31871233455788806,0.7076384826754886,0.08377421982309585,1
34.45366615489274,923.320476338772,1,55.39525219206331,0.28580879537454373,0.7503266896943143,0.24834551523086268,1
37.13985898530932,1069.7188607385078,2,31.014572988399856,0.8631626742744921,0.8175284139630099,0.22252589030476988,1
41.35948106278884,1174.3593080930805,1,25.09268045763375,0.2219118388654147,0.7613253914542474,0.09652625067092324,1
23.4047654440816,500.4902944705781,2,15.301526895682795,0.22748035926402854,0.7658449898379729,0.9333169972852655,0
18.714104170876173,115.38407499103285,1,90.51402383728522,0.15522535137759835,0.4216805590689202,0.8323871974583684,1
43.989927239771944,486.34959818987505,1,434.0831878091849,0.32189215638301605,0.6546127557962378,0.4663068735375562,1
29.559689349034237,535.5547868671683,1,5.465529141783465,0.37617365332023267,0.6729603978838775,0.7606521087167938,1
30.328761314842403,774.4802330830034,1,8.50547035318178,0.6065156926596038,0.6318533260334585,0.8912655812054344,1
15.555176976524288,1417.1533707247083,1,39.70152070337473,0.9290583959355269,0.34866988321461756,0.29901975636078915,1
42.43042228615047,775.2000662158654,2,209.5576488235157,0.5473006075043038,0.6468327944604731,0.4543798611227954,1
8.107237704674066,987.8806595645357,3,7.525349859886406,0.4748485432586709,0.67956836586809,0.6913742509638048,1
21.468999843672844,1098.6226406832066,3,17.727893750966434,0.1387671152480889,0.6740357569617518,0.4388131092263804,0
37.68170654212658,898.786756790813,3,120.02656963562431,0.4498236880150239,0.4317802959691449,0.5300383533728223,1
38.810171639065445,348.04528246453907,1,205.617984877683,0.6076198262884214,0.5046572455616289,0.23136966068824372,1
25.174335566913555,100.91956335967123,2,19.324099020257382,0.4339578876812822,0.6072546004796967,0.5743829316390661,0
31.75661525281101,1131.9011973875843,2,222.3875533174333,0.6077660175261983,0.12164455825996293,0.42434142218712245,1
41.2861999745944,163.1136855884693,2,3.5536453309431275,0.782094105983725,0.7710695678711853,0.74346172067939,1
31.743947281223587,1141.8472788414877,2,0.001172288972026636,0.6419678398863278,0.6850846444535016,0.7684513946756539,1
22.58710497992807,232.1598991390935,1,186.64528900995657,0.5357545134036963,0.3328880393804543,0.6707998601649829,1
22.469382848153305,1284.8899659206866,2,56.93757865142294,0.3457484236546334,0.883213243061523,0.7629547103547849,1
42.67941416646468,218.14674072161242,3,107.97142853597204,0.7926994663639546,0.3414046018083058,0.807869457163381,1
27.92604210861683,1361.3781381809622,1,23.263209541795838,0.6623860866086724,0.7234872496530834,0.9705270970245514,1
15.449453525507195,80.51514191929431,1,223.69597616961445,0.14971122954216645,0.3424955004456395,0.7926720937618709,1
15.549937026270015,149.01316900752977,2,308.6109949056567,0.44255484447380156,0.8966442831123963,0.3766775624678633,1
33.78352401433952,237.7244311348782,2,370.2533460570869,0.7412337975505988,0.36778333134651187,0.3238619878055323,1
26.751169676944837,1405.7310522718894,1,5.868545136515473,0.45533911519509745,0.14256253845757466,0.3089963369466485,1
37.06290321335923,117.61624246810256,2,63.088947610209644,0.4348854968514327,0.6090979572395924,0.21134804001364238,1
34.36624807413833,239.26628579112372,2,154.08915203095808,0.8493635908465836,0.3417762836728736,0.08564521834150962,1
30.90458568262276,70.63255048084162,3,85.36031637374234,0.5676528908594124,0.30867066992307624,0.9413216411457349,1
25.348785232730858,1152.0767100243772,2,2.3322398113458283,0.20688392358544985,0.8484907220569545,0.015418152159403453,0
24.33105280728641,441.1334442120905,1,97.45250336813811,0.233913044837541,0.7942645345969662,0.857948136652975,1
17.007962812941475,74.0320786298896,1,10.256911990661647,0.8034733364833759,0.44905542078392713,0.935711895812001,1
28.378011860550625,829.949255299136,1,125.18458336646142,0.08142325252466345,0.41421427106650566,0.3216380068867938,1
29.407097226374923,1283.9511838230546,1,498.04420210991975,0.6632922586793842,0.25514022243817164,0.7978319617446328,1
25.911628847693123,482.0939259228272,2,26.12604259241623,0.4101384794185025,0.673467986886272,0.9002998106777605,1
43.75852360760198,432.32538126516465,1,613.0390467419913,0.6416102260606596,0.5022007385245856,0.9274270673109274,1
26.80391351003671,132.20462491128757,2,37.31215762828565,0.6740326249136174,0.19172862616571618,0.8622068943509382,1
34.16582944293553,1480.430725651874,1,621.0149758705558,0.2631326676911542,0.6224296138887172,0.46852737050272086,1
38.05248586632249,1344.4336680524,2,55.995289018354285,0.3712023076895399,0.3744337468620975,0.9391010453642226,1
24.668221091187075,1056.0793705065848,1,141.09010987800835,0.23225859235419322,0.724542287293913,0.04568035737816223,1
15.98983404253663,1548.5543673419115,1,63.480571329591626,0.5340191129627984,0.866245678401194,0.5697695926075769,1
27.088766535660685,1005.7133043887405,1,460.2711847501571,0.37971410307308073,0.32371659448861784,0.5086459333149305,1
33.590484131718114,1417.9940124212872,1,43.254442908051594,0.32556531520880116,0.6140047267026214,0.3081063501841226,1
30.70714243793467,507.03037838260275,1,2.924959769648608,0.5695914863371887,0.8647493278507613,0.7987395650961763,1
34.38317803180286,517.3364299973113,1,72.19396705837775,0.3904051309742233,0.2163006878866118,0.39361329295635605,1
26.01559224924246,102.61691712417885,2,2.9969082549286004,0.9700342997339099,0.8507484323701693,0.325873219626568,1
32.84552269110064,1087.0955238305655,3,210.150071669442,0.4982010242717433,0.14939501625435395,0.7811991466360065,1
13.621963599426646,1223.6739330395242,1,194.10197683324395,0.3035773985928393,0.37153601974460126,0.0802034548151086,1
27.30174242987158,625.5276407519513,3,92.4427530493437,0.6261203865870694,0.45090586058868065,0.45774880732039336,1
29.781623050514213,143.76222618334486,2,343.5105807976436,0.5896125597101846,0.30577737085674783,0.23209248820391926,1
25.096792358057037,307.3842690516965,2,15.542445696874214,0.3896400013504744,0.15024323229457626,0.07067507496214953,1
26.18016146532765,1180.1692541686778,1,105.07196798097058,0.311769479870915,0.5869619779043876,0.9224695947298194,1
43.755748461248544,1182.092340608859,3,288.539266657822,0.07209202352660472,0.22175146628645584,0.49270874018789834,1
35.751537447281954,408.022307887535,3,37.86042775701396,0.420523362638495,0.5804507847241606,0.9673991594387417,1
43.06000183871886,1575.9390711809458,3,3.1265808753826723,0.17433753281201914,0.11913175099910821,0.9849431539859536,1
40.33603461742224,1347.2796354753061,1,10.454297331070373,0.5359960488755912,0.6409419220298944,0.17792010710151096,1
42.54438579121952,1464.2803012158347,1,87.97350741000483,0.6084534304439684,0.49163145234113814,0.4657440435112935,1
28.691583846067978,1162.8701965011705,1,28.48197104305403,0.955153808736978,0.7143975973035144,0.17745870934182828,1
16.711685820524256,1350.6762044429815,2,212.8732571735626,0.5520785056371417,0.623582318806174,0.13789927824297787,1
11.122660441105356,1311.6829452873644,1,177.14486413522624,0.59451183247159,0.44556852779062994,0.16584381616269162,1
25.125683011508766,1088.404338700507,2,43.16488023924188,0.5400040455700447,0.8400311710058838,0.1298531437532674,1
32.83667315655452,573.2908176828547,2,133.20915286452325,0.34653619780709266,0.6346177664473717,0.544786495448839,1
15.832861800985283,514.2279377493119,1,143.5313907584069,0.10518299572464308,0.28823945734083556,0.8219236350262694,1
12.802597002461752,592.4969570690648,2,55.14598553034119,0.7900690662809191,0.26480936299039126,0.19493068876696318,1
36.83581653654783,658.2701393720757,2,45.533124246189,0.617603511254289,0.5340667292521578,0.06281696225230282,1
1.4988818449581682,1162.8665621836042,2,107.06002870317974,0.26204903985433503,0.8172240445429766,0.3442667536966203,1
35.29275604776924,710.7006055029722,2,2.2609723106519333,0.6153064287291372,0.5227064117232582,0.7506457262418119,1
16.57915942911352,763.6602899438142,1,344.4533764545564,0.43666947277476326,0.5982782436776436,0.5917936523917167,1
29.72739896029909,690.9871247043952,1,93.9609423846887,0.6633314759469079,0.7243307226778332,0.856639732281096,1
24.86466005278011,361.01311062299726,2,17.76190782463312,0.49462634610160877,0.7659743755385585,0.9502689608551963,1
35.08564749103078,1339.142436675457,3,386.4430812585372,0.6138335476852662,0.6330464503321698,0.20212570351904013,1
18.815600152219933,93.76991593731094,2,139.10645253123982,0.673417323133145,0.31720230669346294,0.544831265142167,1
32.427687694220126,570.13253482602,2,23.224592493654484,0.39065512195951513,0.7650339144526234,0.4147810098007687,1
31.335994602768228,233.90341081020827,3,218.24482687135944,0.6243179047643251,0.36886397025658757,0.9408148472958943,1
17.48848009727002,1256.0583549668725,1,128.3700664124185,0.526633111743556,0.29263832763567843,0.555870987831822,1
29.35164376857662,411.7866458239979,3,164.70427491573517,0.23046196785678258,0.251551430157547,0.6454575175429875,1
45.30361981225055,447.56021670787845,1,42.239772566102374,0.8780062836336203,0.6390425568510066,0.6463343997292637,1
40.28403568174778,714.5218719650726,1,6.968866327807031,0.38616653998230616,0.24740053835952908,0.7294029358799886,1
33.5214484094999,698.1698441277445,1,164.61325679882393,0.5617107460828885,0.8930464047751648,0.7742413030010402,1
26.322394539369753,820.7453127955022,1,1.0889760530788832,0.6639602237074794,0.1636012703636781,0.39331544291242393,1
40.35192812791027,944.5045782171537,2,296.17549140348484,0.5471588643809682,0.11278937620467949,0.5998508617539487,1
43.34603757031724,250.54125255541118,2,81.95264298295498,0.2856081863647115,0.11849634421603349,0.0648303109763555,1
15.301534662154898,53.183747565579374,2,107.42965540406117,0.6032065856325466,0.7638137875031309,0.22365740838077608,1
17.012078275013923,776.9752563819152,2,466.54093769065025,0.7065303828158093,0.8502221197881216,0.3585648910078667,1
20.15863162861015,959.2595220937618,1,46.11575384981677,0.24793803286277938,0.5184245601997445,0.40788409080964705,1
19.338858688310914,1161.4340900473821,2,16.70231144885962,0.6407247105538308,0.6770810069871354,0.23366047286665015,0
22.344052950840407,104.32547316585148,2,74.62727968974858,0.4258094384325494,0.24542660774859454,0.5025242634774466,1
30.715984331760378,1051.6502253076985,1,615.9860217864061,0.21144514401057093,0.6623635979150068,0.04797578050954099,1
32.79064417042445,823.1784956980616,2,146.79535229925904,0.2795015939170014,0.6084446343130672,0.15774648718799156,1
43.30921748375704,1423.6875083224063,1,288.42451809138424,0.6157520526991643,0.31228202094391033,0.6793643484514799,1
42.53578729540686,952.3722846039516,1,258.91002910809664,0.34046270704288617,0.4498909865510442,0.05413504693135407,1
38.568348352128844,1138.602914297068,1,109.56855373611785,0.48766629786193133,0.22201663954084827,0.7586550468184274,1
25.867372326475262,652.4227983348983,1,75.32335871230383,0.5685765462003763,0.30331759386034723,0.4181663929701118,1
25.139649780121445,1528.0132519794163,1,114.4205184749758,0.5725213183582514,0.7029246884841072,0.1101109735336464,1
15.033689552402317,213.80304906691111,1,43.135683920333335,0.22120630355236132,0.5397809195900714,0.7991526777432514,1
8.902593915004433,1420.1807706615416,1,7.944199546331031,0.11363104678930254,0.225572951049384,0.778324889774183,1
40.15804833529911,401.969399605683,3,626.7981747937192,0.15641322983223455,0.7584031842709702,0.24782760427955786,1
33.65063724006638,159.38451481310884,1,55.94538921018914,0.16692449710421486,0.4358461976755724,0.8626629387470219,1
25.969780895139262,886.9799425322379,2,152.42257234241927,0.5391769327566982,0.4194335369356561,0.627678798039372,1
8.641611231713522,1172.2075061035748,1,33.75218412274759,0.7433853220270116,0.8105341622368867,0.2847600330614367,1
39.27790775939261,955.8494807567336,2,15.69572107552575,0.7589115675578882,0.1621335994800945,0.8571694164486513,1
28.432684208501403,141.7020280844598,1,112.43160686667781,0.758687261765603,0.24697804418896263,0.7261050652257866,1
35.87775614244757,854.9266561648608,2,86.9342909145289,0.595022565318235,0.3367836560643583,0.38637302601173595,1
35.28149701559675,1093.2322855505429,2,395.2770787945945,0.808662257073992,0.6556563700443715,0.9493181764003433,1
15.872785432044378,650.6377359137397,2,414.19614247305805,0.8898553634155426,0.7606553964004792,0.9764723112216773,1
15.8326981636832,859.2935241878972,2,1.975339148957381,0.5223362330664831,0.15115209989652076,0.07809360413100852,1
40.298026284123516,1150.56879676666,1,155.48402315077757,0.638638455110773,0.6176855487521524,0.9988767347585766,1
36.77739588434396,969.346627872979,2,78.32056683989782,0.553259498614879,0.26169504434365753,0.734516284725117,1
39.425267890641045,206.8397081124118,2,4.154350254059535,0.44905076892993134,0.43004355739302014,0.3985814227054244,1
40.2034157873861,908.0948387979531,2,115.88117385552387,0.776055729914202,0.8449584281736366,0.4683433122028273,1
34.166511596111036,621.2837154665908,2,105.37700040705015,0.3753763307264936,0.6636131666527797,0.13556618582767677,1
24.175760951675002,595.0012387941902,2,342.0234229870269,0.7222874815128402,0.6813793817182706,0.8859480095388347,1
44.509937837529534,969.6833752593374,2,84.76625202400899,0.15559310172945728,0.1026307234896498,0.8111129728490947,1
27.129952915901153,569.4038034050864,1,98.03591073103557,0.13771953002849074,0.2870063550123858,0.20818728832945277,1
23.42803134424823,321.5237414635648,1,59.66229393324306,0.22276089003321603,0.7734957606915492,0.9901919244894228,1
11.538322990667504,119.87776891274338,1,131.51061347503259,0.4466886339214218,0.7621885868319573,0.09333787093448831,1
46.938272971183004,969.8389380271185,1,244.76973285027384,0.7727177037511,0.4291963887663258,0.6379870473064646,1
28.766552990414784,1559.775404369446,2,24.197610555587076,0.8323186918933394,0.866264787463778,0.23954796779670906,1
26.97438339793539,1437.7441077212493,1,460.56305544522024,0.5142657545913141,0.4983527430978061,0.5664827995006955,1
21.276877518712823,398.23182599304937,2,96.08124572659756,0.6787444105154194,0.32685539709504574,0.12328725201194102,1
23.110169771443566,1040.5034321941957,2,202.45952969678646,0.4842326926865829,0.5275009925269211,0.7792111061966082,1
29.30772333476754,400.8615177795951,1,35.56677095032439,0.7856074288084753,0.13570359849356725,0.7272619176297986,1
44.30771069947812,1223.5881468158852,3,175.9185606577306,0.4118532901129128,0.24500823963714016,0.3112516189072029,1
43.73131608966347,631.9608609774521,1,148.89444762471314,0.7847961446034006,0.17591276865096656,0.04482409323474956,1
27.59253679762325,439.6357989231208,2,231.32875532138436,0.3827442402634046,0.10080370380561643,0.4099684772736868,1
29.04549255055508,167.8898958302222,1,412.44288536291793,0.8070287917377951,0.4264578766589343,0.7755982244695465,1
33.63333197988513,1380.936300801193,1,11.48082298400399,0.4297975151604229,0.19728922421243925,0.715413437882394,1
18.435272755059252,344.8008522768089,1,44.454841693719246,0.5111870442607022,0.8775529202777325,0.9957597414753238,1
25.067461565917142,1143.7255536214004,2,107.75292926900798,0.6153093044392809,0.6995469030262911,0.44283215087462235,1
43.935297575252434,330.0917350912803,1,66.28370165835598,0.7614461218904475,0.6536903630140755,0.6608707078031701,1
38.369701910752255,143.9459689213257,1,30.301630125939308,0.03781786661496442,0.675873869876665,0.951229289935583,1
35.12349002120642,791.4609586835265,1,112.0423319694508,0.4892690330773962,0.49917370036039765,0.9417204283423258,1
33.386392272887676,1108.399972172758,1,14.926821100250772,0.7312627620150419,0.1295179121598861,0.8418450316077317,1
15.781826258977626,914.2625936185278,3,110.28743985455688,0.2181148234106319,0.11530816039117475,0.8160936188353084,1
21.215903000120633,122.55043356976198,2,105.9006567178594,0.42836413951673535,0.7526051542404489,0.19179827119598503,1
43.937168611599326,1176.9319361851653,1,121.92356028101428,0.7819968264128384,0.3297984890552841,0.8711787409384472,1
9.933418055887731,306.9540438912412,1,106.32506466819493,0.7605961184827809,0.3327507400004287,0.5243189654944375,1
36.32064428030452,1532.4248871305817,1,67.65142808228659,0.36221339777156003,0.71681496433544,0.42478114082493257,1
6.926464919031217,397.87561017543067,3,56.593484541619446,0.7124720723693915,0.7753349098523522,0.7455864674337637,1
47.85852558028755,993.6396553812682,2,144.1532299365339,0.06580748187547168,0.7619528548049943,0.6055834638502338,1
7.710626559783459,1486.7657559759955,1,84.10943023530457,0.7878510641101436,0.3340777199218379,0.08197104683593959,1
36.52170534416436,438.42474274885234,3,7.4854892060678875,0.5099420223761088,0.43867827144861316,0.9526381632630427,1
22.815183447570202,525.5308617237956,1,127.37882909919053,0.45775172841737866,0.8308126851126618,0.4038467466536979,1
30.759113038894515,662.6447626087086,2,69.69134070186409,0.23460143868538458,0.20551713924717357,0.8786158131606814,1
18.872589315824317,630.6127397945228,2,1.4229370671829498,0.6556502167431164,0.40625248642162537,0.7462833746956036,0
10.749492052903118,1469.526969730861,3,104.3134372573612,0.609697126025387,0.3081269919042705,0.5914998972513733,1
40.66383513442391,1260.1872880454869,1,10.327590133884751,0.4841680144164279,0.10624700267685415,0.504083353653071,1
23.194847186782656,773.4761852084465,2,474.0919048359651,0.3232235321417597,0.7517261103225937,0.7410304288421272,1
45.54901113638814,1503.6749195446291,2,29.017089921398917,0.3562046838974464,0.5813019538157728,0.6117714998614237,1
30.19656506421569,976.2009168326406,1,108.25815479449554,0.2298272374026133,0.28444275702929933,0.5350192661547276,1
27.22588888340475,258.1286277317356,2,25.52399206149264,0.7610853844247983,0.30422786746250174,0.03182578303250638,1
22.913087603536955,902.0202111049674,3,21.46452872678395,0.38739124727470853,0.5815731688682398,0.5932268491885861,1
30.779565681777594,997.56766646777,2,230.85374247444287,0.7459935185504618,0.3270064085842792,0.5476131026874944,1
31.29207013901885,290.44236006079166,2,474.3781703736679,0.717487470336505,0.46087518709542097,0.04584756438268256,1
16.516091573048254,846.0504724686919,1,131.12695752454016,0.6852715975993938,0.6984941309941711,0.21573866225843275,1
23.00313093571772,298.25675829150043,1,59.66457726875662,0.5207291413654899,0.8102327190770654,0.2165945714456623,1
40.5256941419691,1557.162929161799,1,7.850142368368914,0.5624637827752765,0.5618888760044619,0.34443123221322614,1
24.583221026668816,1221.1767300386937,1,54.453043610342085,0.4270369486119929,0.20559040159278066,0.014899985009001804,1
22.496548826026718,1539.2354571262176,2,157.53320533801264,0.5117129571448816,0.2708659019858234,0.316557927298428,1
26.972355281433096,971.8132306879413,2,117.52948725367347,0.4223596769643475,0.869363630438941,0.7922198369207877,1
33.44912881644732,814.2519135611242,2,297.8777175100591,0.3921649469064535,0.1961574871751573,0.5348147701639293,1
25.34160837995612,903.37087348209,2,46.87919630299497,0.3342892502787761,0.10458277670642123,0.7794430676634265,1
25.263232451809312,950.874524720545,2,28.864502847584436,0.5209638775441802,0.696390659679852,0.5867114373827947,0
39.88031712301844,273.7438995893634,3,341.54805338989985,0.2465790672932741,0.1781739338434142,0.9291776578431027,1
22.661452462166864,1292.399376710804,1,270.23328784861224,0.6842533284454473,0.7919098480900739,0.992508432357249,1
12.177763048531377,332.7790982389733,1,6.154296851246965,0.5277501014155984,0.7443774970733131,0.5998687877304975,1
26.950074553576354,1029.0830388916756,2,0.8365673676206803,0.7772194701365885,0.19994700508527583,0.625177284191792,1
10.229108937047906,460.2472330745332,3,122.75317028594364,0.2814343897952467,0.4999431958891274,0.16281800485834974,1
36.42104706317343,1275.1031187073902,3,300.0195889789293,0.562951839157271,0.8869554869335035,0.5882095030359547,1
25.032377978861447,459.50991609109906,1,81.22328129360906,0.8149854874075811,0.21886862358318507,0.30852304956844245,1
14.0026105231456,1088.4835254013997,1,15.651111823566648,0.7000997384544474,0.3730955976743171,0.5590012989133785,1
15.071842192282766,852.3280985684489,2,25.1469457700066,0.6442307635040637,0.7568777670539214,0.417070569048239,1
17.42236399767707,179.40395966467824,2,96.13186675180839,0.49206867133772486,0.7702113961361506,0.9951674481280232,1
35.85491767829543,239.68465643235558,3,211.36821062683464,0.9215903236901706,0.24669662328322117,0.7671595923780722,1
28.808338176742666,1450.3584484751304,2,6.891716833906539,0.8946865805938258,0.8111741849890094,0.27281076314703423,1
28.824507238689527,590.5904132961659,1,344.75327155499383,0.5045959376559915,0.42678412296847845,0.008676508202604905,1
23.708352946764517,1412.6024684396345,1,58.809495331623985,0.49830008678242443,0.3620023387434784,0.13918527844773965,1
37.84026881559753,782.9771648097521,1,26.89741304327653,0.9695488320385127,0.13353483037317196,0.3198308363994826,1
16.42607011841458,778.5521338274469,2,47.8921055276686,0.5551699191805408,0.5773452585255815,0.8202901222401966,1
15.711340871256404,835.0674693517564,3,85.58210472706782,0.7867842128840805,0.1032637140322465,0.08530486414365324,1
24.084024870902372,789.3529635699966,1,15.344385825019325,0.27818174366427756,0.508707080400943,0.574791583480644,1
31.90355938573486,954.5498924647428,1,97.11341785636289,0.2550716709737569,0.7486296297795014,0.19197369968114442,1
25.455902419684808,1046.4829867300768,1,44.26771895577838,0.36009039833230116,0.8507718364828963,0.603380936306899,1
7.101883313050962,1207.1795330088598,3,9.577923011313409,0.4173149851363749,0.36404442548746296,0.19600862435198008,1
25.878887846310032,1030.9106604790713,3,254.77429278260192,0.7469600157491394,0.5973493386816545,0.58006748395891,1
40.386225082672404,952.510220058697,1,477.73669204479637,0.5161524746391994,0.39048626311572343,0.33882957917594136,1
26.499350665567235,1262.8205907614076,3,153.97695878137233,0.3555812864461054,0.17880580230310122,0.6865550337243275,1
34.79001222805869,1061.3652626417875,2,31.158424571252667,0.44431437708681587,0.6701388857082466,0.7440787088392348,1
22.317291856045156,1255.4417570541782,3,29.210716436398243,0.7992499802773918,0.21587274899693798,0.9766999253586501,0
31.8793620897002,583.8012107805532,2,90.03639143556491,0.17369360123587424,0.7577166287588305,0.22257288758189764,1
38.62624668212503,978.0679831760727,1,133.1526345403868,0.21645760447486573,0.635729615106809,0.21732747653545037,1
21.556723016820484,1520.5327484396892,2,97.79122981880832,0.3473846582309344,0.841161266607003,0.68276234913262,1
8.444031435998728,948.1443073138178,2,182.14414005753304,0.792588456778783,0.1695035671928471,0.8057461085211363,1
42.5164875950054,736.1575865519285,2,138.268183581721,0.7963660680951242,0.398241368314872,0.2132817944562877,1
25.884724218164035,683.4599804100648,2,249.44606989021364,0.2299433489761526,0.14785311133487522,0.8485118758974668,1
4.262140964880351,570.2168576851299,1,437.1708262390847,0.531565405082052,0.19464800239393043,0.37911742785663505,1
21.3637790075841,97.73615883457,2,9.628440980787243,0.5494214458077108,0.4301062046880343,0.626645844573332,1
34.13924741729165,630.4921165694697,2,156.51828885146557,0.50503988769616,0.17752114227758337,0.17610624463859437,1
33.51678975871103,344.9527504611094,1,123.56226130862183,0.9192873300815283,0.5389171472744867,0.49237803968903004,1
30.821604167755922,1457.9468615990716,3,74.56777839183121,0.5353412500347087,0.5911423372283161,0.8585746586588074,1
43.251988264480595,1148.6389290514785,1,45.28065345299213,0.40428219825324013,0.20605857478339262,0.7732880637636435,1
38.346069541867685,1515.683054358611,2,95.15069337111105,0.291319009851568,0.43784050748335235,0.12776297357922817,1
27.33959371166692,84.85620792616675,2,204.82761853602517,0.7782828546505209,0.11246744432168665,0.7457664637488514,1
6.434524277008285,607.9895785449772,1,159.85250321757982,0.2344873406962193,0.12020999287240004,0.09680680522918028,1
38.52078380619703,1024.7582127832402,2,33.65617233545378,0.22866544695203517,0.2843131505199772,0.1568010542653837,1
10.03671451014083,619.4585795788505,3,134.73130979079454,0.450314228843366,0.6930661690601598,0.8874159083287985,1
14.979904144331694,1268.0901735841912,1,277.41818746596584,0.71620987305853,0.4060687921906946,0.47339118690931425,1
5.380174280939016,901.5622069689703,1,65.42382472157547,0.8506827162709483,0.2835800945285734,0.06299613762932565,1
8.59205799341366,620.5022077910486,1,232.7455862082948,0.8881220848205983,0.5541665785151145,0.8649954676311531,1
17.975474198746287,1460.0478496117557,3,201.72653724014197,0.3108974442094799,0.26811632653878614,0.05903952239754129,0
16.26875859838712,984.3828103408382,1,49.49247661494225,0.7727043050376976,0.678665730058285,0.1366759051903751,1
18.45932269025352,1079.8704343095717,2,47.03228545186596,0.4386025090211654,0.5886928699794112,0.8066606778362081,0
36.59799783207024,77.24952851196733,1,238.29582433962497,0.5848122695714004,0.8381829366822854,0.06585437938978744,1
35.748229517336924,1553.3204947830056,2,253.71874448655797,0.435850514860055,0.6269452623103804,0.3377357737510477,1
31.916683570548216,1478.6682735626523,1,109.0535600141226,0.8818463290984231,0.7048360259217742,0.5644029875798152,1
22.86374093206562,574.3698226360196,1,20.729578468620325,0.8001031235953686,0.2411418386032561,0.37507139632692466,1
36.29405149361382,451.79723006930436,1,62.57340329030449,0.6995698648421693,0.5928007206672421,0.715198548575379,1
38.00032583905162,1347.2384517755365,3,76.42309687473339,0.4355039318173613,0.7339423370639688,0.38561164480472065,1
31.271334442021203,492.7421689188589,1,49.60460643508434,0.8690991560296318,0.47627056404683643,0.5480878902312042,1
8.072137329703562,1524.950829649577,1,71.07284711450812,0.5079106220736562,0.5602648219618229,0.4413117959635099,1
13.977918023270465,1409.204078348951,2,230.19268225682572,0.8137455212209952,0.7080263979829703,0.3033685239246622,1
18.15617327419434,1514.0668163076678,3,743.7805062766006,0.4789529901843258,0.5222741821861143,0.5461659844762682,1
31.318629835476592,1332.1050209320751,2,2.314147777715654,0.6572452306564064,0.6712288653076568,0.8576531735512423,1
23.955071919401387,260.41700366956786,1,252.4114278701841,0.16038681588913198,0.173811926978295,0.07126169249526215,1
27.469357329350352,213.2977571443838,2,192.29510142815406,0.6268964232700645,0.5455727147001611,0.8652672089435863,1
8.227632636959761,956.251925600081,1,271.55482782772816,0.8125625068990271,0.7053044508420757,0.07864455703545858,1
21.547893198158143,470.5398052186721,3,58.96670055444339,0.7516097196264416,0.23750883889258712,0.9546772682796426,1
18.466744455612748,1166.2960819500536,3,221.87071590004385,0.2108345288809916,0.6837275726241007,0.3894845995113507,0
12.450012658209818,161.66733744971603,2,303.78641426105656,0.6596750542236377,0.45648251443522914,0.85857120870237,1
39.90138334464846,328.976545553363,3,34.123741040729726,0.6566671853513801,0.37622241672595225,0.8776003376497798,1
26.398100796587656,1112.2037796881484,1,114.2832244795171,0.3620104035985722,0.7647054424125995,0.3041909736562448,1
24.609547041783678,1175.4087366083643,1,18.971907365299106,0.7394796060109866,0.18028090302560829,0.3340845986967338,1
26.745879372927,1003.4767908417699,2,20.05428505240787,0.7653260171337617,0.4933015420345157,0.1672565957675941,1
18.879149895505765,58.59895207443783,1,139.80676470195198,0.7466959943816224,0.43279655466396894,0.24426487775450512,1
34.64521482340808,1488.951997620431,3,185.11082800584435,0.2407350610568413,0.5467983802707629,0.3590513075797308,1
29.66301518519406,478.1410792012737,2,119.4551977453754,0.5360881711883859,0.8519877557996258,0.40077691580304065,1
46.18070702765652,77.76335920340982,3,78.65720413375217,0.6594774499408016,0.512579371788065,0.5372891327367565,1
33.34072270448187,1406.6798527859107,1,489.68735233784065,0.3408334238277633,0.2322348641478346,0.3158463916397446,1
24.845525193856112,1043.8474623130342,1,61.851241917240486,0.5009931169315893,0.19708062735574458,0.6183578872005775,1
38.87890702770227,175.0628120361389,2,24.684859787583296,0.2756304297329525,0.646518124175137,0.06250328544982309,1
19.156502685891127,349.824844855055,2,0.10259382641008298,0.5109531503387442,0.43218044678272194,0.22940537373551073,1
29.377313758294992,1345.471466234273,3,171.24855064274524,0.5544675780025564,0.16458796370318352,0.6736500497109286,1
37.760334985661295,1527.3480823494772,2,100.28902425937422,0.8796242882342722,0.4683509272643668,0.6387543415312797,1
29.165259961973785,522.5441069735884,2,7.241842857817037,0.37683753671460457,0.435838289878959,0.20725634219410838,0
35.16146015423821,737.2213498538893,2,349.20143442969686,0.7053231040166917,0.33009334637685706,0.6454328972537805,1
34.622177307140156,440.3083413903753,1,98.75758765655293,0.7522944391229058,0.10323993173866733,0.18875641211017014,1
25.02817103628444,1156.5008384658572,2,97.82516023797085,0.594455896165498,0.8302277362861908,0.4155753912604929,0
19.850848495506465,1488.3639560972194,1,105.40141196914993,0.6365903203957187,0.5698123623931781,0.24746530787885845,1
39.87065712650766,179.56282237025246,2,157.46082340535045,0.49011739989362596,0.3108672860832946,0.5949736330220445,1
14.55844843370274,1310.0592149011966,1,72.64785372756737,0.5239724690690528,0.6663513855837938,0.1094393998126334,1
22.45858959209245,710.4118731391735,1,108.30518586694555,0.3396777751810374,0.13868195195773705,0.9143461087659894,1
46.1708865854972,117.27957444664466,1,177.48317632903516,0.11467877800500921,0.3629636353310758,0.2614735948134508,1
32.4655844035762,466.4798705855342,2,57.58921680256274,0.5958274077878405,0.20984179814619264,0.044351089616212924,1
30.695266182104817,1376.4979606687943,2,100.71749862554555,0.8956039904509895,0.35730504982706013,0.6509690716428568,1
29.36011264104784,864.0688703852219,2,53.119270433341285,0.8138021345366638,0.15218464766482134,0.09663289832250177,1
16.013059283919745,108.70533427629326,1,67.03999241471988,0.7378429924504851,0.4040839548917615,0.61281410341974,1
39.57275089418647,287.5862568578383,2,443.3398738360626,0.5661402275299349,0.44170088805912655,0.8310783469983343,1
25.21482027409329,926.1919517912708,1,37.53919165011891,0.2772002904865699,0.8312449503429947,0.575026153616851,1
33.50621279665086,1120.9457129138298,2,11.82808026935588,0.6417653183847883,0.2381505443553441,0.4847412442234412,1
20.992913692441412,1064.3566755352272,1,164.72952904601337,0.49548617832771735,0.2422962567173019,0.19101141242748543,1
30.131425408723405,837.4605313870329,2,86.71042547570437,0.2307462613047682,0.38838993602155625,0.909494085582918,1
16.572581762755103,1269.7219118993437,3,73.60441718812805,0.545739397606838,0.8280316945183906,0.7111632573200566,1
14.813098113101429,1540.7840171832597,1,221.87551934121458,0.6043775685841818,0.28515110162730695,0.09751214943693054,1
29.507416669701026,901.7813408886376,1,216.40126664554245,0.5356725785699493,0.8498535341783654,0.3258803808787162,1
22.437486174176986,473.8912675407202,2,120.53978959063497,0.6712882886076643,0.5388718580114306,0.5833136768284903,1
33.55670994790912,1146.970593364288,1,160.2326448567753,0.3371126078175608,0.12595129869949162,0.5571378114559848,1
26.33978005604206,731.0575035747411,3,13.238701932324426,0.5656554210551963,0.447291940807653,0.19052024820102464,1
27.98072807575137,1313.8328541106584,2,7.627720798930432,0.24824703541214913,0.5842826739177547,0.9557565089419938,1
27.52710437537514,271.931156974362,1,2.96808813573329,0.28762508335541076,0.1403296113569173,0.11229775081654125,1
28.130372493163787,132.11785470493987,1,97.51881350260534,0.5322716338262046,0.48947515503996664,0.59693865006573,1
32.71868022725745,1249.9060628390012,1,119.74177005758906,0.11891531642235535,0.15901671294877656,0.4664481635415013,1
24.781857149010296,859.0687410815771,3,154.5888265113956,0.7075430773333681,0.6966350737968423,0.17324521908995238,1
19.34287525517722,1232.6017292045883,1,13.046847089720067,0.500883443104947,0.3026996071969217,0.7635268022543944,1
34.390551861388374,122.76222204896095,1,63.514801590160914,0.28552778683585855,0.651944955027804,0.44184599994525287,1
27.45967383266397,771.1000531926892,2,7.601135676684753,0.22775244949569626,0.833362210732678,0.554191302649493,1
23.2591906708384,228.49400012648508,2,78.43942960126489,0.4525493198603984,0.249209965130133,0.3724334339927978,1
7.561511280329412,1380.5038492243752,3,70.3994109111215,0.6483081069699269,0.42469258808836086,0.5421639986972339,1
20.54612506762575,1418.2309125519603,1,20.86615671756787,0.11756756997008845,0.7513912741916856,0.45880158512796965,1
30.032388936506802,1501.421529956811,1,88.48888335284919,0.5850462365002792,0.30236253245872824,0.05701293177290945,1
4.334778890836564,588.8793229406101,2,49.686259452369924,0.38473757213969184,0.1449344040780651,0.5979776212226445,1
19.997010033737773,658.069492563641,2,45.53620777862667,0.2891128963938496,0.39750889681350987,0.8327309353828035,0
38.44567397675799,1497.3731072849396,2,11.255900787523716,0.9377086977094948,0.11046993570108539,0.7032996607821475,1
19.26799537390532,418.114719182718,2,70.13300750884135,0.5600601284642197,0.3876729038985117,0.3409685052721608,1
27.451533373274042,517.5990709237531,2,274.85723351011643,0.7339289263791705,0.5752736217231454,0.662220074786194,1
36.613968066251125,897.2445619194699,2,74.19741054466738,0.4243978759366519,0.20456373217882265,0.5867003040446194,1
22.282113799183954,814.237369548124,1,24.28152479686868,0.5257501705355865,0.1157578791417957,0.4353443647844273,1
30.432689413179595,324.88413709757776,1,152.26941296113537,0.5380830739316295,0.25916141470440257,0.41614825843000836,1
27.362953782779623,1478.8799312800331,1,560.35171306335,0.34989325636807184,0.3896340139947395,0.14044121059543013,1
20.973532582900262,596.3783007961321,2,103.09115980382221,0.7296553793870753,0.46893560723162164,0.06307879721410137,1
20.212766002507227,1516.8528940140181,2,279.4485913333098,0.5725956980537763,0.1817123336531485,0.5031110372114228,1
27.502392661739332,1310.4562887863167,1,80.2337239270845,0.3493009905090997,0.4728966281461532,0.4677161117598809,1
17.68816913106721,1002.5308242235828,1,63.03127059133256,0.8879390346286129,0.594496567109703,0.9827456374219672,1
16.631864775077464,762.7884737902166,2,12.802258116337075,0.9513739962844625,0.807514208840646,0.5138659076668595,1
30.736481713061174,1589.4293773364673,1,11.18567995924441,0.5276131145734192,0.30313105402445695,0.043656923730922115,1
21.812900460952513,743.498348903411,3,1.719377831735125,0.5879661279969475,0.34639933288262204,0.19707517983484357,1
27.288076817749054,703.0712313880927,1,299.9662952962779,0.13761973188228319,0.4804641075379753,0.8582043085943432,1
22.05571251268266,1356.892674388068,1,56.93444737444793,0.2421478917846105,0.3378549525319461,0.5528674030085856,1
25.184689994081108,1564.9523853467706,1,197.76914505555652,0.34222466028764675,0.8755642185028747,0.15493732024561724,1
34.01466412024482,1001.2847277803958,3,11.861027312759713,0.2509732906698551,0.5126349088810941,0.6734419268336242,0
17.651928034680225,147.30255485728497,2,98.29305281702199,0.5587833576805971,0.12931930422932414,0.20510366796403223,1
30.406702691518976,1542.0590475550603,1,212.26249308926492,0.5737562244060918,0.5440841800340278,0.7903123972002621,1
16.91761095636388,445.3442151049293,2,129.10897955666744,0.49071690130160306,0.8454318886952082,0.9279725260707218,0
31.090803103323797,334.200512362171,1,242.19365236997336,0.535100937694348,0.8199556564052195,0.4897224517359279,1
45.49561577044993,97.31299190557196,1,357.4658682435524,0.048179304848586735,0.4501688176577695,0.4056279554071588,1
7.435095484312271,1422.0296445590484,2,318.47883394669776,0.6913935913181457,0.19156251614297093,0.3205847261293524,1
28.701523821514403,64.07094552275817,1,68.29733268254124,0.7662382854200515,0.6690735142112766,0.9010433205528017,1
30.81627278248813,838.6320204271849,1,100.10401639156564,0.4615794593747819,0.49561799944409735,0.032142499965367555,1
16.312260436681957,520.2667200011114,3,46.86760175414278,0.3146315327436478,0.3198699273479695,0.5238692909190249,0
25.152022101378552,773.0390269738942,1,279.64239583561255,0.7849305779467606,0.17162751408320737,0.9169260225567744,1
21.196004621714824,589.9076067668029,2,480.5231545325342,0.6352246222264887,0.31832170138123833,0.422169279283681,1
35.13016906341315,830.9983430678011,1,120.81914722264243,0.6614321267556897,0.8948752250428095,0.10938472067639982,1
16.935795733498736,830.7250955511134,1,155.07295685977468,0.9299094484025787,0.5466540806992078,0.46802823306902086,1
37.60553955805797,1588.9546073128995,2,109.50287167449744,0.29248634254470096,0.28421939612747793,0.20548742320603308,1
44.74747987644745,1209.725760888401,1,103.23930446525624,0.47725352707816976,0.8104511135723883,0.9378873328589176,1
39.13286208699,157.9889957742446,2,89.33791814471859,0.6474434904172599,0.5595486660833455,0.028651362646580636,1
14.31307848044395,287.84291095616146,2,190.05940420283883,0.529519914510338,0.28650838496825437,0.7787255597531871,1
34.13628301994464,1118.8335126460117,2,39.27344882573807,0.439726141054054,0.766067190622241,0.3633011482508681,1
10.657329180655466,1224.8045794112188,2,171.30036232357233,0.4617171382436765,0.515839316895654,0.6521307712298252,1
3.956454368419589,654.548114061028,2,219.4337331373154,0.4377241288472188,0.6404502449909406,0.07923436928244842,1
25.888510665353344,557.981460614589,2,254.75356970399508,0.18091567865937275,0.7004543011493833,0.1282700218292372,1
20.785187316519682,331.4542412176901,3,31.818574500936684,0.969534810623313,0.5721508494808393,0.887265231223031,1
28.430617406079932,1487.5218437088122,2,392.1216165772405,0.2901655797288653,0.7563367969033581,0.19044426942830384,1
34.19168353881951,1271.8232866605133,2,44.85660561621658,0.3974960938387716,0.8510473947951347,0.6009217030262037,1
17.018940306244176,306.9898719018948,2,75.26618227207882,0.5915503997969183,0.36982953787252515,0.40153765981193446,1
20.00495390778204,1392.4729601472397,1,7.886081800479091,0.5664369236202836,0.4871432960504356,0.7002295764639067,1
36.46576206294675,87.9883684875632,1,0.6067315583242225,0.8519241670222337,0.2158818564340974,0.28223897734001513,1
19.098273493908362,1514.1748817145365,1,15.638105134348546,0.10367173757262543,0.16253160328623528,0.3119258170840069,1
28.52733775468101,1422.829846933154,1,79.53180260062773,0.7062294782965612,0.2676428956639496,0.2120274033440288,1
23.2399768946494,1301.3712027172273,1,153.89434520265462,0.2631785659938501,0.7996232621900403,0.6345723459757232,1
20.220469160611476,1068.1912778603978,3,191.258144631395,0.02900230941428906,0.6569589191364867,0.24150346920243504,1
11.97683081807719,154.052469713338,2,100.93131814808388,0.4949972705966544,0.6885936333051074,0.014321359904142072,1
34.40985578008354,870.1598225145532,1,1.7136052357803568,0.5528946914786429,0.2819101748949862,0.04373985372244504,1
39.256215071680174,1072.1501092159406,1,141.07136815443562,0.7332794638229533,0.5280987193208694,0.6881150034816877,1
24.584239866390014,664.7594693126384,1,9.640403651682234,0.8051444450439333,0.8917271888529085,0.7522734663795975,1
31.817370876031013,1579.5666478881196,2,126.34280061770342,0.7588414584519391,0.6564784473919529,0.2780057458512156,1
15.471682826565935,1236.0251353141734,1,136.53830451837513,0.26103232242250296,0.2739338952397159,0.4986222900798132,1
23.540914778263886,553.0135202325462,1,23.62286552853679,0.30886741264443895,0.31489909401682115,0.6234645892332742,1
40.4379641189264,368.09345249832785,2,84.56181867039197,0.203536683348823,0.45498151776678664,0.7809944890586306,1
35.37385366102738,890.2162259831188,2,32.89015735315558,0.3132258558443102,0.2056872087721744,0.7518907804744448,1
23.189295674222215,1535.46959097142,3,12.554814320107203,0.5132837569154599,0.48577157857563724,0.7696312943600585,1
2.3241189020491904,955.2949419187833,1,48.101184610512824,0.5297672519881769,0.5496656884197803,0.9733957891512579,1
28.97761244927902,877.3655760823198,2,122.59849259078256,0.8569645505443061,0.6604851307122479,0.39599157783902394,1
23.906705068064937,100.98299884231706,2,74.48174242918272,0.7035097236721848,0.6719233230531436,0.3244489084548532,1
34.80146788736852,806.9084438770985,2,28.863917762388752,0.8707204042660989,0.6175017878831385,0.7918780053850288,1
33.24143273355079,302.93019784115415,2,26.856896323446907,0.48759184483177254,0.5692492812579831,0.8870225403797151,1
24.648921579325936,1344.8627662137899,3,467.68154926531116,0.873618423864759,0.188539751582048,0.07168003747517249,1
25.90900536595417,962.0302552240091,3,637.307106160087,0.6579371143326121,0.6921788657843283,0.40689410709028806,1
24.949470198776503,180.3779155406821,2,8.714234805830692,0.3388050201398047,0.5353172105190288,0.7616770487469674,1
27.196916715052428,994.4990161433466,1,143.25699237070071,0.5180888598555006,0.4105852504904509,0.4979192275029102,1
39.48857712827909,1393.554629040439,2,31.797139831109266,0.8316852444092949,0.311147626321711,0.7597154458597866,1
33.057946799550294,241.8326254496487,1,68.12165693979765,0.569235311549909,0.3995463299140253,0.6339558726762005,1
9.628099358472635,1263.1905180695987,1,23.589289561506202,0.16668860912699182,0.21077556446126744,0.08982307031885073,1
23.116397239971914,1564.6540990117905,1,114.9160969722137,0.8216631635330574,0.6599086165878997,0.6999619853427634,1
4.434804001559416,1568.255417687741,1,55.29352073403216,0.373961634557651,0.35892545357191286,0.8653022546060637,0
8.034770177206257,1229.2164661327627,2,90.6409291793895,0.08780990567763264,0.45867642270350306,0.04900125025790625,1
16.93533903800831,1455.7166709340438,1,207.72526329743698,0.7874531451115102,0.8096238128923169,0.27842520414102845,1
32.27234065799185,349.76510838979414,2,88.4029746133757,0.8265400294330568,0.4562622320864781,0.60639239545849,1
23.94328948344758,1092.2009818921044,2,225.88689909834423,0.5882237871795764,0.13868543763550856,0.479827649591019,1
8.172605431587908,711.6062415193975,1,26.426009565741563,0.2490440887522746,0.7443877255910262,0.20876225642835633,1
22.39685552223503,71.56171121875829,2,175.6570804090164,0.6611661361525045,0.3097558327778838,0.2135203524885656,1
37.1762415798512,949.7113819376991,3,27.118212401466725,0.4305873094517287,0.7953293084845092,0.3525155972580042,1
32.961065083619275,168.01820427788329,1,156.10520524382642,0.11056039533991001,0.6695427332071421,0.5733777772369207,1
4.803830005879372,358.85765003082287,1,185.10537317244632,0.24873343630018074,0.5565125940408037,0.411992984535978,1
19.72746006013939,138.57643175064422,3,76.35006463967703,0.2035727553163435,0.4322467369146471,0.16141132676514658,1
24.35497239667048,1459.5735950151873,1,52.00973173844558,0.2681161711165283,0.12498915504149687,0.32662603840074356,1
23.463775750506997,1000.1445048598488,1,106.76041473129804,0.22446504939914133,0.4746100366055275,0.7988312679532775,1
22.942551476142636,1003.0580765158999,2,165.42695049887948,0.582859685775164,0.6054992792597468,0.2926681065332125,1
36.05786046897389,1058.064915066089,3,35.38254397353371,0.6719868798709293,0.4122404937782921,0.4910367937590362,1
18.278468515683354,76.67310253544098,2,166.41646563753943,0.2975834046206224,0.7367108622120193,0.10983125655097559,1
32.053184606075945,830.4194666733031,2,66.62159573990785,0.5697218627717923,0.5231746106176394,0.0546621017247767,1
19.755714684326236,1377.497247263332,1,118.90341639850034,0.7364158498736182,0.8049634807843226,0.4274733307674944,1
24.380688534038885,1106.6557492898855,1,100.9822635386804,0.5423172039944749,0.5074129157225475,0.925385034643823,1
35.50310764878002,150.69712407673325,2,19.231798125135857,0.06340099189062703,0.7762668598572696,0.42718551239620217,0
38.267141814935165,772.7600340068017,1,9.078626321571,0.6093790350493784,0.5661102581769848,0.6774559356047896,1
8.426344606885966,576.0219872224297,2,138.83163304833388,0.2422319572542956,0.7350169392257647,0.3583545378375619,0
21.64350101072324,757.7932592723298,2,353.1921544017762,0.3394106739682877,0.3348175013042652,0.35600112354377544,1
34.25418839730172,1190.722610059446,3,13.499187191451657,0.053280785138665465,0.6968121145866281,0.7588323848892341,0
27.02100066191651,1333.0270781265965,1,142.34660908060982,0.4744287924433883,0.16270534448706925,0.3956548402519062,1
24.02986492620431,1192.1881904668016,2,219.7917082383355,0.3076289143945061,0.7818248898663273,0.27154212405486156,1
31.26734590164642,893.392977506339,1,44.98728579411899,0.21756589578045307,0.5340757047851374,0.33173980692719274,1
22.81413347225024,727.8964297099974,3,77.46133248539788,0.34823596462753453,0.18455489554067858,0.33432116477313134,1
22.984685409233524,648.2379581475537,3,45.24606337371739,0.421150819961738,0.620156817080128,0.07322215257775544,0
24.788164279551864,596.7368214760751,2,147.4494418255784,0.7176398081851968,0.106565532519725,0.09267558069162873,1
19.97406924317815,1200.9099186524033,2,133.93614738189902,0.7608742494881571,0.7776555208721184,0.49499945153846403,1
26.483351469559626,507.4807378530269,2,53.17158946535712,0.5047020810213239,0.8600608216616243,0.36568435267827615,0
9.982175085192194,658.6519119128302,1,483.4854571356842,0.5868833820547484,0.7910854353179347,0.08098808780657984,1
9.69379158447214,932.044555546574,2,206.033449000682,0.6780954209642233,0.8827511338641028,0.4764591626296718,1
11.78470247744918,998.3322475032612,3,5.697462882611682,0.4301065339521792,0.5414464349500149,0.9187091544261607,1
38.28195471086207,1247.2552123507012,2,158.50903396761103,0.03790925434977622,0.8422306697298043,0.6071664709036249,1
38.979473300844624,1487.6454301580336,1,13.140628419439784,0.3835004476630908,0.2716236401446855,0.1895055347750848,1
33.69726505722474,657.2743058512978,2,34.54698894089823,0.5654083531161347,0.17425599269344705,0.38194602143429535,1
18.453515493605558,1132.8509569704754,2,175.64407142213412,0.2804526015974221,0.35659213519555055,0.24551396612184306,1
29.425059648370418,500.6019776088946,2,64.03946981559183,0.29866710163703947,0.1640214156672144,0.4124784774943825,1
33.747388789532806,727.2619765135021,2,54.36343771165939,0.3967073690474582,0.14714667192871442,0.2998303063017096,1
24.503091960045964,931.8978648293621,1,417.08719562459373,0.641499417295273,0.44966900812699784,0.1531663190780973,1
33.63295967901835,127.89577706812774,1,62.34713503689251,0.10913213754096636,0.8804108238241144,0.641219648720446,1
18.683098975829147,771.2315542492595,1,35.5066758757942,0.2926405221330273,0.8463876191570997,0.8269397240463787,1
35.9901654094557,356.94899915463554,2,206.97903474305855,0.8214249034823312,0.7080701860027742,0.3279531132830469,1
10.728482411802746,161.49148840637167,2,80.15043615449203,0.7245713530094029,0.8337252771755684,0.5257843775415226,1
19.890071220329695,1176.6935992483695,2,130.39210706331073,0.33994187644102425,0.5555512008965126,0.9159502763014075,1
33.441605246591855,182.49553465955094,2,17.397323781119496,0.8158302579399701,0.3858609641855718,0.9735237872948858,1
36.56479822703978,1583.0582137207437,2,48.13207041120005,0.5860335101024918,0.5683519680808503,0.2837076584763871,1
26.745333155179228,1349.0251844232307,2,102.84921540442892,0.534824379575051,0.13699575969108402,0.3387058882323356,1
7.373878375071782,1565.9735150261927,1,468.8427128183006,0.3958440908429633,0.7954069670234735,0.563385637334385,1
16.839666059769005,426.6345642089297,2,54.96282799692904,0.6629183318836712,0.4823822988533051,0.6623627417777517,1
7.413401928740416,1238.0920649502718,2,76.209764955988,0.7004620868909472,0.4362647106141241,0.8010804708923226,1
1.7863677075151059,1124.0436783866912,2,23.59657103520738,0.31626281608742896,0.1190993725040638,0.4710524547651407,1
37.282343312345034,622.482093826523,2,98.3748312963039,0.7771498969343016,0.8594400857299084,0.2343348780269121,1
25.477185089614128,1139.5290508951782,1,15.761678270702745,0.7047380096044065,0.6074910495839825,0.7195605552638308,1
29.608023373950523,1430.9136205930445,1,167.5600403469264,0.34072448760769464,0.3129957464801276,0.0860039334547178,1
31.03105133716721,1146.5833829748644,2,155.50277262612553,0.39519475000829896,0.6007234826239382,0.47011669548928336,1
32.02180275953165,1267.995013970034,1,142.65938897086855,0.9067516735016641,0.7010178380454837,0.14778519669744394,1
30.34271692335101,601.2336854078391,1,241.8161062971182,0.12506615311741248,0.21289270608454328,0.31980218763327684,1
27.527769045134416,1374.9293699179277,2,223.27707155174375,0.4579193178348256,0.655087738172065,0.5601437196511156,1
9.451326056546652,1570.077991527191,1,235.4227065955093,0.3180379593147609,0.880334576109142,0.12535739147504577,1
22.36490335220416,698.5037864399854,1,223.84809912898518,0.7537716765893105,0.693400380462493,0.7766517733628665,1
13.085775527616919,1415.3395713580312,1,98.67954429365376,0.5975965969551021,0.4957590645570721,0.5839816959032044,1
36.46942858207636,900.7563495361118,2,16.08726960338818,0.6788306345745818,0.8248949771818855,0.17352151560188922,1
19.88355872135033,772.9339632325878,2,395.1008628006284,0.6874592895369592,0.8563920924731673,0.8584438863877303,1
36.815323920761344,983.9161732887576,1,14.315366036722857,0.8102480148192466,0.7489006737267979,0.314417049162932,1
22.341639584854,689.4787887021082,2,124.3344367389166,0.2534047278781913,0.4563487866893835,0.8299664696581441,1
36.29021385330072,1019.424254510798,1,74.54122522206225,0.315248886202212,0.8062082550938178,0.02710414001999173,1
45.21576644623177,225.58120734964277,1,3.8948666211609737,0.24085827304994625,0.8349433744399818,0.10101635125710928,1
26.44816544235491,292.0626934277427,1,701.4527887153181,0.8179510774545464,0.23985318037556685,0.16062052538566285,1
25.046658382920885,1137.4635620718918,2,165.64200701700872,0.26480572317688583,0.23509980033173605,0.9670260089915936,1
21.563403012652742,1006.6868960618718,2,365.6869982945281,0.22109403438097625,0.5223090184567604,0.36627542942069247,1
24.718931865935573,289.8127946260721,2,112.30261111275705,0.516257997736099,0.41289868822420217,0.7833780849641793,1
34.4119481345881,131.37319732723137,1,205.81492474544234,0.40033624284817987,0.5442606970081905,0.7203707422960494,1
32.0106229382857,995.396368858286,2,236.52698925157637,0.1272274450425406,0.532513332865517,0.3309513803210544,1
30.1305102097829,291.03962996813226,1,71.5734001447534,0.7608794042057331,0.3221315597305721,0.9335247959244499,1
27.205647597109355,771.7874269349983,2,9.76489648780552,0.9331650168146141,0.6281264749993574,0.976762716643937,1
18.231292304852282,404.53929180736213,1,280.04466802036166,0.5037405447785983,0.33616617975335816,0.4759533939465699,1
9.926757613917543,607.4321371427244,2,460.03428833080056,0.3107023463432773,0.6859019619519631,0.8316857796462825,1
13.114241375914244,290.379632149449,1,11.578644598436448,0.37625301859328414,0.664545100770735,0.7612806931759634,1
26.90742389660762,931.6776810282885,1,16.71479308862984,0.103341681597826,0.5487633682044596,0.1331077001346299,1
31.30225839101246,1272.4856667974093,2,236.22211766686488,0.3865572359586984,0.18180969254343726,0.991569094210999,1
21.163851727797525,761.3365989477907,2,62.28086555284572,0.7784336460529702,0.1852312396576304,0.6054819088006539,1
15.820074584887736,963.3358897394268,1,74.52617492495408,0.34250109613321394,0.3733486624693241,0.5685529879142914,1
4.656911933082381,1399.251859707949,1,110.1979517962127,0.6073379949144466,0.1756330883613969,0.48670348218781334,1
12.868856159893568,551.0232760139825,1,13.701775327353005,0.6973122211942467,0.4429784668338471,0.8053423324250935,1
31.911165140130905,1031.2691769495623,1,40.679696133766974,0.4383294795723852,0.5201013873000434,0.84928185790559,1
21.310309907931863,1568.6007321274183,1,25.846234802708167,0.2977003673944035,0.4385486031862662,0.9753935304383073,1
0.614688002058558,411.7001432901804,1,41.78744529863114,0.8582601113503728,0.7446211664547197,0.8624725723254808,1
37.2008058990375,626.0997275842167,2,109.37851045656232,0.45138613748105644,0.3494527455856946,0.8727857140225732,1
27.249965380191636,602.02227192995,1,4.472410698168536,0.6612582390242561,0.3544817930332075,0.749116945025608,1
7.542557299045442,151.6861784807228,2,40.94234014295,0.1750638984722831,0.5129591459059503,0.24946827094026236,0
34.24103835556548,999.0263225615515,3,64.72125195963795,0.4115915231859148,0.7656774768542741,0.21060169377470017,1
23.82092089328938,955.3698854251257,3,135.81661962560727,0.13302458578678172,0.44604818428659165,0.39481089655647206,0
7.75080801177502,572.7508048779439,3,45.974522257353435,0.8860534742117242,0.5878081103155719,0.675243706859976,1
40.74379506991275,766.416381872169,1,385.1700155802639,0.16641205621508595,0.14871638294274697,0.5201098348818656,1
15.923150948384745,1492.4778081571858,2,0.5477360446351627,0.5916654182543865,0.5473015210876138,0.982800781377872,1
0.6348367641235115,933.1019421669512,1,365.24421365143377,0.2819286610163074,0.3938477722952718,0.08632197032160105,1
20.283654484944787,1154.5108935931396,2,10.647141036926767,0.07761749939003125,0.8271101044467932,0.26214638895939035,0
32.15015760005504,413.53825496420717,1,3.034477604827962,0.7689636474201513,0.5014959052842162,0.628556434874273,1
31.020188136007892,756.6338813679072,1,29.77304293130317,0.7453383093484317,0.29515087173011034,0.07660088307085844,1
36.122331957792305,1589.4688786834643,1,110.04590371012581,0.2737599467230697,0.6383868865543112,0.8781016445791432,1
41.24801247580528,1579.2594293315926,1,64.94951716704537,0.8599609957315016,0.5377787347835795,0.40878135959540884,1
25.033793763487125,1134.2526129482028,1,128.62468725882903,0.27470703030550203,0.6119584069340441,0.16457416327199137,1
23.901480212200873,1523.2433369708062,2,90.65100839171359,0.35407032425499185,0.7140890761693404,0.48706610440163933,1
20.564094995581662,962.512531617942,2,83.2212394926001,0.5339040334776408,0.8583389473070324,0.3105058046586525,0
31.21678690171498,478.3503620259497,1,83.69298284104397,0.3602906756541061,0.338215051105372,0.593908430286726,1
32.38188818992348,500.6531884159244,1,183.12205063307397,0.12531880191534844,0.8997869659328146,0.3854518399264528,1
25.915163048700894,224.7262401438123,1,85.63624051479162,0.17984770836455494,0.18349917015215755,0.7052568643019959,1
10.433271450676079,321.8025069668371,2,271.10717573369624,0.3770316313892699,0.2372872381483375,0.7494250699547554,1
38.412453513689556,328.1027234356202,2,81.27552889838499,0.6406721862010163,0.11305662193560427,0.9775547550231266,1
30.790631591604754,1018.9693368588606,1,47.586936009127655,0.42376867010087405,0.4883095541881407,0.29045243079538674,1
38.87322893221779,1583.905525282507,3,344.5404697752969,0.6705637847097781,0.6912060692710504,0.9847625128968742,1
25.846615857039836,1114.9714375268766,1,86.22991713959837,0.2932078921476482,0.7359596485003513,0.3726382270756061,1
45.2861703679893,1524.1636479808783,3,25.836479906573462,0.13132120439171008,0.35895116136645444,0.30612531190329206,1
35.36670042999504,525.9853984587992,1,8.924288831681496,0.4427366142987821,0.8081530527177583,0.5540838330321433,1
27.907002440643982,1206.1275923912985,2,246.43663194114762,0.6522748647231351,0.2607646776407524,0.1279353656261879,1
44.11364947843123,969.5062402805497,2,78.7186109445093,0.7022883993800716,0.40362069916100407,0.3931266035216814,1
37.211185845147554,1579.128803738594,2,5.8582787670771825,0.5613923560061064,0.14784322372460545,0.6602845754762382,1
25.14938836814595,753.0132447543602,2,321.1968888080804,0.5670783172754152,0.5492201660867054,0.41395915338429423,1
15.759524625516125,257.6775411275668,2,287.35913946677397,0.5881863918817031,0.2533847999481451,0.5616550771817621,1
39.560282157794774,515.5493302613911,2,71.19029699709904,0.5238701378933915,0.7604835553771444,0.5115714827502972,1
30.63183677033939,355.27825080522393,1,215.56306799146347,0.2201642965085902,0.2697880485810681,0.22030776451994338,1
6.566782219558544,1027.5197075312326,3,191.2832910822052,0.8312584068751219,0.5546102955451361,0.16052007877397467,1
40.56166076254641,1521.3345987236344,2,371.30947949126704,0.49787832698479306,0.7237098166621575,0.977972101905857,1
9.142566537937661,707.3926738940819,1,60.678841242891856,0.7381962257366549,0.7063518081963779,0.4158504148033555,1
30.191728025535188,1218.5763588209377,2,115.0118309466843,0.811096425566774,0.8143078818644759,0.09432867594512917,1
28.68106425438404,65.24245394246942,2,47.530310624330845,0.34706794772511484,0.14462297014428485,0.2362862793725774,1
30.98027254675265,1310.8801056617474,2,89.9313376353075,0.6835636815820261,0.799938279020658,0.5948533533872539,1
38.993836573973745,423.7268093942694,1,43.47713793125264,0.9232090517441313,0.7662573867848109,0.22716068637607956,1
31.765421107144824,1460.3767574168437,1,521.2386897620758,0.8480585487207513,0.8422472911033545,0.22578446224757298,1
26.456775318365136,1439.3498555379945,1,45.91447414967395,0.3954755794049548,0.42795480529686547,0.40454014789524595,1
30.778659992469994,129.6603700180674,2,21.068952607614776,0.29610566735718336,0.8527728611856481,0.27334981638828904,0
39.30107399303243,342.2343621003723,1,192.8706801965568,0.7102161085968113,0.642630760184933,0.2702772129627705,1
42.45069203010327,544.1073939580372,2,141.96166061711824,0.666475502266143,0.8418001570052519,0.5077977771006053,1
40.62745729857937,586.4683069157414,1,9.055392879473658,0.9412616337970963,0.11295974471083686,0.8269774306019577,1
36.29069326637901,1022.2721128975057,1,154.5738585320912,0.4390701578426959,0.47867734826560393,0.04524171116048159,1
4.786706808686863,832.434891470782,2,15.83856265056188,0.237208572876064,0.566032987433421,0.11528568501363445,0
31.33046982359004,1080.4136096988666,2,28.946739053232278,0.6419781641271893,0.28181595501943574,0.5243597605406818,1
14.52673902797869,200.0766718883815,1,9.083783009647643,0.2969572480126868,0.6153676462528168,0.99694815777915,1
30.069514568928042,121.591879355194,1,100.06085277171952,0.45393767650505057,0.7210643598478951,0.6421674622227885,1
45.61482959568746,842.1493650440353,2,5.4894414182085,0.6183877790402479,0.36023804183782737,0.9242660933615799,1
8.975777575302356,607.2398459485958,1,15.817506526855404,0.6774153282362169,0.7629247248306991,0.2690420689025692,1
26.155964687075283,725.0405765983658,1,40.97088882515317,0.48151188474473267,0.22085180611707964,0.11630704392406954,1
39.964227109211194,1459.5367153777938,1,41.63444244791678,0.6970515016557273,0.8519752405759927,0.9564641166901556,1
27.87856149470207,826.0088358802827,1,128.3647602811737,0.3002232873787008,0.48849635776778566,0.174478326462583,1
24.871808477453584,865.3149256939781,2,78.20791704864095,0.9199253079773757,0.460169230757144,0.6677684283627768,1
38.70961288664737,498.34991583728964,2,7.116278678065365,0.7228058032557426,0.2318057205002223,0.22184128445877171,1
23.726861794895267,678.9468394135058,2,35.03312994638202,0.7948773439729415,0.23126487405487214,0.4965507211424619,1
4.502571903402996,387.53590495059115,2,38.8797973940615,0.7759964894404784,0.43354839510322574,0.7204597305572996,1
39.777083820266256,1573.5280674694377,2,71.79089030384483,0.26657043921849255,0.13227934948220677,0.937407549934233,1
30.2766719444414,1272.9527709961712,2,386.92789943252023,0.5576486233855332,0.5157767041801838,0.13324572071136542,1
23.558579099841218,406.76989793138625,2,91.19164804203648,0.5373097711498837,0.6868024434056618,0.47965256677813994,1
17.729803170177643,288.3944017795411,1,195.0445473077431,0.4248734282904999,0.8942334437112747,0.8529122588592939,1
29.63489210196745,641.6065618758106,2,254.2317292580123,0.34770655745488394,0.46358864841113445,0.3701424869459493,1
19.367364381942906,520.9350676044285,1,82.05360568903488,0.19352480924789447,0.5256657129234487,0.5007096330991837,1
23.234617779360267,1561.9727104382002,3,173.57873651554334,0.37456098797274817,0.7611969435147241,0.8613930629567985,1
11.506519649940788,346.647493954703,1,142.6657268000298,0.6035179720929108,0.664802165324678,0.23744260149700003,1
7.040562037926293,273.42964955923014,2,27.543275189535233,0.19251545936110698,0.4963632048406349,0.8178525837995142,0
6.622114462842241,966.9375205440618,2,125.13186846159017,0.37458764286178764,0.7967334652711957,0.425849047833903,0
36.48339506459353,795.6199544842851,2,30.082339050167977,0.19838363371836978,0.42363063826195013,0.7505424084925207,1
29.19574380493843,1170.8585863076387,1,127.38322048375132,0.1100785485910581,0.13358708508992773,0.6084518983809803,1
25.123620734983973,1578.0561872208825,1,128.59462810718284,0.32932819911385247,0.41856832919315834,0.25247311748521617,1
25.330233155338767,1434.80986674864,2,80.8103771752422,0.5432150387450828,0.18134688360786885,0.47114594788665975,1
25.26584987827788,1596.2241279485029,2,23.685929360513505,0.5962848581944696,0.6549991864571758,0.07648530613429139,1
21.736438225191414,1060.507034361296,2,157.72124750175192,0.10257230245761771,0.323682258119572,0.838298593102513,0
13.622656521026618,851.3129421799989,2,163.1317570623172,0.6614400975496239,0.3052242967657571,0.7323489977637428,1
15.126668208308795,63.2462086913593,1,43.31273053788467,0.15161042059389582,0.5869780172025263,0.9620591532549115,1
26.179688022570176,123.52282146004715,2,43.50839756956284,0.6553314869807806,0.8308127519087232,0.9687361406745986,1
24.8835124607585,791.4774030774919,1,9.214591181764776,0.8552693626024763,0.16109811426260442,0.7670025464722112,1
40.74240042450627,455.83288384418654,2,24.190012249775158,0.3368644402399071,0.8240143005283548,0.8256512208596196,1
36.215182962608566,1057.142810999343,2,102.37020990370549,0.5403793090613697,0.27247028252688477,0.5175515977009325,1
44.623888713777,1514.275673671198,2,464.0467126499055,0.20194327891341737,0.45597175228427556,0.4688198154218899,1
27.97219086837395,288.9857703113131,1,91.13935383502452,0.44250109842691404,0.8925852053847425,0.8570560425094487,1
17.60126794931562,564.5717821949823,1,117.61751125888178,0.6313684087595511,0.4456377542998884,0.1911834700087618,1
19.80687543220947,1287.852980372677,3,26.781109574721008,0.1779017132069525,0.31159714548182726,0.5900393699378321,1
40.96669749481079,1381.215743343764,2,98.26649421155739,0.8390510386478468,0.5745770196010422,0.6820005625988342,1
26.23851809287266,995.6247606026927,1,47.47883433016449,0.7967459492108983,0.24896238558340694,0.1006080823467691,1
17.793974884568296,1121.2277259474938,2,77.62973686623205,0.4697256742543311,0.11061357628719914,0.7187859451579008,1
20.040485702657744,1549.4908467569096,2,52.82538485662034,0.7775433216514579,0.7060453178390541,0.46787011585957616,0
21.778181672413435,724.5393087667131,1,311.4667368790909,0.2802958751474086,0.5135494997413522,0.03744639225267399,1
10.281332309897355,1040.0960145483339,3,139.47427673952043,0.8216246103675134,0.1483425491741615,0.6271870956398358,1
10.10084268034251,95.29480830674694,2,173.56292352057028,0.20552820566880434,0.8560636997672838,0.6926387479975415,1
17.779445927222657,777.2592532675856,2,70.55194518574073,0.594178347035072,0.33473711000643674,0.2524573499946037,1
9.089131228619532,928.0363304863251,1,134.40740529442513,0.8014949959634501,0.49908347881480575,0.22427389440244927,1
37.03115463815849,1541.221855018642,1,119.12048352201975,0.16715388924942015,0.4909736928831069,0.3031201073354435,1
4.074203760660339,278.8998611089171,3,34.574276373683624,0.23239030756878282,0.7427941546810541,0.9191448011084637,0
7.809737611976276,502.494749051492,1,168.67431355916332,0.5602065198368193,0.1726334865043187,0.5774702157996565,1
21.532660871251704,76.19343223961748,1,16.34877760295274,0.5198521339432236,0.8241689909673658,0.05965259690458691,1
24.085160390549994,1412.2773052031628,3,279.3007734578435,0.15605345129485754,0.19104517757537343,0.4713781681745415,1
37.78352713049331,1552.2194364144661,1,56.64002514138027,0.7269571127682506,0.5526349274853893,0.3016773483472409,1
26.073296370900827,1018.2319033053411,2,238.58687221336774,0.20784613049061026,0.17667627022746607,0.7365043252076124,1
26.09289012447778,657.0144142024993,2,143.84131484906635,0.5216308290444134,0.3271466857769081,0.8977865740056743,1
19.023978234680634,231.2912914316733,3,112.23991602916882,0.49098268482235413,0.39094617942653076,0.9188112463968029,1
20.540167171921016,534.7898511306026,1,38.86668569624092,0.18227571076557295,0.8765039040677334,0.47288238654931236,1
11.53999490738228,420.33233205780414,2,217.84311965459415,0.5925838199084411,0.7996469023418171,0.63470548737239,1
34.37077816232677,1293.0998971282447,3,94.29102429993007,0.22688373590084232,0.45426346939540674,0.18457201655256505,1
40.17691516519508,957.3802328882375,1,694.0854769736353,0.12195859829139061,0.4977717474515949,0.3703095627014452,1
34.19880792370325,236.75013757384195,1,585.9608971056382,0.41949073016158367,0.48906002212075295,0.7993205394031498,1
19.467157563775036,1012.4861725330037,2,33.42108747245127,0.5568638086866986,0.10156573171113203,0.12377281522339989,1
36.87187333638193,1120.7158632430342,2,85.45011636829786,0.43575125299765843,0.4778125409423889,0.0035490146288491564,1
18.62634829385758,1345.5078610000235,1,11.74740455768697,0.5345073196493604,0.6794105249807784,0.1432779340990047,0
28.40170263660342,330.1329332004825,2,146.4295944395142,0.4897577279634172,0.34040181436270944,0.5204048927725319,1
32.910591106045345,284.9666082231497,1,39.178565358332385,0.7062573264673851,0.7266335488198334,0.6265166009723442,1
34.50179889091159,867.4058678938275,1,195.78781293211455,0.5231828277189454,0.6074110550395521,0.35817888901650674,1
40.29750231537248,1268.4880372763052,1,199.85719014108787,0.5441750723397328,0.3852770910647487,0.05601322676654674,1
22.187199488479095,433.2662805331774,1,35.90594374255657,0.5039177936307603,0.4226744755832028,0.9056148048637217,1
22.76527755765976,990.6650468403449,1,8.94843604201785,0.5369368311585236,0.6191385541119782,0.4352424813783241,1
14.019574236072181,1018.6387745263786,3,1.6242008964174228,0.5269214720170922,0.8336229532174109,0.16021528913311456,1
33.077127736988906,1260.1186563843253,1,73.70973166921735,0.2275439634400409,0.7504229776468745,0.4153322431022587,1
18.519835140939172,1345.3512870070667,1,312.0321158368589,0.8098464734631253,0.7744916756860565,0.2089021277642681,1
21.298411560607658,1169.1557512213055,2,60.157171031160466,0.5457713019810545,0.3915154476255207,0.27010886218747465,1
22.17419570386675,495.950278561521,2,319.8847390634469,0.7632673027072335,0.28783192640532074,0.4787326892825108,1
31.148710454126523,250.81693053492626,2,528.5483570315095,0.5813291569136453,0.27171958019853704,0.7876673723067611,1
24.032887051210217,1267.2855882493075,1,90.62949028339862,0.3350619425022115,0.404361960031991,0.8355611070579263,1
19.442768649655033,344.8369561413377,3,3.848041556393089,0.09528685406750714,0.6194624928576637,0.581723700055187,0
12.122620257273313,401.4072359866009,1,147.13470778539207,0.2756473547289611,0.2786359703240656,0.4086654174587755,1
37.7207103821456,443.1158840864191,1,543.2822045317147,0.5108950229759535,0.1954104890356196,0.6942290422601931,1
3.1396912837043103,1586.5927703543305,2,197.91787842209337,0.16459480381492822,0.6466147308718732,0.3655912059924932,1
31.63653488662384,1435.2639297315477,2,94.14998499312968,0.6514188111249846,0.39606753460741906,0.24541401708463062,1
18.59543044792519,610.9574314742448,2,127.85120884229696,0.40286939821008977,0.38646374863430155,0.43491303488417,1
15.78527240796476,1330.6480959788353,3,511.98918636103673,0.39456308660537737,0.7623015778117683,0.8334906585309357,1
20.357518750221878,1506.7054642880166,1,57.874008934264424,0.9314567022157744,0.751583217939911,0.4868727778391281,1
16.677066929465827,1178.3479338272405,1,1.9646885804847085,0.3232650620438936,0.6566073598323208,0.7967541849293837,1
36.20928997328197,87.99197343906349,1,19.18618236612867,0.7224753996605232,0.6419520950916269,0.9394343984532442,1
28.44873132327576,850.9717115077684,1,82.53119317715368,0.2514847195449389,0.39824109794310525,0.7856636876778934,1
12.058003702072739,1286.766555212879,2,70.69954124693638,0.581439735584722,0.4264660282860493,0.7177543324100332,1
12.201931568078257,1344.1171704064407,1,266.3899459883154,0.40294219703064843,0.7481679897748083,0.4699772198187624,1
9.903495863464679,727.4104599896519,2,83.10939575553262,0.5077663646582599,0.6060208391924273,0.2076586499416354,1
35.043512872497146,99.07724012676287,1,93.19580735420843,0.924940266679329,0.42601551820204386,0.8552488658842481,1
31.6423088092351,1128.7074119420352,1,35.02710525415506,0.8600430387847747,0.5171760705710781,0.14718194136744056,1
38.54796033346237,1566.0928677401162,1,128.92497573528559,0.5992235842089139,0.720942284561371,0.21115562223692663,1
27.055825178861557,207.83999915941436,3,74.38483367485765,0.25763729235311034,0.5011694860261997,0.8646682334664679,1
31.812091624338905,437.1937458607322,1,96.76635516957138,0.534401959349685,0.5461661347117812,0.6057708004488207,1
13.299523984693016,966.0869133256867,1,177.28040468191747,0.34578492324145543,0.39505550030420733,0.1145693051745057,1
5.272303226588803,1015.4320505107747,1,7.554433354732461,0.6638847912085094,0.24559107138741487,0.32605777968553895,1
20.751617535392505,829.9200466112264,1,141.74457442498868,0.3209715856846085,0.225136950218473,0.7562896305790833,1
22.13867284673118,217.32768114586094,2,44.84834498406096,0.4732623134709194,0.21808479998522748,0.9644465409813959,1
23.147139221796273,589.7834356681298,2,103.84642012233026,0.4360430201336892,0.5748777267573455,0.27582802471350387,1
36.901361998254366,1257.6093788527023,2,188.89828267631037,0.12254003021262673,0.38527991110507886,0.6091952204986586,1
13.986019708689383,1257.8262617244773,3,361.23908781076716,0.3878306241955478,0.14079318411565547,0.32007181909848403,1
35.0134469451297,741.1755947405493,1,467.0569765258576,0.1395202615174567,0.778692528254662,0.04633503975442288,1
15.962537883851608,585.655614568511,2,39.820971648466404,0.4791417642727323,0.703146504189597,0.5008307278055906,0
32.566434770898496,1585.3027176812616,1,52.11381364311996,0.7113729422767884,0.4734150548144841,0.47553062285646563,1
44.204573902421366,1492.6596329548897,1,145.12993200618442,0.31789243455952804,0.244152975209861,0.11634178988608201,1
45.8152112452087,170.675662925571,2,342.3640650516596,0.1026998640492333,0.748984394929616,0.39230732981837046,1
17.892508222604743,72.1292026202257,2,36.29065808918941,0.7789934877149536,0.621298187099984,0.0641099283052381,1
7.996542154177682,969.7951174171527,1,154.3783341682252,0.4154432669813275,0.16661197794031296,0.5911796630111416,1
27.231353782576566,583.8414108251278,1,33.857654483945026,0.7267508034918642,0.3498610731076486,0.5226962531502514,1
35.11618536838853,688.9668379098015,1,253.75745824446662,0.7308619673518122,0.5270406637302413,0.735806166896031,1
42.34229995147804,482.4671134768879,1,75.6488495499857,0.4125173220374204,0.8820017322783744,0.5591913093681298,1
24.229243453272492,1033.1561286654241,2,103.5436489652305,0.27645799968603296,0.6163088028442328,0.9817137645921459,1
20.941562073977583,78.20295838490136,1,391.9738569069686,0.48279854860381155,0.4544380858125735,0.31681607703942993,1
30.152944208299324,1342.426336070752,2,148.4710712183177,0.5964757870837385,0.7014523640236988,0.8619921035911295,1
32.23603707075911,1406.5921631633043,1,75.43993008484814,0.239793823749354,0.875143794749092,0.32266779072836216,1
38.584262164219965,664.007991886021,2,171.6456401201711,0.541636293338202,0.724518681148062,0.8625958259916441,1
15.621978487432303,1481.9260082151868,2,270.94300859789274,0.43111412300099217,0.47041443677716654,0.9703282154376666,1
45.06127839634201,790.7855774383662,3,40.400376039561664,0.8348258881032038,0.7035975777220244,0.8988378086946252,1
24.175879462074775,1553.5708655865135,1,8.027441733737223,0.8562915141287951,0.4719575428569155,0.7052333936118667,1
33.06310928719405,277.7067251322711,1,116.50574980033778,0.9749836648691411,0.6015858370670502,0.8459434147598869,1
15.412718660068295,719.2925926360688,2,154.15167901067068,0.374439448361658,0.591230789962221,0.2997059275584205,1
17.688681724727886,885.5920967648601,1,278.89566661012924,0.4467276345943993,0.29449260137794236,0.801064789551528,1
27.585501088446254,77.06847434583635,2,48.39616384922294,0.448453263456873,0.43178636341029586,0.1471246774278927,1
30.333755599134378,597.356037495231,1,28.673978983059463,0.15508746939705678,0.5357579445941624,0.31517062907535986,1
23.82364180779155,921.2005838111755,1,143.89700771906365,0.29653938497227883,0.4177285170301718,0.918433437545462,1
36.317972534620665,1010.690453472535,1,59.79315837077783,0.6232640968351588,0.2426237515831381,0.3623612362699502,1
28.160803956371776,1218.4719644517118,2,31.022801842423974,0.43560090994416456,0.6860027281815031,0.7658639588919637,1
13.55846273036367,1106.71527382791,1,422.90358932939444,0.3522955775487226,0.3012398549094482,0.449518914331406,1
28.8537894784448,655.1776625034878,2,98.14300469236898,0.746136819369086,0.5377766377037724,0.5230171495837367,1
36.465470056608055,321.73621427357546,2,307.64499269201025,0.3200581485489319,0.690986685408014,0.22005626696163627,1
11.677918209302405,792.3060163558389,1,79.98517893466939,0.40057720749223413,0.47797071046299966,0.6881073125053492,1
33.5946025395623,1040.4420679886634,1,72.06415712589911,0.31045427700193995,0.6241961959841102,0.8726677147098398,1
34.07272971079618,337.44278629467317,2,155.4468818089114,0.31077213615139865,0.4441125824217037,0.28187918699411063,1
31.098921921574178,1495.3328068052292,1,119.75358715090921,0.701228866846471,0.19648728500579635,0.4720224409338557,1
32.32663379131496,1210.6831484461466,2,246.53287269600665,0.6063164764939023,0.45288356236167704,0.8597314524640489,1
38.39642739025175,532.0780996018036,2,29.883013465184955,0.3616283627215591,0.5127774484271981,0.31224722557706397,1
15.372695940386851,485.3585747434778,3,368.49752868292325,0.1316793991766287,0.5613615428636947,0.7377616273839367,1
30.428527929987435,472.81173059953824,1,83.92146081772586,0.4722617548336946,0.5291586469195342,0.5040775159071048,1
16.056062859300866,183.28415574735095,3,338.8879657996669,0.42627025103405114,0.7969212232419984,0.39100898681917506,1
14.445966583549955,953.1141911462604,2,1.3563955959090757,0.463990853643114,0.8830351717283911,0.29248205365168845,0
38.38895804943224,1383.3183408252055,2,140.42886974412343,0.816718860271805,0.5360114454446462,0.1982163456663797,1
22.858608421892274,461.5325034272406,2,88.72314870207968,0.639010281376372,0.2965333529917376,0.24359618514481785,1
28.697928067292924,950.0659965485673,2,101.81537206749361,0.8060448326851237,0.6900912911842288,0.503672267014936,1
30.06763926628879,186.05049099420404,1,6.156977900920975,0.0400454372453347,0.5377259369624577,0.7130326715387413,1
42.6370751256085,1258.7236660277879,2,220.562318225387,0.3749991380845842,0.23282828241854797,0.4677768058269254,1
21.694740005793744,111.60427766492256,2,2.084885270666594,0.4338258288750622,0.43855263697654767,0.502564472206101,0
15.217886126825977,1228.1945988330642,2,21.523643384332548,0.4276785343060656,0.4472859076925396,0.42255296336808645,0
30.599004513119063,626.8047977444795,1,97.2118614335386,0.21045072612528712,0.4603137980881348,0.10196112658786638,1
27.04476750212591,1167.8425104437376,3,217.84159719380645,0.58893214273017,0.6448261116920548,0.012469439458945297,1
44.347411715838774,1136.93097865887,1,62.67394186545653,0.39066359511525844,0.4997649713011253,0.05922771126885218,1
11.640657808070653,1529.3282624046778,1,175.46616476116859,0.33588266533940053,0.7497527053612861,0.45480179496871154,1
34.21526620911321,1065.2647545774926,1,192.73556102759778,0.6037578613937438,0.5605549033107128,0.5076257023941496,1
11.872350759228825,969.7562665284764,2,106.29603775057895,0.3402389170498638,0.45878425140270374,0.0956356170042102,1
21.609335685651015,65.4486315447686,2,37.999570911048245,0.21660705529519084,0.11296074534749706,0.4612265793963667,1
24.954128185036595,641.8384552923103,1,34.150323234478144,0.09499791187011902,0.5864278419006496,0.4323625875721343,1
11.452936997718657,1514.7282612595563,2,47.72477508858983,0.2268574351328977,0.7439924480952136,0.11203397870383514,0
23.665834037215784,1127.4058946274442,2,112.60779148928252,0.7005889652401214,0.6824329305849831,0.5437048333804757,1
21.162081267423194,215.85283034400248,2,117.00189580803368,0.592293186625637,0.20163241021028916,0.44360628014586756,1
28.43161313562642,1466.0135841245444,1,75.30893535175177,0.29469685530041073,0.15417063448427887,0.6572617724470914,1
29.887080270640002,562.8911560814576,3,48.3566699702084,0.4182896092582024,0.8905336837390319,0.9462119846625853,1
16.205946097942356,763.8822642256738,1,107.27330426308102,0.6327482478015206,0.7795711424228208,0.7111256244099136,1
37.38084463968774,543.4254045333671,1,45.6934308758385,0.28061226931775946,0.18511694006303464,0.9462453103180487,1
16.377809865924256,1591.5944232771194,1,16.750508562577668,0.6628486230750384,0.21533912001785965,0.4375526354641105,1
20.043165386982878,1411.9319632304525,1,52.009803588387015,0.8513730750558113,0.4204401064259312,0.07917708915777855,1
3.8360832062448145,144.3014186298916,1,98.17254489817611,0.616116184912337,0.233550258647609,0.06716880981140694,1
16.40648745924366,694.0206262229308,1,268.93279763853343,0.7750851939492038,0.6649793541610511,0.6180452130036089,1
32.97448028435075,132.27827183425825,1,2.420603563708786,0.8041778158768766,0.8648324773953489,0.41602960371149256,1
18.688733055282444,589.9921684406464,1,38.99578160029586,0.31579239696254474,0.39685300248544686,0.9256025696745062,1
38.89159411322774,881.6046817099772,1,190.99733335290492,0.6691782186506167,0.46202981940994736,0.3730379296633005,1
22.14985532291689,1462.6729140915072,3,11.654712541517403,0.4646278933917015,0.43934444391018823,0.3880370466142731,1
9.973285866649814,1422.627715252725,2,127.44627204824158,0.4371275335345251,0.27294638649435543,0.8459679477882854,1
21.375246030951843,1422.7751080399703,1,135.02636580977742,0.8170035260626499,0.731700948949565,0.7397419237683311,1
29.54040922379694,703.3051516202011,2,5.9274028171137285,0.8355281233021619,0.24603599308818958,0.6163584962190252,1
26.104065294538007,118.98637441190678,1,134.08294004583402,0.5429298249785927,0.27744546519234914,0.087602446988294,1
26.343087770136226,796.0429337087751,2,6.261830661920602,0.24315924866904248,0.15582514708172238,0.5250538454939677,1
22.637516581888626,1129.7202926457371,1,121.98407902328543,0.8013111998946687,0.6010205187381968,0.05192984704170189,1
8.991641549438262,1260.884966783668,1,105.55857833344429,0.8218869591655461,0.5440647621178444,0.6739196032525803,1
32.292157997401006,666.6886232093646,2,419.5932582882092,0.4111228466565197,0.46740286144048726,0.02116429963128208,1
10.732488862570827,702.1063931802187,1,59.57844118016938,0.4735794415995899,0.5638440449388477,0.46863136774031056,1
34.79987881419056,1450.8245418774954,2,52.77991104117632,0.3791798531704674,0.3512604545201298,0.09888177580077973,1
26.743569723507964,664.4879479920177,2,63.24707487553911,0.2737434616340547,0.5787977858324019,0.2651932230654752,0
36.815597329963786,1201.772140650005,2,105.42658324106905,0.4865863194959956,0.6286227365722529,0.2394162249546129,1
11.861185042913753,366.68790690379456,2,103.16578420614591,0.8745246688653119,0.2834857106907529,0.11332889635961163,1
28.90602627905203,1150.24361653105,3,64.31129145456848,0.7165721104432363,0.1604347993816286,0.3177832140556217,1
30.102502967375987,1574.5103489849892,2,70.09068633359921,0.46834991775133156,0.23079517731768534,0.36456926430423175,1
32.24415597797494,1559.2093442777416,2,176.02422014500917,0.6265087409304205,0.3956266659787294,0.8558073481930634,1
40.71398030399505,411.69428318481255,1,38.72801855619281,0.6149379723593796,0.5190216874647501,0.5722348850449993,1
35.78326850873779,154.11124995794592,2,182.59806589532408,0.27131835239285007,0.4147002973927004,0.024014850712382962,1
14.093758968405888,280.7438108768181,1,41.464414885241375,0.2861504162026133,0.29247295693392417,0.6178914902242527,1
17.558562438953576,410.29923510913716,2,12.725825255469854,0.3160885828030106,0.14031955826970233,0.6131905248070427,0
16.35983647016193,970.4603385206763,2,351.4790660669012,0.7646241500084413,0.6079048541785361,0.280530070351082,1
28.3616282205249,283.5982565091238,3,170.9255270183783,0.49316485926621945,0.5643079985737972,0.09654547824144277,1
32.368469268853026,851.3627365795406,1,314.33687780637433,0.47371269747262884,0.8549579853416137,0.5596391733990599,1
31.82675457559116,1396.8433911590566,2,28.595244178357138,0.5622070238983976,0.601565659927079,0.4253918065682123,1
20.315302031197895,292.7718021810052,2,22.277528583571637,0.920817590720586,0.7261473156126538,0.14954516500392867,1
34.394033122771376,335.4736448734175,2,71.62982601690449,0.5420317348950698,0.32962411250689605,0.3322227207580609,1
26.94043755309869,77.5703093368654,2,27.449264724588165,0.21073653659719202,0.563232641243727,0.1235322805199719,1
41.88303163549109,1328.658041378773,3,449.7377791058316,0.5282721248441904,0.7677301310261914,0.8590008989847654,1
15.41807009257695,439.6215750334871,1,144.93562002484902,0.8381609186987324,0.7089056994796679,0.4936924566066647,1
16.58118262216983,251.43130032687316,3,61.27798218029667,0.295793549053874,0.2703760397141648,0.033435249800973454,1
15.411237810861868,1414.4958948235294,2,136.39581471030317,0.3400751302529499,0.630509125940274,0.02370298235655366,1
14.316247229289191,838.5731859450633,2,69.5002311783266,0.3034079192211667,0.8041480740344092,0.443827472770129,0
8.87198087928331,915.7854676057334,1,108.30535637014583,0.3881707447417668,0.33558685829597623,0.17840647941737164,1
35.54584559332844,75.18521497747366,1,176.38661594119807,0.39475743681764597,0.1051986855518332,0.4925341735802088,1
34.39741089492949,1164.8083437493683,1,58.97810269569501,0.8971971079513468,0.7041836144677961,0.054902029650902184,1
19.22399521464771,833.2748166191296,2,96.10702871672599,0.7520312982826587,0.8109583152973024,0.8447147339844648,1
25.116522314363287,729.2464666529088,2,50.580552287596845,0.3440207312893944,0.7730756907076316,0.9204571298763722,1
20.519859715750606,1218.9804026960023,2,62.50438814311132,0.47026006690452216,0.8536399387972397,0.9638341337447608,1
35.708270610020065,1465.164576463537,1,79.11316027943825,0.25139931691738926,0.6797976043298638,0.5995185595188518,1
25.29247392233133,1089.1124972673383,3,48.731896461516406,0.5503360842985867,0.17930251312353215,0.5429843339482004,1
27.272201980145205,289.9577571896229,2,324.21770053889185,0.21278018847044802,0.28750657531733187,0.06701931121652094,1
21.975808543275146,605.2013286614605,3,161.73599639155492,0.2545060683764089,0.48332658251694116,0.3822017719534295,1
40.798661638661216,681.5310245414265,2,29.904140550607703,0.3554781889599118,0.2785790268406319,0.1943783380904761,1
16.03816471916357,379.4041517416719,1,261.48726949210635,0.6847769054764052,0.6899301391532718,0.14176447716714446,1
39.63582897553111,181.53809295268488,3,481.0264746749939,0.3745904027922249,0.47003201628348,0.7281874185043893,1
18.53448109188871,690.476437334969,1,18.58636224805135,0.8911118013043141,0.8383873068435195,0.40831957133170327,1
35.774305343021425,161.07009827236254,1,199.8144304496129,0.26977728104852755,0.262558320956205,0.12133259154155174,1
12.932286725818619,1293.540319028834,2,175.92918599119642,0.9427664530906648,0.40635967478081125,0.7007636309219802,1
35.92070343048091,759.229385584644,1,273.2890024881647,0.28409875426494346,0.10469182571196206,0.670638304875407,1
28.538570721632787,530.9447321760774,2,27.147837576136936,0.9509617636402301,0.6371386584448754,0.5357400650021765,1
36.66705434682261,1272.3106220228551,1,206.0732442005595,0.27626018138906866,0.2400796701679563,0.8618976341517031,1
21.560936339360154,391.08780961154474,2,0.4706783547572903,0.12950438954936688,0.18323374893581104,0.874433761078053,1
18.974412285906617,1248.733306791944,1,43.722529248921965,0.7717737383185841,0.4692909899684795,0.12116505030695757,1
31.420399839988985,1585.939435331314,3,30.32454188655438,0.17085674776724064,0.472590072901632,0.5444037518731649,1
13.99753953245856,152.19451542572722,2,29.70451349251677,0.39894045450619453,0.7392313213954884,0.8314996410520077,1
42.216279538284994,584.773287067475,3,13.22355929383103,0.7095992922978202,0.25918118228870624,0.49637819728121046,1
13.462402821892999,1162.3592819051637,1,50.028021768134025,0.8545794089035852,0.39030971274385606,0.3670432541675651,1
36.42607649570279,922.2470490055941,2,51.82128126834556,0.7654520874721455,0.5878251559915588,0.9791181894207633,1
32.14184999404171,1024.1032815041417,2,17.079491036616297,0.8855111711244231,0.22623433077437563,0.5797690198206745,1
20.791258043195494,440.25085009715553,1,25.077499858958095,0.527940976135663,0.24710413948526747,0.21380220738174538,1
12.95344251947072,1465.9488177092753,1,40.552336526034345,0.1548916951028702,0.5237830116390464,0.08609433677949008,0
12.864718635330313,390.6383138567729,1,36.3950647267851,0.4311465782485474,0.8893528673749044,0.8577348961654874,1
16.38828803266614,199.26302557557932,1,122.53033162631523,0.6569587607041927,0.6950530296977067,0.4508087098678982,1
34.99778416225506,315.96320399965384,1,185.7696230906688,0.7526665523656934,0.6345708397087941,0.719331568161967,1
27.450411387222236,1304.3874519440571,2,27.035921927701754,0.9302981842313354,0.8367671994636579,0.16802533945114584,1
32.74549827332696,1194.4330913085755,1,83.68534468757777,0.09115579462288131,0.2020539523414917,0.4883834125357135,1
27.4506525675581,620.887933085229,2,29.11134221940706,0.9126054654556572,0.46824095509287755,0.7792859172930119,1
7.772144001125942,548.5189598657,3,20.705897756440745,0.4718701134598116,0.4387826247542801,0.484611765602185,1
31.8340454687447,811.0802398188764,2,38.53516997846075,0.15893457010057926,0.5258706965852186,0.4099417761974602,1
1.6468437497499124,980.3634500814267,3,70.81703138817268,0.47964103961977167,0.2834191147340388,0.8887012227130293,0
27.521670838287054,521.6698630154691,1,73.26163254926648,0.4036373855137653,0.6769000497781301,0.15217753807635248,1
16.214383011318784,1370.2243346845316,1,101.6065504327355,0.46217845332443763,0.48443069252387905,0.3497716258315746,1
27.4049345804899,352.5246922529077,1,20.558509774534247,0.6132732791327652,0.777903965374484,0.31626300786144446,1
44.345966721647805,251.9281283952353,2,70.6440592999641,0.23881591309876907,0.5782730981544548,0.9965404937022555,1
46.93849569081429,1421.303101595876,3,68.97040520373055,0.5210276690630556,0.6175214407780449,0.9607661113977385,1
18.993507542961652,1475.5460762233167,1,371.5472692256237,0.8372475795898452,0.24198488153232472,0.22732144641517527,1
35.73491293678898,345.957385490848,2,32.745940405222576,0.399204074488046,0.8139251442636903,0.9843521423176673,1
28.616433686554938,1455.097177508737,1,100.6023147035084,0.5786649831609207,0.8222345441942616,0.11896503610393538,1
20.884292124349567,815.2170529082529,2,70.49453078235076,0.3629475965306367,0.3849651533499756,0.7157314044721097,1
19.405641749128886,1513.2205123700485,2,1.015109224213275,0.6430471976072712,0.7301552602687371,0.42867077330759185,1
25.837882490597174,879.1837167527466,2,86.86697632574364,0.6899016041831996,0.8170379614470064,0.7034877413947535,1
38.502360261282725,830.833365677251,3,2.1552531318876955,0.698132428816901,0.5948866225403052,0.5455620818832349,1
43.263989221683204,393.1401576793721,2,49.36395532830515,0.2764848997745463,0.18923836038787947,0.9249726645920077,1
9.75181217102672,481.3297838705054,1,369.4186852024869,0.22394331859788955,0.15289627515449722,0.32411498690101725,1
4.646237841518932,665.2109483017246,1,170.53962407470007,0.5500778246975937,0.5569332357146026,0.15898949875486268,1
28.498787289906204,286.60059003151844,2,83.70539683583485,0.15805143615251113,0.45481744255581436,0.6313601903196111,1
16.133860161951358,1442.4328209087134,2,30.505163201850458,0.3688024198915169,0.1954398180296245,0.7319231778553285,1
31.305141690066243,1369.4082029125625,1,230.86011834383933,0.2603511526978201,0.37623069796957964,0.16151976646754518,1
17.106818946627353,696.2989596364351,1,145.9055535687999,0.6131336107740277,0.5257403035627644,0.9245903313453533,1
23.381398791528152,466.08498305948257,3,207.98885876278885,0.5819911745231375,0.7927671508595372,0.7590073787924563,1
38.99067114007967,53.96185572945201,2,58.483950600435094,0.5835014136431577,0.8105594803352052,0.6200248768768738,1
7.731285433818711,1142.4461055846994,2,36.16147266586329,0.31604910467899944,0.8695631857488859,0.2034526014499829,0
35.57245511170579,1300.0279508681713,1,368.3434858592645,0.4541346408027385,0.8006553260234733,0.5133076062529476,1
27.050034435123237,967.5386525151371,2,204.70538728044113,0.5268254227315302,0.519047440595645,0.00047415707211118097,1
42.61486944199723,194.9311182898593,1,23.55760284665818,0.2092398662189185,0.64457139258965,0.2678490786155673,1
44.74719131129949,556.9323815152263,3,2.968083112854622,0.8393727591627907,0.8342463526979372,0.23201908235284152,1
44.28936533041951,350.9458646401585,2,35.561262917924395,0.27875067439791845,0.22032186998425196,0.13320317554211314,1
28.45419752077594,723.2608506165047,2,19.934472540213505,0.5071594039816442,0.46130091445592336,0.2576902307132556,1
26.15751260941471,1001.7642069110078,1,105.29580456085694,0.7607244247766707,0.7544503071805025,0.32435004897839115,1
35.054088140155685,522.9424146876834,2,183.77957223978504,0.7540849944361835,0.5867284531888334,0.028697111475361137,1
16.76250715715036,865.1305045259163,1,124.63329239413642,0.23224054197605434,0.5907577950532564,0.8274680238141763,1
30.575753650172796,616.5183400152715,3,203.939660336001,0.791129780972552,0.6577731716792474,0.521222118713831,1
28.88866067248198,349.611071863663,3,76.2570166018221,0.494969042645735,0.7561598258660565,0.21628187285128375,0
37.48504179338081,1272.9349463752912,1,58.55472769950744,0.45026740123025755,0.28804355292887895,0.8403894806167258,1
28.85199519810002,248.97885910763574,2,166.52909688325929,0.4696621080538177,0.27892898603926125,0.819614069759061,1
7.828383822068467,967.2395046558354,1,12.617795229403484,0.6706579086433926,0.32023291169241364,0.4150820478827941,0
17.532991390199978,62.45325445881865,1,30.37877282670396,0.5818658292928147,0.673255543513542,0.7027208240014025,1
23.022181868285504,1062.357895772669,2,52.96825578983259,0.42741918316852323,0.2906604462921567,0.25537733584882416,1
39.52083376652597,297.71722783569595,1,24.467187086741426,0.7504415426665496,0.4908954434253471,0.4031546411664817,1
31.341774193754596,1208.9066076572535,2,109.16124702781384,0.49833790443065223,0.7957083139904916,0.16065016760157014,1
40.34121123014266,329.22621742438145,2,51.8819297773909,0.24165593676333164,0.1991895944937202,0.7952582932169984,1
32.340576691303525,751.4053640804124,3,133.04688490240835,0.3046091835881663,0.7672625172230503,0.7208404372421939,1
9.615734408896927,515.8538768473544,1,14.155805596775238,0.28681719024726426,0.8142013803415636,0.1931657447287939,1
8.269349631465097,679.6024946286304,1,144.10696703566367,0.3243447553407473,0.8976349292098483,0.9518713371907054,1
11.925176704718202,1489.9516308349312,1,11.412054906664853,0.3291594613174507,0.5055066475171998,0.9611213109605475,1
6.8285244481942735,1038.1045607341216,2,338.21129089249564,0.6322246660437801,0.48184145850195326,0.7329931009083014,1
39.77307532341415,608.5197156627363,1,266.83710854057654,0.1940843014385488,0.4674802091240823,0.6738493183004913,1
26.965607776992503,1297.8161940716993,1,323.08488879904934,0.37775879609082613,0.48162223336026777,0.8011455481914131,1
24.315797181572833,571.4072409309123,2,133.06631188932062,0.5611256703881268,0.2692830125458877,0.27852116339889477,1
6.400518517794659,190.14649166736157,1,92.03024773234998,0.37375878278175484,0.7202362934724694,0.9844474568805912,1
22.46092106239894,158.59114882077102,2,165.60542597124032,0.37624970169494726,0.8844028079056155,0.9960530502154656,1
16.021620686065464,1008.778807422694,2,28.292564858465767,0.24747225843927265,0.5107339314412143,0.36420640864329856,1
34.138726193576886,1300.3210323352423,1,20.628550449776817,0.865367100705835,0.2066184614963983,0.0435610885137796,1
18.324452869253147,203.0614544918669,2,131.2269094569522,0.4849236833453822,0.7091354193952178,0.09945504790705295,1
34.33055794759743,1169.6980035738852,2,49.315453011267635,0.49152999446975376,0.8431106066408541,0.3948752652056199,1
30.258220211893295,96.10910136478981,3,237.16978937981952,0.457709393633096,0.2725490933863968,0.06410976259401557,1
30.317919989006523,1347.1762750679443,1,352.31277948472734,0.2417367078852914,0.41672190965449907,0.3640007761233125,1
19.82885247971241,456.9440792098107,3,94.51413492069585,0.4205648034199018,0.6586284381240857,0.1986645412981397,1
7.426916184657299,1000.3474196623423,1,32.22304159648918,0.7135451363568859,0.7013059558414433,0.9489546183426179,1
3.6237128484562198,59.390670584643416,2,83.03295091585898,0.43150186532893703,0.3322704369040393,0.19368146314168488,1
27.931484692079767,477.06947253135303,1,102.15890373710056,0.45615062185159955,0.8111713974455314,0.576382184616684,1
15.218187122997618,527.0203277724654,1,26.62714265933559,0.8733529330950945,0.33188049017571575,0.8721171249606618,1
39.47848690298935,578.0827333172095,1,66.01830211861737,0.6708085920359647,0.3992093282672776,0.9624199241285577,1
17.706296756465374,1450.2395940806853,3,44.41435858549876,0.3267595088427316,0.8901661927634701,0.7987028682401385,1
17.471972071078927,1334.5383706808527,2,64.17857667616973,0.17215686433107535,0.2467512292483531,0.5932360818207643,0
20.700499596240018,1178.8279383777558,2,173.68395260173762,0.4761817821031745,0.7785476789081862,0.2128108406050252,1
26.334375550205785,643.2590018054345,2,278.156022294697,0.32466622828227093,0.5118070630718212,0.1402083441381392,1
35.487741635555466,1149.2385322268979,2,279.98041658617296,0.2757821262223906,0.1794160740131809,0.23581826016682494,1
38.23838101167792,1539.633183725524,1,175.27192950714783,0.6520538669048134,0.37877646999366743,0.680294040544852,1
10.770855860842198,137.70762967492294,1,82.28999708040058,0.2111217315302046,0.8312193358834502,0.7156967586653877,0
14.84795643484151,1249.1635306417693,3,13.280060711670625,0.3321520826409512,0.5706204756007071,0.11189082149994578,0
33.620976789885844,199.9291600881674,2,60.78597430247987,0.4233930447458855,0.5972561945245319,0.33576905416183545,1
30.15729704803085,1599.3641629609754,1,145.43870084754678,0.8754699340855477,0.12657898253436617,0.8011663209565142,1
39.232214296835274,644.1912235589973,1,24.938635178100743,0.8378151515311346,0.8830089860591198,0.11336593757718727,1
32.37417153211675,644.8681751310783,1,154.4601531243164,0.821409871397702,0.388772108869876,0.27510638256092435,1
19.49191912424287,935.3697427191446,2,16.796229993317752,0.4423718588310987,0.886578757639385,0.37584402150214924,1
25.157224057147445,1543.6633824828104,1,50.218291595138666,0.8063587225563107,0.571294309623764,0.8836129021084803,1
20.678759087349324,575.5980165988082,2,38.89156731981044,0.9125850333637265,0.21024105976286897,0.04394785792046929,1
32.387337760094425,435.37842165083117,1,32.65004997599951,0.8265362761118984,0.2820766691877492,0.1350926535736725,1
10.937915049027183,1300.8840998327119,1,42.963848812495975,0.6560709103429411,0.8125635630447023,0.44958756012890555,1
5.683528640798326,308.170217036892,1,87.28841115546523,0.43769426666659955,0.6508556327819128,0.4141736336817041,1
10.55562886671762,1290.155912902141,2,6.8181132213994635,0.5221422180852373,0.3038728219701382,0.5374039694135855,1
14.3437965459871,1507.6623525137386,1,44.73803787874163,0.7323024970482462,0.4443689305020072,0.1973515792161714,1
29.780729251031715,1297.1814623962457,1,111.15696545570395,0.6804802878816729,0.7793494080924267,0.5214716848615395,1
18.367384099652742,731.5961221005982,1,104.63952999149132,0.42582052032331963,0.422726010882405,0.20165962352879185,1
18.366890572241136,1080.1189943727848,2,173.3567239046721,0.3820100196834412,0.5342975104567674,0.4768638910430477,1
14.562936301596938,1511.1939375778873,1,41.21896751830145,0.3371638157519251,0.2632184545893166,0.20438012036382958,1
1.8974408819609188,505.41358930341175,2,54.74458246646132,0.45946188189464365,0.7709892437551926,0.4818026124252942,0
27.12777850946003,671.983076191315,1,51.31603352320696,0.11813536429312937,0.6010619975860017,0.06507387013300103,1
39.407484382398735,1475.959165384291,1,24.356502520532636,0.6201148351531133,0.13649286310869693,0.09263353492448145,1
27.938026478330237,1328.7385359831776,2,157.37356795372193,0.4141764027322504,0.18900872454907847,0.45002767179310266,0
16.255390883265974,173.3075983494121,3,105.20473530600728,0.39746912915256516,0.24001878600203144,0.338400374996898,1
32.145252594055535,381.84700079255657,1,156.89220460191515,0.7343285721105569,0.46943749693475245,0.9630118504340647,1
18.554114052365776,678.6205926102405,1,186.47266578351102,0.3335175532565297,0.40750686469178776,0.5588094050240507,1
19.009998104689164,796.8532388330499,1,19.297147052228716,0.3019135806866509,0.4606375256387907,0.911073924633212,1
24.63323395313699,1165.049474754488,1,89.69219443512497,0.6088375208186325,0.5546416669536128,0.275361574407624,1
20.650446319160718,692.6031400363462,2,84.62468953007982,0.8617818423330104,0.23185943547650983,0.5443292502076245,1
3.1362242148060444,1056.931442593298,1,125.4105664644028,0.6266169553527416,0.7056624005894764,0.1298072705060126,1
17.738322011739374,1319.1640138124078,1,25.251575997547068,0.2467566832165149,0.8389198739185175,0.43859751087395715,1
39.61517946149917,1394.747067360606,1,136.29098285244473,0.5774323703844393,0.17753320299891373,0.8823956244716779,1
33.12341100833601,694.678454142422,2,1.2811655270516524,0.6281176975192602,0.36858127974390686,0.9746746690728293,1
7.006196988882422,172.91122539669175,2,86.93260850016492,0.39437474840276315,0.4819501397681931,0.1977078188327469,1
10.086071521398754,1401.954457951215,2,9.102604723192142,0.45097177034784575,0.365782473367806,0.8322325701485781,0
26.75893735442807,509.5798289357476,1,141.08373353262104,0.7841340387272311,0.4052496416504051,0.7058876080755827,1
15.186597512848326,84.30652007412527,1,53.59922122108178,0.4336531653112865,0.5281481559666632,0.8243908771213864,1
35.50740796853439,307.73548450496094,1,98.11988306795755,0.6467013655302087,0.3264072244282857,0.8087602494427455,1
22.73493733862692,1079.3059534521337,2,13.544183259083093,0.7617185314342338,0.33187449379742373,0.9700298714048328,1
29.48760720774386,1517.3335972706554,2,185.189751925236,0.5066931162768153,0.769030111843973,0.25556605961152923,1
6.224681976222034,1290.2829244699215,1,343.5852233459226,0.17297072407979153,0.40830318543655997,0.5804629995551097,1
18.074916285824507,890.0856991435662,2,62.04680916586205,0.2882226315775474,0.17450657952349868,0.17566343097642334,1
24.45202158773117,1471.932292157894,1,33.58804820752514,0.5660764232142695,0.7295429818326821,0.8499388544789167,1
